date,open,high,low,close,volume
2025-04-28 09:15:00+05:30,54610.3,55283.8,54582.35,55141.65,0
2025-04-28 09:45:00+05:30,55140.9,55293.55,55127.75,55288.2,0
2025-04-28 10:15:00+05:30,55289.4,55328.65,55183.5,55261.35,0
2025-04-28 10:45:00+05:30,55262.6,55303.85,55159.2,55168.8,0
2025-04-28 11:15:00+05:30,55169.55,55284.65,55121.6,55262.35,0
2025-04-28 11:45:00+05:30,55262.6,55390.9,55262.6,55349.35,0
2025-04-28 12:15:00+05:30,55347.95,55518.45,55343.35,55452.1,0
2025-04-28 12:45:00+05:30,55458.25,55577.4,55436.45,55514.75,0
2025-04-28 13:15:00+05:30,55519.7,55519.7,55423.15,55493.0,0
2025-04-28 13:45:00+05:30,55489.65,55520.65,55439.4,55511.05,0
2025-04-28 14:15:00+05:30,55519.25,55527.1,55323.8,55350.95,0
2025-04-28 14:45:00+05:30,55355.85,55488.85,55316.15,55422.4,0
2025-04-28 15:15:00+05:30,55422.25,55446.6,55377.5,55428.1,0
2025-04-29 09:15:00+05:30,55524.35,55957.75,55473.7,55521.4,0
2025-04-29 09:45:00+05:30,55526.9,55708.55,55494.2,55529.05,0
2025-04-29 10:15:00+05:30,55530.5,55549.4,55387.45,55388.7,0
2025-04-29 10:45:00+05:30,55391.05,55514.3,55370.55,55454.95,0
2025-04-29 11:15:00+05:30,55454.75,55482.85,55343.95,55434.75,0
2025-04-29 11:45:00+05:30,55436.75,55440.05,55306.2,55352.25,0
2025-04-29 12:15:00+05:30,55352.6,55449.5,55288.25,55428.8,0
2025-04-29 12:45:00+05:30,55416.7,55548.45,55386.75,55460.0,0
2025-04-29 13:15:00+05:30,55459.2,55479.3,55402.65,55416.75,0
2025-04-29 13:45:00+05:30,55417.0,55461.8,55402.7,55446.65,0
2025-04-29 14:15:00+05:30,55447.5,55523.7,55434.0,55485.15,0
2025-04-29 14:45:00+05:30,55483.5,55492.4,55391.8,55392.55,0
2025-04-29 15:15:00+05:30,55390.65,55400.15,55262.4,55301.1,0
2025-04-30 09:15:00+05:30,55382.4,55417.55,55093.2,55340.7,0
2025-04-30 09:45:00+05:30,55335.45,55478.25,55240.85,55247.8,0
2025-04-30 10:15:00+05:30,55249.4,55291.75,55047.3,55135.9,0
2025-04-30 10:45:00+05:30,55138.1,55241.4,55106.75,55158.4,0
2025-04-30 11:15:00+05:30,55159.7,55254.2,55133.25,55184.4,0
2025-04-30 11:45:00+05:30,55184.7,55185.45,55115.95,55131.4,0
2025-04-30 12:15:00+05:30,55132.35,55270.0,55103.95,55246.35,0
2025-04-30 12:45:00+05:30,55246.75,55283.95,55207.2,55225.65,0
2025-04-30 13:15:00+05:30,55222.0,55248.2,55159.15,55240.2,0
2025-04-30 13:45:00+05:30,55237.0,55252.15,55135.3,55170.85,0
2025-04-30 14:15:00+05:30,55171.35,55174.15,55092.75,55142.5,0
2025-04-30 14:45:00+05:30,55142.3,55233.65,55105.35,55136.65,0
2025-04-30 15:15:00+05:30,55138.2,55146.95,54723.7,55087.15,0
2025-05-02 09:15:00+05:30,55100.95,55691.95,55099.05,55522.4,0
2025-05-02 09:45:00+05:30,55521.4,55593.0,55476.4,55579.9,0
2025-05-02 10:15:00+05:30,55579.75,55594.8,55427.85,55510.1,0
2025-05-02 10:45:00+05:30,55509.7,55529.0,55321.6,55370.45,0
2025-05-02 11:15:00+05:30,55370.2,55422.0,55177.65,55190.9,0
2025-05-02 11:45:00+05:30,55191.85,55263.9,55144.2,55173.75,0
2025-05-02 12:15:00+05:30,55170.9,55181.05,54994.4,55092.1,0
2025-05-02 12:45:00+05:30,55093.2,55185.9,55051.6,55073.25,0
2025-05-02 13:15:00+05:30,55072.8,55290.75,55072.8,55242.7,0
2025-05-02 13:45:00+05:30,55241.9,55279.15,55168.6,55227.6,0
2025-05-02 14:15:00+05:30,55226.8,55244.9,54997.0,55095.95,0
2025-05-02 14:45:00+05:30,55090.55,55246.85,55077.95,55177.6,0
2025-05-02 15:15:00+05:30,55175.25,55183.1,55037.3,55055.15,0
2025-05-05 09:15:00+05:30,55065.8,55345.5,54891.35,55017.85,0
2025-05-05 09:45:00+05:30,55018.3,55136.9,54939.6,55038.9,0
2025-05-05 10:15:00+05:30,55043.2,55180.0,55026.1,55148.35,0
2025-05-05 10:45:00+05:30,55146.25,55154.0,54932.5,54975.8,0
2025-05-05 11:15:00+05:30,54979.7,54992.3,54857.9,54911.5,0
2025-05-05 11:45:00+05:30,54912.85,54925.4,54824.6,54875.05,0
2025-05-05 12:15:00+05:30,54876.05,54880.9,54795.25,54820.0,0
2025-05-05 12:45:00+05:30,54824.1,54930.55,54786.5,54895.35,0
2025-05-05 13:15:00+05:30,54889.8,54979.1,54859.0,54968.25,0
2025-05-05 13:45:00+05:30,54965.9,55048.0,54956.6,55005.6,0
2025-05-05 14:15:00+05:30,55004.25,55081.15,54933.3,55005.4,0
2025-05-05 14:45:00+05:30,55005.9,55035.75,54880.15,54904.9,0
2025-05-05 15:15:00+05:30,54904.25,54963.0,54895.2,54907.2,0
2025-05-05 15:45:00+05:30,54919.5,54919.5,54919.5,54919.5,0
2025-05-06 09:15:00+05:30,54918.25,55036.95,54677.25,54699.3,0
2025-05-06 09:45:00+05:30,54696.25,54736.7,54600.15,54601.0,0
2025-05-06 10:15:00+05:30,54595.2,54601.2,54495.75,54536.05,0
2025-05-06 10:45:00+05:30,54536.5,54580.65,54487.65,54534.15,0
2025-05-06 11:15:00+05:30,54532.8,54545.75,54400.6,54445.35,0
2025-05-06 11:45:00+05:30,54448.9,54519.55,54423.2,54515.05,0
2025-05-06 12:15:00+05:30,54515.55,54570.55,54477.6,54490.35,0
2025-05-06 12:45:00+05:30,54489.2,54519.45,54453.5,54498.25,0
2025-05-06 13:15:00+05:30,54499.25,54537.75,54465.15,54517.2,0
2025-05-06 13:45:00+05:30,54510.95,54583.25,54483.85,54512.4,0
2025-05-06 14:15:00+05:30,54517.6,54522.5,54383.3,54414.15,0
2025-05-06 14:45:00+05:30,54412.5,54413.6,54244.8,54284.45,0
2025-05-06 15:15:00+05:30,54284.35,54290.4,54172.95,54183.85,0
2025-05-07 09:15:00+05:30,54013.4,54672.9,53919.9,54567.65,0
2025-05-07 09:45:00+05:30,54567.6,54586.95,54261.45,54307.35,0
2025-05-07 10:15:00+05:30,54306.9,54363.65,54222.2,54331.8,0
2025-05-07 10:45:00+05:30,54333.2,54389.7,54244.2,54326.85,0
2025-05-07 11:15:00+05:30,54326.75,54477.85,54326.75,54414.65,0
2025-05-07 11:45:00+05:30,54412.0,54413.95,54291.45,54337.5,0
2025-05-07 12:15:00+05:30,54338.05,54389.45,54286.75,54289.7,0
2025-05-07 12:45:00+05:30,54290.0,54357.05,54226.6,54271.5,0
2025-05-07 13:15:00+05:30,54271.05,54313.2,54257.85,54291.95,0
2025-05-07 13:45:00+05:30,54297.0,54459.8,54263.9,54410.1,0
2025-05-07 14:15:00+05:30,54419.05,54502.95,54326.05,54495.6,0
2025-05-07 14:45:00+05:30,54499.6,54605.0,54439.65,54597.65,0
2025-05-07 15:15:00+05:30,54597.15,54684.3,54594.25,54632.95,0
2025-05-08 09:15:00+05:30,54801.75,54937.25,54600.5,54726.4,0
2025-05-08 09:45:00+05:30,54727.2,54780.65,54648.9,54763.5,0
2025-05-08 10:15:00+05:30,54760.3,54870.25,54733.4,54815.95,0
2025-05-08 10:45:00+05:30,54812.0,54837.5,54768.4,54781.75,0
2025-05-08 11:15:00+05:30,54781.25,54802.75,54738.85,54755.95,0
2025-05-08 11:45:00+05:30,54755.95,54762.7,54698.65,54743.1,0
2025-05-08 12:15:00+05:30,54740.95,54796.45,54719.0,54765.85,0
2025-05-08 12:45:00+05:30,54763.0,54849.1,54753.25,54791.85,0
2025-05-08 13:15:00+05:30,54791.85,54842.85,54639.3,54649.3,0
2025-05-08 13:45:00+05:30,54646.1,54674.4,54517.0,54540.2,0
2025-05-08 14:15:00+05:30,54536.9,54653.2,54531.5,54627.95,0
2025-05-08 14:45:00+05:30,54621.65,54637.0,54342.4,54467.8,0
2025-05-08 15:15:00+05:30,54466.4,54470.05,54108.0,54141.75,0
2025-05-09 09:15:00+05:30,53595.95,54054.8,53525.5,53763.45,0
2025-05-09 09:45:00+05:30,53770.4,53800.25,53547.55,53769.8,0
2025-05-09 10:15:00+05:30,53766.3,53843.7,53650.0,53658.0,0
2025-05-09 10:45:00+05:30,53658.1,53743.55,53622.15,53713.35,0
2025-05-09 11:15:00+05:30,53713.8,53920.85,53653.0,53702.9,0
2025-05-09 11:45:00+05:30,53701.2,53720.6,53604.6,53716.3,0
2025-05-09 12:15:00+05:30,53717.4,53738.25,53630.9,53654.9,0
2025-05-09 12:45:00+05:30,53653.65,53710.5,53584.0,53615.1,0
2025-05-09 13:15:00+05:30,53614.3,53660.0,53533.75,53579.0,0
2025-05-09 13:45:00+05:30,53578.7,53657.2,53553.65,53590.0,0
2025-05-09 14:15:00+05:30,53589.4,53643.85,53483.05,53563.25,0
2025-05-09 14:45:00+05:30,53564.2,53622.1,53557.5,53589.5,0
2025-05-09 15:15:00+05:30,53582.65,53676.8,53573.15,53674.05,0
2025-05-12 09:15:00+05:30,54658.75,55160.6,54558.05,55023.35,0
2025-05-12 09:45:00+05:30,55025.8,55292.8,55023.5,55146.4,0
2025-05-12 10:15:00+05:30,55148.35,55238.5,55135.3,55233.15,0
2025-05-12 10:45:00+05:30,55229.7,55347.6,55196.5,55304.55,0
2025-05-12 11:15:00+05:30,55306.15,55392.75,55205.75,55237.05,0
2025-05-12 11:45:00+05:30,55241.5,55242.5,55134.9,55150.55,0
2025-05-12 12:15:00+05:30,55155.4,55336.75,55123.45,55275.35,0
2025-05-12 12:45:00+05:30,55273.95,55281.45,55185.65,55189.9,0
2025-05-12 13:15:00+05:30,55192.6,55274.35,55184.2,55230.95,0
2025-05-12 13:45:00+05:30,55225.5,55291.95,55187.9,55291.25,0
2025-05-12 14:15:00+05:30,55289.75,55373.4,55227.75,55259.25,0
2025-05-12 14:45:00+05:30,55258.45,55377.0,55244.65,55325.0,0
2025-05-12 15:15:00+05:30,55324.7,55466.3,55320.65,55411.3,0
2025-05-13 09:15:00+05:30,55233.5,55499.65,54981.9,55134.85,0
2025-05-13 09:45:00+05:30,55138.55,55214.45,54997.25,55182.05,0
2025-05-13 10:15:00+05:30,55176.35,55211.75,54944.9,55073.55,0
2025-05-13 10:45:00+05:30,55074.95,55314.0,55040.2,55108.8,0
2025-05-13 11:15:00+05:30,55107.7,55332.0,55107.65,55168.45,0
2025-05-13 11:45:00+05:30,55170.15,55219.15,55087.85,55171.35,0
2025-05-13 12:15:00+05:30,55168.35,55211.55,54985.8,54995.5,0
2025-05-13 12:45:00+05:30,54996.6,55047.8,54924.9,54990.8,0
2025-05-13 13:15:00+05:30,54986.95,54997.05,54897.85,54978.7,0
2025-05-13 13:45:00+05:30,54982.6,54982.6,54889.2,54947.3,0
2025-05-13 14:15:00+05:30,54946.5,54982.9,54894.45,54951.2,0
2025-05-13 14:45:00+05:30,54948.05,55038.05,54895.65,54929.7,0
2025-05-13 15:15:00+05:30,54932.75,54984.65,54888.5,54964.45,0
2025-05-13 15:45:00+05:30,54940.85,54940.85,54940.85,54940.85,0
2025-05-14 09:15:00+05:30,55008.55,55208.6,54918.2,55049.6,0
2025-05-14 09:45:00+05:30,55050.85,55089.3,54885.15,55089.3,0
2025-05-14 10:15:00+05:30,55084.55,55094.1,54966.8,55047.8,0
2025-05-14 10:45:00+05:30,55042.15,55052.3,54951.65,55012.85,0
2025-05-14 11:15:00+05:30,55008.35,55033.95,54933.35,54940.25,0
2025-05-14 11:45:00+05:30,54939.6,54942.5,54805.2,54842.85,0
2025-05-14 12:15:00+05:30,54842.3,54845.0,54674.85,54720.15,0
2025-05-14 12:45:00+05:30,54719.7,54721.25,54491.0,54682.95,0
2025-05-14 13:15:00+05:30,54682.85,54711.55,54591.6,54641.3,0
2025-05-14 13:45:00+05:30,54640.85,54660.25,54582.7,54654.95,0
2025-05-14 14:15:00+05:30,54655.15,54741.2,54578.6,54668.2,0
2025-05-14 14:45:00+05:30,54669.0,54831.2,54655.05,54808.15,0
2025-05-14 15:15:00+05:30,54810.8,54898.8,54759.4,54860.55,0
2025-05-15 09:15:00+05:30,54853.7,54935.15,54504.85,54524.35,0
2025-05-15 09:45:00+05:30,54520.15,54599.55,54442.3,54562.75,0
2025-05-15 10:15:00+05:30,54553.8,55019.05,54491.3,54875.05,0
2025-05-15 10:45:00+05:30,54869.5,54933.9,54588.2,54616.7,0
2025-05-15 11:15:00+05:30,54617.1,54728.7,54570.7,54634.3,0
2025-05-15 11:45:00+05:30,54638.55,54807.0,54584.0,54711.7,0
2025-05-15 12:15:00+05:30,54715.15,54855.25,54629.65,54665.35,0
2025-05-15 12:45:00+05:30,54666.2,55100.3,54644.8,55096.4,0
2025-05-15 13:15:00+05:30,55098.8,55302.7,55017.75,55255.2,0
2025-05-15 13:45:00+05:30,55257.65,55462.85,55256.5,55427.7,0
2025-05-15 14:15:00+05:30,55431.55,55490.55,55311.25,55373.1,0
2025-05-15 14:45:00+05:30,55378.35,55413.6,55302.9,55362.55,0
2025-05-15 15:15:00+05:30,55357.5,55375.9,55319.55,55336.7,0
2025-05-16 09:15:00+05:30,55276.0,55418.9,55182.2,55235.2,0
2025-05-16 09:45:00+05:30,55238.0,55302.8,55170.25,55277.45,0
2025-05-16 10:15:00+05:30,55280.25,55350.45,55220.05,55303.75,0
2025-05-16 10:45:00+05:30,55305.55,55320.5,55223.4,55273.5,0
2025-05-16 11:15:00+05:30,55271.55,55315.4,55242.55,55273.7,0
2025-05-16 11:45:00+05:30,55273.0,55308.6,55260.4,55263.05,0
2025-05-16 12:15:00+05:30,55257.9,55333.05,55230.2,55327.25,0
2025-05-16 12:45:00+05:30,55327.65,55359.35,55275.2,55306.3,0
2025-05-16 13:15:00+05:30,55306.4,55376.05,55284.15,55312.35,0
2025-05-16 13:45:00+05:30,55306.9,55381.15,55276.1,55347.3,0
2025-05-16 14:15:00+05:30,55339.7,55379.45,55313.25,55367.7,0
2025-05-16 14:45:00+05:30,55367.4,55394.7,55330.5,55363.1,0
2025-05-16 15:15:00+05:30,55367.4,55376.75,55311.0,55354.9,0
2025-05-19 09:15:00+05:30,55326.05,55512.95,55296.55,55389.9,0
2025-05-19 09:45:00+05:30,55390.9,55491.65,55359.95,55480.95,0
2025-05-19 10:15:00+05:30,55478.0,55597.6,55474.45,55557.9,0
2025-05-19 10:45:00+05:30,55557.5,55650.25,55537.95,55587.35,0
2025-05-19 11:15:00+05:30,55588.35,55671.5,55578.8,55586.35,0
2025-05-19 11:45:00+05:30,55587.3,55644.55,55542.2,55591.7,0
2025-05-19 12:15:00+05:30,55592.4,55695.55,55554.7,55614.85,0
2025-05-19 12:45:00+05:30,55616.25,55676.5,55522.15,55542.05,0
2025-05-19 13:15:00+05:30,55542.05,55599.5,55512.45,55519.4,0
2025-05-19 13:45:00+05:30,55521.4,55532.05,55355.9,55399.6,0
2025-05-19 14:15:00+05:30,55400.75,55457.5,55381.55,55391.55,0
2025-05-19 14:45:00+05:30,55394.55,55447.9,55303.65,55417.1,0
2025-05-19 15:15:00+05:30,55418.3,55450.95,55376.95,55400.65,0
2025-05-20 09:15:00+05:30,55445.3,55568.35,55157.7,55168.85,0
2025-05-20 09:45:00+05:30,55168.15,55215.35,55120.35,55194.4,0
2025-05-20 10:15:00+05:30,55196.05,55269.75,55140.3,55260.85,0
2025-05-20 10:45:00+05:30,55260.85,55344.95,55175.5,55208.3,0
2025-05-20 11:15:00+05:30,55208.1,55209.45,55071.65,55092.2,0
2025-05-20 11:45:00+05:30,55092.6,55179.9,55079.85,55122.2,0
2025-05-20 12:15:00+05:30,55131.15,55209.05,55117.7,55170.45,0
2025-05-20 12:45:00+05:30,55171.35,55186.25,55005.4,55009.65,0
2025-05-20 13:15:00+05:30,55009.4,55048.4,54962.9,54987.05,0
2025-05-20 13:45:00+05:30,54986.25,55049.6,54931.7,54965.5,0
2025-05-20 14:15:00+05:30,54962.9,54975.05,54842.4,54849.4,0
2025-05-20 14:45:00+05:30,54847.9,54943.25,54829.45,54910.25,0
2025-05-20 15:15:00+05:30,54910.85,54934.3,54854.4,54932.35,0
2025-05-21 09:15:00+05:30,55060.2,55132.85,54931.3,55110.9,0
2025-05-21 09:45:00+05:30,55108.65,55266.55,55100.75,55260.3,0
2025-05-21 10:15:00+05:30,55261.0,55336.85,55211.5,55269.8,0
2025-05-21 10:45:00+05:30,55269.45,55307.05,55163.85,55218.1,0
2025-05-21 11:15:00+05:30,55219.25,55233.85,55082.8,55105.8,0
2025-05-21 11:45:00+05:30,55104.85,55106.2,54789.9,54813.25,0
2025-05-21 12:15:00+05:30,54817.55,54992.75,54690.8,54908.85,0
2025-05-21 12:45:00+05:30,54908.85,55026.7,54816.6,55012.95,0
2025-05-21 13:15:00+05:30,55015.2,55109.35,54935.75,54941.7,0
2025-05-21 13:45:00+05:30,54941.8,55022.1,54891.9,55007.95,0
2025-05-21 14:15:00+05:30,55007.75,55071.45,54990.4,55011.85,0
2025-05-21 14:45:00+05:30,55012.65,55112.45,55007.2,55066.9,0
2025-05-21 15:15:00+05:30,55066.6,55097.45,55036.5,55065.6,0
2025-05-22 09:15:00+05:30,54875.9,54936.85,54719.85,54829.45,0
2025-05-22 09:45:00+05:30,54828.35,54890.75,54767.05,54849.8,0
2025-05-22 10:15:00+05:30,54849.9,54889.6,54755.15,54764.2,0
2025-05-22 10:45:00+05:30,54766.2,54808.9,54742.15,54747.75,0
2025-05-22 11:15:00+05:30,54746.45,54776.6,54588.8,54645.5,0
2025-05-22 11:45:00+05:30,54641.05,54715.2,54620.65,54644.8,0
2025-05-22 12:15:00+05:30,54646.65,54671.8,54609.45,54648.9,0
2025-05-22 12:45:00+05:30,54647.7,54655.75,54576.6,54647.35,0
2025-05-22 13:15:00+05:30,54651.8,54692.1,54616.25,54647.7,0
2025-05-22 13:45:00+05:30,54647.75,54688.55,54624.15,54653.75,0
2025-05-22 14:15:00+05:30,54653.5,54826.2,54587.15,54775.2,0
2025-05-22 14:45:00+05:30,54775.5,54996.1,54700.05,54937.65,0
2025-05-22 15:15:00+05:30,54938.75,54989.6,54889.8,54963.25,0
2025-05-22 15:45:00+05:30,54941.3,54941.3,54941.3,54941.3,0
2025-05-23 09:15:00+05:30,54959.3,55158.05,54854.5,55151.75,0
2025-05-23 09:45:00+05:30,55150.45,55202.0,55104.2,55171.15,0
2025-05-23 10:15:00+05:30,55170.05,55179.15,55002.95,55130.15,0
2025-05-23 10:45:00+05:30,55127.9,55340.65,55113.0,55309.25,0
2025-05-23 11:15:00+05:30,55311.85,55432.2,55267.7,55325.3,0
2025-05-23 11:45:00+05:30,55333.45,55336.1,55192.65,55236.4,0
2025-05-23 12:15:00+05:30,55232.05,55433.65,55230.6,55346.65,0
2025-05-23 12:45:00+05:30,55347.35,55416.95,55344.25,55362.25,0
2025-05-23 13:15:00+05:30,55361.7,55424.45,55303.3,55326.25,0
2025-05-23 13:45:00+05:30,55325.0,55441.3,55302.6,55395.75,0
2025-05-23 14:15:00+05:30,55394.55,55420.9,55323.95,55326.9,0
2025-05-23 14:45:00+05:30,55325.65,55411.1,55303.1,55391.25,0
2025-05-23 15:15:00+05:30,55391.25,55426.1,55379.65,55389.6,0
2025-05-26 09:15:00+05:30,55534.9,55875.75,55516.8,55817.6,0
2025-05-26 09:45:00+05:30,55816.55,55869.6,55700.4,55739.55,0
2025-05-26 10:15:00+05:30,55738.6,55760.1,55307.5,55447.5,0
2025-05-26 10:45:00+05:30,55453.05,55516.3,55388.85,55480.1,0
2025-05-26 11:15:00+05:30,55481.35,55576.25,55406.8,55470.2,0
2025-05-26 11:45:00+05:30,55469.85,55564.05,55462.25,55531.1,0
2025-05-26 12:15:00+05:30,55531.2,55611.1,55477.2,55480.7,0
2025-05-26 12:45:00+05:30,55476.9,55560.45,55422.75,55509.1,0
2025-05-26 13:15:00+05:30,55506.15,55540.3,55456.9,55529.2,0
2025-05-26 13:45:00+05:30,55530.0,55555.15,55471.05,55527.1,0
2025-05-26 14:15:00+05:30,55528.95,55539.9,55447.3,55506.2,0
2025-05-26 14:45:00+05:30,55508.45,55598.35,55486.3,55577.1,0
2025-05-26 15:15:00+05:30,55578.25,55612.65,55548.35,55559.35,0
2025-05-27 09:15:00+05:30,55458.95,55511.55,55053.7,55224.05,0
2025-05-27 09:45:00+05:30,55222.9,55224.4,55037.85,55112.45,0
2025-05-27 10:15:00+05:30,55109.55,55159.9,55054.7,55103.9,0
2025-05-27 10:45:00+05:30,55098.2,55449.75,55083.7,55354.35,0
2025-05-27 11:15:00+05:30,55365.65,55831.35,55364.45,55608.45,0
2025-05-27 11:45:00+05:30,55603.9,55659.4,55487.15,55598.8,0
2025-05-27 12:15:00+05:30,55601.05,55623.1,55340.85,55485.3,0
2025-05-27 12:45:00+05:30,55476.65,55531.4,55367.7,55411.5,0
2025-05-27 13:15:00+05:30,55412.55,55451.75,55318.95,55449.85,0
2025-05-27 13:45:00+05:30,55450.0,55529.75,55213.55,55266.95,0
2025-05-27 14:15:00+05:30,55258.9,55309.25,55110.05,55241.55,0
2025-05-27 14:45:00+05:30,55241.75,55393.95,55213.85,55386.55,0
2025-05-27 15:15:00+05:30,55388.25,55406.1,55319.05,55352.45,0
2025-05-28 09:15:00+05:30,55328.6,55521.8,55235.55,55445.6,0
2025-05-28 09:45:00+05:30,55442.25,55475.1,55297.9,55335.6,0
2025-05-28 10:15:00+05:30,55335.3,55375.35,55278.95,55327.5,0
2025-05-28 10:45:00+05:30,55325.85,55463.05,55324.7,55384.9,0
2025-05-28 11:15:00+05:30,55383.6,55432.55,55305.65,55325.15,0
2025-05-28 11:45:00+05:30,55324.95,55371.6,55303.8,55318.5,0
2025-05-28 12:15:00+05:30,55319.95,55415.8,55311.3,55391.05,0
2025-05-28 12:45:00+05:30,55391.0,55506.85,55385.1,55433.55,0
2025-05-28 13:15:00+05:30,55433.2,55464.65,55345.6,55389.8,0
2025-05-28 13:45:00+05:30,55388.45,55437.0,55346.1,55415.05,0
2025-05-28 14:15:00+05:30,55415.6,55469.2,55335.5,55466.4,0
2025-05-28 14:45:00+05:30,55461.0,55478.25,55400.35,55407.75,0
2025-05-28 15:15:00+05:30,55410.05,55454.25,55395.65,55417.0,0
2025-05-29 09:15:00+05:30,55571.4,55725.35,55358.05,55444.3,0
2025-05-29 09:45:00+05:30,55441.5,55524.35,55316.25,55351.55,0
2025-05-29 10:15:00+05:30,55352.7,55385.0,55246.8,55254.5,0
2025-05-29 10:45:00+05:30,55251.6,55331.75,55196.4,55213.1,0
2025-05-29 11:15:00+05:30,55197.25,55241.3,55155.95,55161.8,0
2025-05-29 11:45:00+05:30,55161.0,55215.0,55147.15,55191.45,0
2025-05-29 12:15:00+05:30,55189.65,55235.45,55096.45,55132.95,0
2025-05-29 12:45:00+05:30,55133.9,55282.4,55124.15,55266.35,0
2025-05-29 13:15:00+05:30,55261.6,55286.5,55210.75,55261.9,0
2025-05-29 13:45:00+05:30,55259.35,55302.25,55187.95,55201.25,0
2025-05-29 14:15:00+05:30,55201.55,55279.7,55177.7,55263.35,0
2025-05-29 14:45:00+05:30,55262.9,55594.85,55194.1,55591.8,0
2025-05-29 15:15:00+05:30,55591.0,55782.75,55566.0,55746.85,0
2025-05-30 09:15:00+05:30,55615.55,55704.25,55476.3,55569.55,0
2025-05-30 09:45:00+05:30,55569.15,55585.7,55459.8,55559.85,0
2025-05-30 10:15:00+05:30,55557.1,55562.15,55377.65,55403.8,0
2025-05-30 10:45:00+05:30,55407.4,55481.8,55356.6,55460.85,0
2025-05-30 11:15:00+05:30,55462.95,55551.45,55461.5,55478.35,0
2025-05-30 11:45:00+05:30,55480.1,55536.9,55425.95,55431.15,0
2025-05-30 12:15:00+05:30,55432.05,55471.3,55401.7,55428.85,0
2025-05-30 12:45:00+05:30,55429.45,55581.95,55428.3,55557.5,0
2025-05-30 13:15:00+05:30,55559.25,55747.4,55559.25,55717.6,0
2025-05-30 13:45:00+05:30,55718.35,55776.95,55624.15,55624.15,0
2025-05-30 14:15:00+05:30,55626.0,55813.3,55618.1,55706.55,0
2025-05-30 14:45:00+05:30,55707.25,55788.95,55679.35,55755.75,0
2025-05-30 15:15:00+05:30,55755.45,55778.9,55729.05,55755.7,0
2025-06-02 09:15:00+05:30,55598.25,55787.1,55400.55,55647.85,0
2025-06-02 09:45:00+05:30,55646.1,55651.4,55523.4,55585.25,0
2025-06-02 10:15:00+05:30,55585.55,55677.4,55551.5,55662.55,0
2025-06-02 10:45:00+05:30,55666.3,55686.45,55605.95,55615.7,0
2025-06-02 11:15:00+05:30,55616.55,55702.85,55572.85,55649.85,0
2025-06-02 11:45:00+05:30,55650.75,55752.2,55642.3,55726.1,0
2025-06-02 12:15:00+05:30,55725.1,55831.9,55690.25,55818.75,0
2025-06-02 12:45:00+05:30,55815.25,55835.25,55746.85,55780.9,0
2025-06-02 13:15:00+05:30,55781.25,55864.15,55771.05,55854.4,0
2025-06-02 13:45:00+05:30,55856.45,55873.05,55759.05,55787.15,0
2025-06-02 14:15:00+05:30,55787.95,55817.15,55702.75,55758.6,0
2025-06-02 14:45:00+05:30,55766.0,55966.3,55727.35,55918.3,0
2025-06-02 15:15:00+05:30,55918.0,55921.85,55811.5,55862.05,0
2025-06-03 09:15:00+05:30,56104.8,56161.4,55714.35,55834.15,0
2025-06-03 09:45:00+05:30,55834.2,55909.35,55775.2,55841.95,0
2025-06-03 10:15:00+05:30,55843.9,56016.4,55746.15,55817.45,0
2025-06-03 10:45:00+05:30,55820.45,55861.35,55702.8,55706.8,0
2025-06-03 11:15:00+05:30,55709.45,55805.3,55659.4,55705.25,0
2025-06-03 11:45:00+05:30,55710.9,55749.8,55664.35,55680.05,0
2025-06-03 12:15:00+05:30,55683.25,55727.25,55584.15,55684.7,0
2025-06-03 12:45:00+05:30,55683.25,55687.6,55455.8,55523.15,0
2025-06-03 13:15:00+05:30,55523.65,55625.6,55467.7,55553.0,0
2025-06-03 13:45:00+05:30,55556.05,55659.45,55526.3,55647.6,0
2025-06-03 14:15:00+05:30,55650.35,55722.1,55593.05,55696.0,0
2025-06-03 14:45:00+05:30,55695.45,55705.85,55582.2,55600.95,0
2025-06-03 15:15:00+05:30,55598.8,55635.85,55525.35,55540.0,0
2025-06-04 09:15:00+05:30,55650.35,55791.0,55429.25,55463.45,0
2025-06-04 09:45:00+05:30,55459.3,55558.75,55408.35,55522.45,0
2025-06-04 10:15:00+05:30,55522.45,55609.95,55493.4,55586.6,0
2025-06-04 10:45:00+05:30,55591.2,55641.6,55569.85,55594.5,0
2025-06-04 11:15:00+05:30,55600.25,55702.35,55588.65,55663.5,0
2025-06-04 11:45:00+05:30,55665.0,55689.65,55631.8,55686.05,0
2025-06-04 12:15:00+05:30,55687.05,55700.2,55624.55,55656.25,0
2025-06-04 12:45:00+05:30,55656.5,55691.6,55636.4,55645.4,0
2025-06-04 13:15:00+05:30,55645.55,55659.65,55597.2,55629.6,0
2025-06-04 13:45:00+05:30,55630.1,55690.05,55622.9,55670.65,0
2025-06-04 14:15:00+05:30,55670.1,55681.2,55624.3,55655.0,0
2025-06-04 14:45:00+05:30,55656.1,55738.0,55643.85,55666.3,0
2025-06-04 15:15:00+05:30,55665.55,55693.6,55656.3,55665.55,0
2025-06-05 09:15:00+05:30,55806.75,55827.0,55580.45,55804.2,0
2025-06-05 09:45:00+05:30,55804.25,55849.45,55721.65,55744.6,0
2025-06-05 10:15:00+05:30,55748.85,55781.65,55679.6,55728.3,0
2025-06-05 10:45:00+05:30,55724.5,55746.05,55666.65,55718.45,0
2025-06-05 11:15:00+05:30,55720.25,55818.5,55715.5,55731.55,0
2025-06-05 11:45:00+05:30,55733.7,55972.5,55694.15,55963.25,0
2025-06-05 12:15:00+05:30,55967.25,56010.15,55789.55,55825.95,0
2025-06-05 12:45:00+05:30,55827.9,55878.85,55752.05,55762.95,0
2025-06-05 13:15:00+05:30,55763.75,55796.95,55653.75,55665.5,0
2025-06-05 13:45:00+05:30,55665.35,55732.85,55629.25,55676.85,0
2025-06-05 14:15:00+05:30,55677.1,55763.1,55660.2,55729.4,0
2025-06-05 14:45:00+05:30,55729.35,55783.35,55659.1,55770.2,0
2025-06-05 15:15:00+05:30,55764.5,55841.5,55753.7,55809.75,0
2025-06-06 09:15:00+05:30,55699.45,55794.25,55622.7,55630.15,0
2025-06-06 09:45:00+05:30,55630.3,56002.25,55559.55,55690.55,0
2025-06-06 10:15:00+05:30,55691.4,56457.55,55534.75,56407.95,0
2025-06-06 10:45:00+05:30,56412.6,56579.3,56346.7,56567.85,0
2025-06-06 11:15:00+05:30,56569.35,56613.95,56478.6,56611.8,0
2025-06-06 11:45:00+05:30,56611.8,56650.2,56567.3,56591.9,0
2025-06-06 12:15:00+05:30,56590.5,56611.05,56454.85,56584.6,0
2025-06-06 12:45:00+05:30,56586.7,56627.3,56553.95,56568.35,0
2025-06-06 13:15:00+05:30,56567.75,56624.85,56495.95,56600.0,0
2025-06-06 13:45:00+05:30,56601.4,56638.05,56556.45,56636.7,0
2025-06-06 14:15:00+05:30,56634.3,56695.0,56570.9,56604.55,0
2025-06-06 14:45:00+05:30,56605.45,56635.35,56548.1,56571.15,0
2025-06-06 15:15:00+05:30,56571.15,56594.05,56539.9,56584.8,0
2025-06-09 09:15:00+05:30,57049.5,57049.5,56792.7,56923.15,0
2025-06-09 09:45:00+05:30,56922.9,57002.4,56887.75,56996.35,0
2025-06-09 10:15:00+05:30,56991.25,57011.05,56942.85,57004.95,0
2025-06-09 10:45:00+05:30,57004.95,57032.55,56946.8,56949.85,0
2025-06-09 11:15:00+05:30,56946.75,56956.0,56856.65,56925.4,0
2025-06-09 11:45:00+05:30,56926.55,56956.05,56885.7,56933.55,0
2025-06-09 12:15:00+05:30,56934.65,56981.95,56904.35,56923.85,0
2025-06-09 12:45:00+05:30,56922.9,56939.4,56878.95,56935.05,0
2025-06-09 13:15:00+05:30,56937.55,56955.3,56892.85,56930.0,0
2025-06-09 13:45:00+05:30,56931.35,56949.1,56845.1,56850.0,0
2025-06-09 14:15:00+05:30,56847.2,56893.15,56833.6,56867.35,0
2025-06-09 14:45:00+05:30,56865.45,56878.65,56827.05,56851.3,0
2025-06-09 15:15:00+05:30,56850.2,56857.45,56811.4,56846.2,0
2025-06-10 09:15:00+05:30,56993.9,57015.4,56570.3,56680.55,0
2025-06-10 09:45:00+05:30,56678.5,56793.2,56648.75,56781.7,0
2025-06-10 10:15:00+05:30,56783.65,56804.7,56701.85,56753.15,0
2025-06-10 10:45:00+05:30,56753.1,56753.7,56602.8,56666.85,0
2025-06-10 11:15:00+05:30,56670.3,56676.7,56584.7,56623.5,0
2025-06-10 11:45:00+05:30,56623.85,56636.5,56573.4,56610.1,0
2025-06-10 12:15:00+05:30,56608.05,56677.0,56586.3,56652.35,0
2025-06-10 12:45:00+05:30,56655.9,56732.55,56646.95,56688.35,0
2025-06-10 13:15:00+05:30,56676.9,56709.9,56650.2,56668.2,0
2025-06-10 13:45:00+05:30,56666.95,56688.7,56639.15,56652.05,0
2025-06-10 14:15:00+05:30,56652.3,56668.1,56619.7,56640.0,0
2025-06-10 14:45:00+05:30,56642.1,56679.8,56591.85,56647.35,0
2025-06-10 15:15:00+05:30,56648.05,56653.8,56564.15,56579.55,0
2025-06-11 09:15:00+05:30,56639.85,56669.3,56488.65,56504.1,0
2025-06-11 09:45:00+05:30,56504.3,56634.25,56443.85,56621.35,0
2025-06-11 10:15:00+05:30,56619.65,56694.2,56568.25,56694.2,0
2025-06-11 10:45:00+05:30,56690.1,56723.15,56659.85,56713.7,0
2025-06-11 11:15:00+05:30,56711.4,56749.9,56674.2,56703.35,0
2025-06-11 11:45:00+05:30,56702.85,56780.45,56698.6,56743.25,0
2025-06-11 12:15:00+05:30,56743.25,56782.5,56682.5,56704.25,0
2025-06-11 12:45:00+05:30,56702.15,56727.2,56664.3,56666.8,0
2025-06-11 13:15:00+05:30,56667.75,56672.5,56506.2,56516.7,0
2025-06-11 13:45:00+05:30,56516.25,56516.25,56399.4,56425.75,0
2025-06-11 14:15:00+05:30,56425.85,56471.6,56411.15,56418.25,0
2025-06-11 14:45:00+05:30,56417.6,56507.3,56416.25,56454.75,0
2025-06-11 15:15:00+05:30,56454.65,56473.25,56416.35,56438.05,0
2025-06-12 09:15:00+05:30,56480.9,56611.05,56392.35,56424.55,0
2025-06-12 09:45:00+05:30,56425.1,56501.9,56382.0,56395.8,0
2025-06-12 10:15:00+05:30,56397.75,56439.05,56281.7,56287.9,0
2025-06-12 10:45:00+05:30,56288.2,56338.25,56242.1,56268.1,0
2025-06-12 11:15:00+05:30,56267.75,56354.05,56228.0,56258.7,0
2025-06-12 11:45:00+05:30,56259.4,56272.0,56197.3,56257.95,0
2025-06-12 12:15:00+05:30,56259.8,56333.55,56250.25,56292.15,0
2025-06-12 12:45:00+05:30,56292.8,56312.55,56209.8,56245.0,0
2025-06-12 13:15:00+05:30,56245.0,56263.05,56073.3,56086.6,0
2025-06-12 13:45:00+05:30,56084.95,56116.0,55968.5,56012.75,0
2025-06-12 14:15:00+05:30,56015.0,56205.7,56004.25,56133.1,0
2025-06-12 14:45:00+05:30,56132.3,56184.05,56063.4,56076.9,0
2025-06-12 15:15:00+05:30,56076.1,56081.2,55980.45,55997.8,0
2025-06-13 09:15:00+05:30,55149.3,55515.2,55149.3,55434.05,0
2025-06-13 09:45:00+05:30,55432.65,55474.85,55376.15,55455.9,0
2025-06-13 10:15:00+05:30,55452.85,55591.85,55380.85,55560.7,0
2025-06-13 10:45:00+05:30,55555.45,55588.35,55440.0,55446.55,0
2025-06-13 11:15:00+05:30,55440.75,55542.55,55419.0,55507.8,0
2025-06-13 11:45:00+05:30,55507.8,55517.15,55440.5,55471.8,0
2025-06-13 12:15:00+05:30,55471.85,55553.65,55445.6,55485.0,0
2025-06-13 12:45:00+05:30,55483.25,55502.4,55440.0,55501.55,0
2025-06-13 13:15:00+05:30,55498.0,55635.3,55480.55,55629.55,0
2025-06-13 13:45:00+05:30,55627.35,55688.0,55533.65,55560.9,0
2025-06-13 14:15:00+05:30,55560.65,55586.45,55475.65,55484.85,0
2025-06-13 14:45:00+05:30,55486.05,55554.8,55376.2,55546.85,0
2025-06-13 15:15:00+05:30,55545.75,55581.35,55514.35,55577.1,0
2025-06-16 09:15:00+05:30,55554.1,55604.3,55405.15,55470.8,0
2025-06-16 09:45:00+05:30,55475.95,55499.65,55381.45,55477.3,0
2025-06-16 10:15:00+05:30,55476.9,55695.6,55469.2,55672.5,0
2025-06-16 10:45:00+05:30,55679.8,55801.7,55618.85,55739.6,0
2025-06-16 11:15:00+05:30,55736.7,55777.95,55657.35,55768.85,0
2025-06-16 11:45:00+05:30,55769.25,55842.85,55737.6,55809.3,0
2025-06-16 12:15:00+05:30,55810.4,55897.85,55739.55,55859.4,0
2025-06-16 12:45:00+05:30,55858.05,55914.75,55811.5,55876.15,0
2025-06-16 13:15:00+05:30,55876.8,55945.15,55846.8,55891.1,0
2025-06-16 13:45:00+05:30,55884.1,55956.65,55836.65,55947.2,0
2025-06-16 14:15:00+05:30,55947.05,55955.6,55857.7,55884.0,0
2025-06-16 14:45:00+05:30,55876.85,55961.55,55864.1,55957.35,0
2025-06-16 15:15:00+05:30,55957.6,55999.85,55942.35,55973.5,0
2025-06-17 09:15:00+05:30,55975.0,56067.3,55855.6,55882.05,0
2025-06-17 09:45:00+05:30,55887.25,55897.4,55788.85,55850.4,0
2025-06-17 10:15:00+05:30,55846.85,55958.35,55840.9,55913.0,0
2025-06-17 10:45:00+05:30,55918.5,55918.5,55795.25,55826.05,0
2025-06-17 11:15:00+05:30,55821.2,55826.5,55772.4,55807.0,0
2025-06-17 11:45:00+05:30,55806.1,55811.4,55720.2,55728.0,0
2025-06-17 12:15:00+05:30,55728.0,55750.2,55687.0,55704.65,0
2025-06-17 12:45:00+05:30,55701.6,55722.0,55652.85,55683.25,0
2025-06-17 13:15:00+05:30,55688.2,55704.2,55651.1,55666.85,0
2025-06-17 13:45:00+05:30,55666.5,55725.6,55643.95,55715.2,0
2025-06-17 14:15:00+05:30,55715.05,55752.8,55679.25,55718.75,0
2025-06-17 14:45:00+05:30,55719.6,55769.75,55687.4,55742.45,0
2025-06-17 15:15:00+05:30,55743.5,55743.6,55660.1,55678.7,0
2025-06-18 09:15:00+05:30,55544.95,55924.05,55511.8,55895.6,0
2025-06-18 09:45:00+05:30,55896.55,55933.6,55833.05,55889.4,0
2025-06-18 10:15:00+05:30,55889.4,55905.3,55775.6,55897.8,0
2025-06-18 10:45:00+05:30,55894.5,55908.0,55715.6,55752.6,0
2025-06-18 11:15:00+05:30,55748.75,55752.5,55612.2,55702.95,0
2025-06-18 11:45:00+05:30,55702.55,55799.7,55650.45,55776.2,0
2025-06-18 12:15:00+05:30,55776.9,55793.25,55732.45,55747.75,0
2025-06-18 12:45:00+05:30,55746.7,55776.9,55712.3,55770.15,0
2025-06-18 13:15:00+05:30,55770.5,55831.4,55736.45,55770.85,0
2025-06-18 13:45:00+05:30,55770.95,55776.5,55681.65,55694.7,0
2025-06-18 14:15:00+05:30,55695.85,55759.3,55641.1,55751.7,0
2025-06-18 14:45:00+05:30,55752.2,55858.95,55739.6,55823.25,0
2025-06-18 15:15:00+05:30,55827.2,55857.85,55775.05,55802.85,0
2025-06-19 09:15:00+05:30,55784.85,55926.9,55684.7,55895.2,0
2025-06-19 09:45:00+05:30,55895.1,55942.45,55777.15,55809.95,0
2025-06-19 10:15:00+05:30,55808.6,55818.05,55702.6,55728.1,0
2025-06-19 10:45:00+05:30,55730.35,55750.75,55661.8,55685.35,0
2025-06-19 11:15:00+05:30,55686.5,55694.05,55611.55,55648.25,0
2025-06-19 11:45:00+05:30,55647.0,55681.55,55628.8,55653.9,0
2025-06-19 12:15:00+05:30,55653.2,55657.9,55561.8,55578.35,0
2025-06-19 12:45:00+05:30,55577.95,55706.8,55539.9,55653.3,0
2025-06-19 13:15:00+05:30,55652.95,55664.0,55596.35,55599.2,0
2025-06-19 13:45:00+05:30,55602.15,55710.35,55592.7,55678.25,0
2025-06-19 14:15:00+05:30,55677.1,55705.35,55576.3,55618.5,0
2025-06-19 14:45:00+05:30,55619.8,55658.05,55562.15,55565.6,0
2025-06-19 15:15:00+05:30,55570.25,55597.9,55475.45,55497.05,0
2025-06-20 09:15:00+05:30,55566.7,55833.6,55566.4,55776.65,0
2025-06-20 09:45:00+05:30,55776.2,55802.75,55736.65,55799.7,0
2025-06-20 10:15:00+05:30,55798.2,56119.95,55796.25,56065.0,0
2025-06-20 10:45:00+05:30,56064.3,56134.7,56007.0,56132.9,0
2025-06-20 11:15:00+05:30,56133.95,56199.55,56104.95,56142.9,0
2025-06-20 11:45:00+05:30,56140.2,56169.5,56095.35,56165.75,0
2025-06-20 12:15:00+05:30,56167.0,56169.05,56027.45,56117.5,0
2025-06-20 12:45:00+05:30,56114.2,56186.9,56104.5,56168.6,0
2025-06-20 13:15:00+05:30,56169.35,56242.4,56152.45,56191.55,0
2025-06-20 13:45:00+05:30,56191.45,56212.35,56137.8,56155.0,0
2025-06-20 14:15:00+05:30,56156.25,56186.3,56067.0,56101.25,0
2025-06-20 14:45:00+05:30,56101.35,56295.3,56082.85,56240.95,0
2025-06-20 15:15:00+05:30,56241.15,56328.2,56208.7,56216.5,0
2025-06-23 09:15:00+05:30,55832.35,56061.5,55832.1,55872.0,0
2025-06-23 09:45:00+05:30,55872.8,55875.55,55779.25,55828.4,0
2025-06-23 10:15:00+05:30,55826.7,55941.25,55811.55,55917.0,0
2025-06-23 10:45:00+05:30,55917.5,55950.8,55887.25,55917.7,0
2025-06-23 11:15:00+05:30,55917.6,55946.9,55856.9,55929.4,0
2025-06-23 11:45:00+05:30,55928.6,55949.1,55858.15,55914.0,0
2025-06-23 12:15:00+05:30,55914.1,55961.55,55902.5,55955.6,0
2025-06-23 12:45:00+05:30,55952.6,55976.25,55920.35,55976.25,0
2025-06-23 13:15:00+05:30,55975.2,56205.9,55961.3,56128.0,0
2025-06-23 13:45:00+05:30,56130.7,56233.55,56113.8,56125.45,0
2025-06-23 14:15:00+05:30,56125.7,56129.9,56021.3,56045.1,0
2025-06-23 14:45:00+05:30,56044.2,56078.25,56011.9,56058.6,0
2025-06-23 15:15:00+05:30,56058.85,56085.8,56021.55,56034.55,0
2025-06-24 09:15:00+05:30,56529.45,56736.1,56469.9,56557.35,0
2025-06-24 09:45:00+05:30,56556.95,56640.75,56460.85,56619.6,0
2025-06-24 10:15:00+05:30,56620.65,56708.15,56562.6,56596.25,0
2025-06-24 10:45:00+05:30,56598.0,56711.85,56487.2,56692.8,0
2025-06-24 11:15:00+05:30,56691.75,56821.95,56653.55,56791.45,0
2025-06-24 11:45:00+05:30,56790.25,56862.0,56747.15,56826.2,0
2025-06-24 12:15:00+05:30,56831.3,56840.35,56488.65,56556.3,0
2025-06-24 12:45:00+05:30,56558.4,56765.65,56534.0,56566.05,0
2025-06-24 13:15:00+05:30,56566.45,56614.6,56285.35,56330.55,0
2025-06-24 13:45:00+05:30,56330.8,56437.8,56276.15,56370.65,0
2025-06-24 14:15:00+05:30,56372.0,56492.4,56349.7,56468.3,0
2025-06-24 14:45:00+05:30,56467.55,56513.35,56409.7,56457.65,0
2025-06-24 15:15:00+05:30,56457.75,56506.65,56440.8,56471.4,0
2025-06-25 09:15:00+05:30,56564.5,56664.9,56420.65,56638.95,0
2025-06-25 09:45:00+05:30,56639.35,56646.8,56551.75,56567.25,0
2025-06-25 10:15:00+05:30,56571.1,56642.2,56562.5,56630.7,0
2025-06-25 10:45:00+05:30,56630.5,56646.75,56558.05,56566.0,0
2025-06-25 11:15:00+05:30,56566.9,56619.8,56558.85,56599.8,0
2025-06-25 11:45:00+05:30,56599.35,56603.1,56519.95,56564.55,0
2025-06-25 12:15:00+05:30,56564.2,56600.25,56529.75,56583.8,0
2025-06-25 12:45:00+05:30,56583.5,56634.55,56555.15,56609.45,0
2025-06-25 13:15:00+05:30,56612.6,56643.4,56589.45,56609.45,0
2025-06-25 13:45:00+05:30,56608.9,56636.45,56567.05,56625.4,0
2025-06-25 14:15:00+05:30,56622.05,56653.85,56586.95,56650.65,0
2025-06-25 14:45:00+05:30,56653.05,56681.4,56591.25,56616.95,0
2025-06-25 15:15:00+05:30,56617.2,56629.7,56564.3,56591.0,0
2025-06-26 09:15:00+05:30,56693.55,56795.5,56567.4,56714.15,0
2025-06-26 09:45:00+05:30,56714.2,56806.6,56639.45,56695.7,0
2025-06-26 10:15:00+05:30,56693.2,56743.75,56623.75,56628.35,0
2025-06-26 10:45:00+05:30,56628.45,56676.75,56558.35,56609.75,0
2025-06-26 11:15:00+05:30,56609.75,56690.35,56567.4,56656.7,0
2025-06-26 11:45:00+05:30,56657.0,57076.95,56656.95,56997.75,0
2025-06-26 12:15:00+05:30,57001.45,57027.0,56844.15,56890.15,0
2025-06-26 12:45:00+05:30,56895.1,56926.95,56804.5,56861.7,0
2025-06-26 13:15:00+05:30,56863.45,56974.2,56843.75,56960.0,0
2025-06-26 13:45:00+05:30,56957.1,57158.15,56955.75,57150.15,0
2025-06-26 14:15:00+05:30,57156.1,57222.8,57111.7,57181.05,0
2025-06-26 14:45:00+05:30,57183.15,57252.55,57090.35,57187.85,0
2025-06-26 15:15:00+05:30,57184.05,57263.45,57143.65,57161.9,0
2025-06-27 09:15:00+05:30,57234.7,57259.0,57061.6,57066.45,0
2025-06-27 09:45:00+05:30,57066.95,57162.55,56993.85,57159.5,0
2025-06-27 10:15:00+05:30,57160.1,57267.55,57158.1,57246.8,0
2025-06-27 10:45:00+05:30,57247.3,57340.75,57244.15,57294.6,0
2025-06-27 11:15:00+05:30,57296.05,57324.1,57263.6,57313.75,0
2025-06-27 11:45:00+05:30,57312.85,57381.1,57283.9,57352.45,0
2025-06-27 12:15:00+05:30,57352.75,57399.95,57315.7,57374.5,0
2025-06-27 12:45:00+05:30,57376.4,57414.95,57349.9,57370.05,0
2025-06-27 13:15:00+05:30,57374.15,57436.15,57341.65,57401.55,0
2025-06-27 13:45:00+05:30,57402.45,57414.95,57367.65,57380.5,0
2025-06-27 14:15:00+05:30,57380.05,57419.9,57312.25,57416.1,0
2025-06-27 14:45:00+05:30,57416.3,57463.1,57385.75,57451.95,0
2025-06-27 15:15:00+05:30,57452.05,57475.4,57380.15,57399.95,0
2025-06-30 09:15:00+05:30,57529.95,57614.5,57378.65,57415.4,0
2025-06-30 09:45:00+05:30,57413.95,57461.85,57323.15,57414.5,0
2025-06-30 10:15:00+05:30,57415.9,57470.05,57324.4,57338.25,0
2025-06-30 10:45:00+05:30,57336.1,57415.55,57297.8,57358.8,0
2025-06-30 11:15:00+05:30,57358.0,57410.0,57332.25,57380.25,0
2025-06-30 11:45:00+05:30,57379.2,57509.0,57376.45,57496.5,0
2025-06-30 12:15:00+05:30,57496.0,57524.75,57417.2,57422.8,0
2025-06-30 12:45:00+05:30,57417.9,57434.15,57310.65,57347.35,0
2025-06-30 13:15:00+05:30,57349.85,57388.05,57320.7,57349.95,0
2025-06-30 13:45:00+05:30,57351.1,57364.8,57208.3,57248.15,0
2025-06-30 14:15:00+05:30,57252.25,57285.3,57193.8,57241.4,0
2025-06-30 14:45:00+05:30,57240.0,57340.6,57231.7,57332.15,0
2025-06-30 15:15:00+05:30,57331.15,57341.0,57261.15,57318.55,0
2025-07-01 09:15:00+05:30,57375.8,57423.0,57274.05,57277.95,0
2025-07-01 09:45:00+05:30,57277.7,57341.1,57197.15,57205.95,0
2025-07-01 10:15:00+05:30,57202.7,57262.8,57173.95,57209.2,0
2025-07-01 10:45:00+05:30,57210.75,57231.5,57150.35,57213.1,0
2025-07-01 11:15:00+05:30,57211.55,57247.45,57189.15,57227.35,0
2025-07-01 11:45:00+05:30,57232.55,57303.45,57227.35,57283.8,0
2025-07-01 12:15:00+05:30,57284.6,57390.6,57271.45,57363.95,0
2025-07-01 12:45:00+05:30,57362.95,57461.5,57354.4,57439.4,0
2025-07-01 13:15:00+05:30,57440.25,57480.5,57405.55,57454.05,0
2025-07-01 13:45:00+05:30,57457.3,57530.35,57401.5,57530.35,0
2025-07-01 14:15:00+05:30,57530.35,57533.85,57422.2,57437.6,0
2025-07-01 14:45:00+05:30,57438.35,57475.7,57406.8,57441.9,0
2025-07-01 15:15:00+05:30,57439.05,57501.3,57425.9,57442.7,0
2025-07-02 09:15:00+05:30,57558.2,57628.4,57253.65,57261.05,0
2025-07-02 09:45:00+05:30,57260.55,57302.3,57205.8,57268.35,0
2025-07-02 10:15:00+05:30,57268.95,57278.75,57173.85,57231.15,0
2025-07-02 10:45:00+05:30,57230.2,57258.0,57152.35,57202.05,0
2025-07-02 11:15:00+05:30,57201.4,57235.3,57138.7,57191.25,0
2025-07-02 11:45:00+05:30,57185.75,57197.55,57144.35,57158.3,0
2025-07-02 12:15:00+05:30,57155.75,57177.65,57105.1,57123.2,0
2025-07-02 12:45:00+05:30,57120.15,57121.75,57042.65,57043.3,0
2025-07-02 13:15:00+05:30,57042.3,57050.75,56871.75,56883.7,0
2025-07-02 13:45:00+05:30,56883.2,56926.25,56851.45,56888.15,0
2025-07-02 14:15:00+05:30,56891.9,56908.0,56833.8,56857.05,0
2025-07-02 14:45:00+05:30,56851.75,57066.1,56851.75,57017.05,0
2025-07-02 15:15:00+05:30,57018.7,57019.5,56951.8,56972.15,0
2025-07-03 09:15:00+05:30,57050.4,57102.3,56894.65,57025.05,0
2025-07-03 09:45:00+05:30,57024.7,57193.25,57017.35,57119.35,0
2025-07-03 10:15:00+05:30,57121.05,57158.45,57083.8,57095.95,0
2025-07-03 10:45:00+05:30,57096.2,57156.65,57061.45,57103.6,0
2025-07-03 11:15:00+05:30,57102.6,57135.5,56997.5,57003.05,0
2025-07-03 11:45:00+05:30,57004.25,57032.65,56956.7,56989.75,0
2025-07-03 12:15:00+05:30,56989.35,57048.4,56949.85,57009.0,0
2025-07-03 12:45:00+05:30,57008.65,57035.6,56950.95,56978.8,0
2025-07-03 13:15:00+05:30,56978.55,57116.15,56907.25,57088.7,0
2025-07-03 13:45:00+05:30,57089.8,57098.65,56915.2,56923.3,0
2025-07-03 14:15:00+05:30,56921.85,56945.95,56767.05,56814.45,0
2025-07-03 14:45:00+05:30,56813.8,56875.75,56772.25,56794.15,0
2025-07-03 15:15:00+05:30,56798.95,56832.6,56764.1,56772.75,0
2025-07-04 09:15:00+05:30,56825.25,56938.75,56680.05,56733.15,0
2025-07-04 09:45:00+05:30,56733.15,56812.55,56712.3,56795.6,0
2025-07-04 10:15:00+05:30,56796.35,56871.8,56776.4,56855.95,0
2025-07-04 10:45:00+05:30,56856.35,56898.2,56820.9,56855.7,0
2025-07-04 11:15:00+05:30,56855.5,56861.75,56695.05,56719.75,0
2025-07-04 11:45:00+05:30,56717.35,56718.1,56628.3,56639.05,0
2025-07-04 12:15:00+05:30,56639.3,56691.8,56623.6,56675.45,0
2025-07-04 12:45:00+05:30,56675.25,56759.35,56663.75,56751.25,0
2025-07-04 13:15:00+05:30,56747.4,56784.4,56728.35,56764.1,0
2025-07-04 13:45:00+05:30,56764.75,56872.2,56735.6,56864.45,0
2025-07-04 14:15:00+05:30,56863.55,57038.9,56793.85,57037.55,0
2025-07-04 14:45:00+05:30,57037.45,57057.5,56986.5,57045.55,0
2025-07-04 15:15:00+05:30,57044.85,57075.1,56997.9,57044.8,0
2025-07-07 09:15:00+05:30,56938.7,57071.2,56868.7,56966.4,0
2025-07-07 09:45:00+05:30,56967.85,56988.2,56854.05,56919.35,0
2025-07-07 10:15:00+05:30,56920.25,56987.55,56896.1,56968.85,0
2025-07-07 10:45:00+05:30,56973.2,57152.2,56967.2,57021.7,0
2025-07-07 11:15:00+05:30,57028.4,57042.6,56947.55,56990.05,0
2025-07-07 11:45:00+05:30,56990.65,56990.65,56899.9,56909.95,0
2025-07-07 12:15:00+05:30,56911.15,56969.8,56881.3,56967.9,0
2025-07-07 12:45:00+05:30,56965.05,56985.2,56838.55,56950.65,0
2025-07-07 13:15:00+05:30,56947.35,56971.85,56909.3,56935.35,0
2025-07-07 13:45:00+05:30,56935.85,57029.5,56910.85,56965.95,0
2025-07-07 14:15:00+05:30,56975.45,56986.7,56864.1,56878.15,0
2025-07-07 14:45:00+05:30,56884.35,56977.4,56856.1,56947.1,0
2025-07-07 15:15:00+05:30,56947.85,56965.35,56913.35,56918.5,0
2025-07-08 09:15:00+05:30,56942.55,57209.3,56923.05,57194.6,0
2025-07-08 09:45:00+05:30,57197.1,57258.1,57096.95,57146.8,0
2025-07-08 10:15:00+05:30,57147.0,57220.5,57139.1,57195.45,0
2025-07-08 10:45:00+05:30,57195.75,57210.35,57077.1,57087.5,0
2025-07-08 11:15:00+05:30,57087.4,57162.0,57060.7,57107.55,0
2025-07-08 11:45:00+05:30,57106.45,57175.8,57072.5,57103.45,0
2025-07-08 12:15:00+05:30,57108.7,57200.0,57097.2,57139.15,0
2025-07-08 12:45:00+05:30,57139.4,57159.35,57076.65,57147.9,0
2025-07-08 13:15:00+05:30,57146.05,57169.1,57098.7,57134.7,0
2025-07-08 13:45:00+05:30,57135.1,57158.3,57074.3,57094.3,0
2025-07-08 14:15:00+05:30,57094.55,57137.45,57081.55,57102.8,0
2025-07-08 14:45:00+05:30,57105.8,57293.45,57082.2,57271.35,0
2025-07-08 15:15:00+05:30,57272.1,57303.3,57220.6,57240.85,0
2025-07-09 09:15:00+05:30,57199.75,57233.45,57037.9,57066.75,0
2025-07-09 09:45:00+05:30,57055.85,57200.15,57047.75,57193.85,0
2025-07-09 10:15:00+05:30,57193.95,57217.9,57127.8,57169.8,0
2025-07-09 10:45:00+05:30,57168.65,57192.9,57143.2,57186.7,0
2025-07-09 11:15:00+05:30,57180.8,57217.0,57158.85,57160.2,0
2025-07-09 11:45:00+05:30,57160.5,57203.05,57097.2,57197.45,0
2025-07-09 12:15:00+05:30,57201.9,57255.7,57188.85,57220.4,0
2025-07-09 12:45:00+05:30,57224.2,57270.9,57174.5,57268.45,0
2025-07-09 13:15:00+05:30,57267.45,57290.65,57222.4,57224.6,0
2025-07-09 13:45:00+05:30,57224.0,57245.4,57187.0,57212.9,0
2025-07-09 14:15:00+05:30,57221.55,57246.85,57179.4,57207.25,0
2025-07-09 14:45:00+05:30,57206.4,57228.5,57154.5,57218.0,0
2025-07-09 15:15:00+05:30,57218.0,57230.7,57170.05,57171.6,0
2025-07-10 09:15:00+05:30,57339.75,57363.7,57170.15,57198.95,0
2025-07-10 09:45:00+05:30,57198.0,57235.0,57152.8,57184.65,0
2025-07-10 10:15:00+05:30,57180.7,57280.1,57133.85,57240.35,0
2025-07-10 10:45:00+05:30,57238.65,57272.15,57116.45,57187.15,0
2025-07-10 11:15:00+05:30,57187.1,57194.05,57083.2,57098.15,0
2025-07-10 11:45:00+05:30,57093.75,57130.65,57023.85,57058.9,0
2025-07-10 12:15:00+05:30,57058.5,57203.35,57039.7,57123.5,0
2025-07-10 12:45:00+05:30,57123.3,57154.4,57061.05,57074.3,0
2025-07-10 13:15:00+05:30,57075.75,57120.15,57016.25,57025.85,0
2025-07-10 13:45:00+05:30,57023.05,57172.55,56993.85,57098.65,0
2025-07-10 14:15:00+05:30,57097.4,57150.5,57069.35,57086.5,0
2025-07-10 14:45:00+05:30,57085.95,57092.35,56976.5,57002.25,0
2025-07-10 15:15:00+05:30,57005.85,57046.65,56886.6,56956.95,0
2025-07-11 09:15:00+05:30,56843.45,57091.05,56841.9,57019.05,0
2025-07-11 09:45:00+05:30,57019.5,57020.8,56807.35,56814.6,0
2025-07-11 10:15:00+05:30,56814.55,56823.15,56706.1,56719.3,0
2025-07-11 10:45:00+05:30,56718.25,56767.05,56645.35,56689.35,0
2025-07-11 11:15:00+05:30,56689.0,56736.2,56656.1,56691.05,0
2025-07-11 11:45:00+05:30,56694.5,56709.8,56607.75,56661.25,0
2025-07-11 12:15:00+05:30,56660.15,56837.95,56639.45,56789.75,0
2025-07-11 12:45:00+05:30,56788.5,56802.7,56703.35,56734.05,0
2025-07-11 13:15:00+05:30,56733.95,56749.2,56679.45,56700.65,0
2025-07-11 13:45:00+05:30,56699.3,56816.3,56687.1,56760.4,0
2025-07-11 14:15:00+05:30,56761.6,56781.05,56706.0,56751.4,0
2025-07-11 14:45:00+05:30,56750.45,56799.75,56719.2,56760.8,0
2025-07-11 15:15:00+05:30,56760.85,56764.75,56695.7,56712.85,0
2025-07-14 09:15:00+05:30,56780.75,56851.25,56653.5,56839.2,0
2025-07-14 09:45:00+05:30,56834.5,56896.3,56780.7,56848.0,0
2025-07-14 10:15:00+05:30,56849.1,56892.5,56721.95,56753.05,0
2025-07-14 10:45:00+05:30,56754.85,56759.85,56659.9,56673.5,0
2025-07-14 11:15:00+05:30,56673.5,56699.55,56597.45,56633.7,0
2025-07-14 11:45:00+05:30,56635.25,56691.45,56617.8,56659.45,0
2025-07-14 12:15:00+05:30,56659.9,56711.75,56649.7,56700.5,0
2025-07-14 12:45:00+05:30,56700.05,56728.45,56617.9,56648.8,0
2025-07-14 13:15:00+05:30,56650.2,56726.0,56643.95,56653.45,0
2025-07-14 13:45:00+05:30,56655.0,56673.15,56594.25,56665.55,0
2025-07-14 14:15:00+05:30,56669.3,56689.7,56622.05,56687.5,0
2025-07-14 14:45:00+05:30,56689.05,56830.65,56667.45,56764.85,0
2025-07-14 15:15:00+05:30,56763.05,56791.1,56732.45,56763.6,0
2025-07-15 09:15:00+05:30,56709.2,56909.05,56707.8,56834.95,0
2025-07-15 09:45:00+05:30,56835.25,57063.35,56814.9,57036.5,0
2025-07-15 10:15:00+05:30,57038.0,57084.4,56989.9,57070.2,0
2025-07-15 10:45:00+05:30,57071.05,57134.95,57043.25,57078.45,0
2025-07-15 11:15:00+05:30,57077.95,57114.75,57048.05,57079.95,0
2025-07-15 11:45:00+05:30,57077.65,57091.5,57034.65,57054.95,0
2025-07-15 12:15:00+05:30,57056.45,57110.9,56992.05,57086.35,0
2025-07-15 12:45:00+05:30,57088.85,57117.1,57034.85,57034.85,0
2025-07-15 13:15:00+05:30,57038.45,57048.15,56944.75,56960.4,0
2025-07-15 13:45:00+05:30,56964.55,57023.15,56915.4,56983.65,0
2025-07-15 14:15:00+05:30,56987.2,57014.0,56928.5,56959.6,0
2025-07-15 14:45:00+05:30,56962.6,57042.9,56908.2,57038.35,0
2025-07-15 15:15:00+05:30,57043.5,57076.8,57011.85,57049.6,0
2025-07-16 09:15:00+05:30,57111.25,57175.15,56998.75,57082.5,0
2025-07-16 09:45:00+05:30,57089.8,57092.4,56991.55,57023.1,0
2025-07-16 10:15:00+05:30,57024.0,57085.4,56972.9,56979.15,0
2025-07-16 10:45:00+05:30,56976.25,57039.2,56937.6,57030.8,0
2025-07-16 11:15:00+05:30,57030.65,57053.9,56984.65,57013.3,0
2025-07-16 11:45:00+05:30,57010.65,57173.55,56996.45,57109.95,0
2025-07-16 12:15:00+05:30,57113.5,57246.3,57102.8,57218.2,0
2025-07-16 12:45:00+05:30,57217.95,57271.9,57186.1,57249.6,0
2025-07-16 13:15:00+05:30,57251.85,57268.45,57163.45,57231.75,0
2025-07-16 13:45:00+05:30,57228.65,57276.55,57203.95,57237.7,0
2025-07-16 14:15:00+05:30,57239.6,57252.65,57153.75,57188.65,0
2025-07-16 14:45:00+05:30,57191.4,57224.4,57165.55,57179.05,0
2025-07-16 15:15:00+05:30,57181.25,57195.15,57084.15,57108.4,0
2025-07-17 09:15:00+05:30,57231.95,57262.85,56986.75,57015.2,0
2025-07-17 09:45:00+05:30,57017.15,57103.6,56980.65,56992.6,0
2025-07-17 10:15:00+05:30,56990.6,57004.5,56914.9,56954.8,0
2025-07-17 10:45:00+05:30,56953.1,57037.45,56948.1,56991.6,0
2025-07-17 11:15:00+05:30,56992.7,57037.9,56960.2,57016.6,0
2025-07-17 11:45:00+05:30,57016.75,57039.1,56953.95,56955.8,0
2025-07-17 12:15:00+05:30,56955.5,56960.7,56868.4,56919.75,0
2025-07-17 12:45:00+05:30,56921.3,56921.55,56872.8,56896.3,0
2025-07-17 13:15:00+05:30,56894.6,56912.0,56855.0,56903.6,0
2025-07-17 13:45:00+05:30,56903.6,56956.05,56834.35,56862.8,0
2025-07-17 14:15:00+05:30,56861.4,56909.1,56831.6,56882.5,0
2025-07-17 14:45:00+05:30,56879.9,56899.0,56812.45,56854.25,0
2025-07-17 15:15:00+05:30,56849.5,56852.2,56780.15,56805.1,0
2025-07-18 09:15:00+05:30,56524.25,56705.15,56445.65,56511.3,0
2025-07-18 09:45:00+05:30,56515.2,56547.7,56403.9,56408.9,0
2025-07-18 10:15:00+05:30,56410.9,56411.5,56238.85,56264.9,0
2025-07-18 10:45:00+05:30,56263.75,56324.6,56204.85,56311.35,0
2025-07-18 11:15:00+05:30,56316.6,56376.45,56271.1,56280.15,0
2025-07-18 11:45:00+05:30,56277.1,56342.65,56268.1,56275.85,0
2025-07-18 12:15:00+05:30,56274.05,56299.5,56249.7,56257.85,0
2025-07-18 12:45:00+05:30,56257.3,56376.5,56240.8,56273.5,0
2025-07-18 13:15:00+05:30,56274.75,56318.7,56245.3,56305.15,0
2025-07-18 13:45:00+05:30,56304.05,56364.5,56249.3,56303.9,0
2025-07-18 14:15:00+05:30,56303.45,56431.95,56269.25,56290.2,0
2025-07-18 14:45:00+05:30,56290.7,56338.1,56264.45,56280.8,0
2025-07-18 15:15:00+05:30,56280.05,56307.6,56237.9,56253.7,0
2025-07-21 09:15:00+05:30,56558.9,56654.3,56255.7,56495.6,0
2025-07-21 09:45:00+05:30,56491.45,56761.5,56470.65,56720.6,0
2025-07-21 10:15:00+05:30,56725.2,56776.05,56633.0,56733.35,0
2025-07-21 10:45:00+05:30,56732.2,56811.0,56711.1,56769.25,0
2025-07-21 11:15:00+05:30,56770.1,56827.3,56647.35,56691.2,0
2025-07-21 11:45:00+05:30,56693.4,56784.95,56639.15,56777.9,0
2025-07-21 12:15:00+05:30,56776.45,56792.15,56690.7,56791.3,0
2025-07-21 12:45:00+05:30,56791.65,56929.1,56789.0,56894.4,0
2025-07-21 13:15:00+05:30,56898.1,56923.05,56866.85,56872.4,0
2025-07-21 13:45:00+05:30,56872.5,56879.5,56733.3,56816.9,0
2025-07-21 14:15:00+05:30,56817.65,56851.9,56757.85,56837.55,0
2025-07-21 14:45:00+05:30,56838.2,56967.55,56827.35,56953.05,0
2025-07-21 15:15:00+05:30,56955.0,56983.45,56901.3,56916.75,0
2025-07-22 09:15:00+05:30,57253.35,57286.15,56916.65,56975.25,0
2025-07-22 09:45:00+05:30,56974.65,57058.5,56948.6,57029.1,0
2025-07-22 10:15:00+05:30,57029.75,57122.3,56950.2,56956.15,0
2025-07-22 10:45:00+05:30,56955.95,56992.9,56863.7,56916.05,0
2025-07-22 11:15:00+05:30,56917.15,56923.1,56861.85,56884.55,0
2025-07-22 11:45:00+05:30,56883.75,56916.75,56807.25,56882.6,0
2025-07-22 12:15:00+05:30,56884.7,56969.7,56875.05,56948.7,0
2025-07-22 12:45:00+05:30,56947.15,56967.95,56873.95,56888.45,0
2025-07-22 13:15:00+05:30,56887.75,56897.3,56824.05,56834.55,0
2025-07-22 13:45:00+05:30,56834.35,56884.1,56791.45,56827.2,0
2025-07-22 14:15:00+05:30,56828.0,56832.35,56730.45,56807.7,0
2025-07-22 14:45:00+05:30,56807.7,56841.6,56736.2,56769.5,0
2025-07-22 15:15:00+05:30,56771.25,56784.9,56692.0,56721.75,0
2025-07-23 09:15:00+05:30,56918.15,56949.6,56715.8,56755.85,0
2025-07-23 09:45:00+05:30,56754.8,56783.8,56722.4,56761.1,0
2025-07-23 10:15:00+05:30,56759.25,56828.4,56727.3,56826.2,0
2025-07-23 10:45:00+05:30,56826.3,56881.7,56814.7,56862.55,0
2025-07-23 11:15:00+05:30,56859.45,56871.65,56785.25,56843.7,0
2025-07-23 11:45:00+05:30,56843.55,56957.65,56837.75,56939.7,0
2025-07-23 12:15:00+05:30,56938.2,57089.5,56934.15,57033.1,0
2025-07-23 12:45:00+05:30,57032.75,57096.65,57004.05,57049.5,0
2025-07-23 13:15:00+05:30,57050.5,57113.15,57025.95,57096.95,0
2025-07-23 13:45:00+05:30,57095.5,57194.3,57095.5,57192.35,0
2025-07-23 14:15:00+05:30,57192.25,57217.4,57138.05,57199.85,0
2025-07-23 14:45:00+05:30,57199.35,57249.0,57183.3,57212.9,0
2025-07-23 15:15:00+05:30,57210.45,57219.45,57176.2,57191.65,0
2025-07-24 09:15:00+05:30,57316.6,57316.6,57031.6,57097.0,0
2025-07-24 09:45:00+05:30,57097.4,57100.6,56993.0,56998.05,0
2025-07-24 10:15:00+05:30,56997.75,57088.2,56978.2,57086.45,0
2025-07-24 10:45:00+05:30,57089.35,57107.25,57023.15,57031.3,0
2025-07-24 11:15:00+05:30,57031.3,57078.7,56928.95,56951.25,0
2025-07-24 11:45:00+05:30,56950.45,56983.0,56850.9,56905.95,0
2025-07-24 12:15:00+05:30,56905.45,56981.75,56899.4,56937.35,0
2025-07-24 12:45:00+05:30,56939.05,56954.55,56854.15,56931.8,0
2025-07-24 13:15:00+05:30,56931.9,57094.95,56913.05,57076.05,0
2025-07-24 13:45:00+05:30,57076.7,57148.7,57016.45,57107.75,0
2025-07-24 14:15:00+05:30,57106.85,57151.05,57057.5,57095.15,0
2025-07-24 14:45:00+05:30,57097.4,57110.8,57050.95,57074.75,0
2025-07-24 15:15:00+05:30,57075.7,57086.7,57001.55,57033.7,0
2025-07-25 09:15:00+05:30,57170.7,57170.7,56869.3,57004.8,0
2025-07-25 09:45:00+05:30,57006.05,57051.6,56914.8,56941.8,0
2025-07-25 10:15:00+05:30,56940.95,56940.95,56710.15,56774.15,0
2025-07-25 10:45:00+05:30,56773.8,56773.8,56644.0,56657.75,0
2025-07-25 11:15:00+05:30,56659.55,56778.8,56626.85,56664.6,0
2025-07-25 11:45:00+05:30,56663.7,56666.1,56526.35,56547.7,0
2025-07-25 12:15:00+05:30,56547.35,56600.3,56465.1,56533.6,0
2025-07-25 12:45:00+05:30,56532.65,56570.4,56491.25,56554.55,0
2025-07-25 13:15:00+05:30,56554.25,56591.0,56439.4,56555.65,0
2025-07-25 13:45:00+05:30,56555.45,56610.9,56489.55,56504.15,0
2025-07-25 14:15:00+05:30,56504.25,56546.95,56466.4,56505.75,0
2025-07-25 14:45:00+05:30,56505.9,56564.15,56463.85,56551.9,0
2025-07-25 15:15:00+05:30,56550.05,56553.55,56475.75,56520.45,0
2025-07-28 09:15:00+05:30,56215.1,56522.2,56186.85,56349.1,0
2025-07-28 09:45:00+05:30,56348.65,56478.6,56338.65,56478.6,0
2025-07-28 10:15:00+05:30,56478.05,56578.4,56417.55,56428.0,0
2025-07-28 10:45:00+05:30,56427.95,56520.05,56331.6,56418.0,0
2025-07-28 11:15:00+05:30,56418.1,56477.4,56385.25,56399.45,0
2025-07-28 11:45:00+05:30,56399.1,56404.05,56335.5,56361.05,0
2025-07-28 12:15:00+05:30,56360.3,56410.05,56326.4,56336.7,0
2025-07-28 12:45:00+05:30,56329.25,56347.0,56147.3,56163.0,0
2025-07-28 13:15:00+05:30,56162.95,56175.45,56023.0,56056.55,0
2025-07-28 13:45:00+05:30,56056.05,56118.5,55997.45,56060.3,0
2025-07-28 14:15:00+05:30,56064.75,56178.15,56040.35,56171.45,0
2025-07-28 14:45:00+05:30,56170.25,56170.25,56070.7,56074.5,0
2025-07-28 15:15:00+05:30,56074.4,56113.35,56051.95,56080.15,0
2025-07-29 09:15:00+05:30,55881.8,56117.45,55843.25,56067.2,0
2025-07-29 09:45:00+05:30,56062.85,56148.95,56032.5,56048.0,0
2025-07-29 10:15:00+05:30,56049.85,56067.05,55938.2,55969.2,0
2025-07-29 10:45:00+05:30,55965.15,55977.5,55897.95,55962.7,0
2025-07-29 11:15:00+05:30,55963.9,56094.0,55961.05,55986.9,0
2025-07-29 11:45:00+05:30,55987.95,56054.4,55956.2,56036.0,0
2025-07-29 12:15:00+05:30,56040.8,56068.55,55980.95,56005.4,0
2025-07-29 12:45:00+05:30,56006.45,56102.95,55992.1,56084.55,0
2025-07-29 13:15:00+05:30,56083.3,56159.95,56075.05,56138.25,0
2025-07-29 13:45:00+05:30,56138.5,56296.4,56138.5,56251.35,0
2025-07-29 14:15:00+05:30,56250.75,56282.75,56082.1,56143.7,0
2025-07-29 14:45:00+05:30,56144.55,56228.85,56086.0,56206.55,0
2025-07-29 15:15:00+05:30,56207.45,56279.3,56202.4,56230.15,0
2025-07-30 09:15:00+05:30,56310.1,56320.35,56104.65,56239.0,0
2025-07-30 09:45:00+05:30,56244.55,56250.3,56128.6,56201.95,0
2025-07-30 10:15:00+05:30,56201.35,56210.85,56118.0,56144.05,0
2025-07-30 10:45:00+05:30,56147.2,56211.6,56064.55,56210.1,0
2025-07-30 11:15:00+05:30,56208.65,56321.15,56191.5,56268.75,0
2025-07-30 11:45:00+05:30,56265.0,56314.1,56228.4,56233.15,0
2025-07-30 12:15:00+05:30,56231.1,56292.75,56216.0,56226.2,0
2025-07-30 12:45:00+05:30,56225.15,56263.25,56156.7,56190.55,0
2025-07-30 13:15:00+05:30,56189.65,56264.9,56163.75,56222.9,0
2025-07-30 13:45:00+05:30,56227.55,56239.55,56152.75,56188.2,0
2025-07-30 14:15:00+05:30,56184.85,56254.95,56172.65,56185.55,0
2025-07-30 14:45:00+05:30,56181.05,56214.5,56133.25,56139.25,0
2025-07-30 15:15:00+05:30,56144.8,56160.9,56098.5,56114.6,0
2025-07-31 09:15:00+05:30,55728.15,55959.4,55694.35,55843.05,0
2025-07-31 09:45:00+05:30,55843.95,55856.3,55561.65,55607.2,0
2025-07-31 10:15:00+05:30,55606.75,55653.55,55547.35,55632.6,0
2025-07-31 10:45:00+05:30,55635.75,55877.55,55618.55,55807.95,0
2025-07-31 11:15:00+05:30,55808.85,56056.3,55789.55,56035.5,0
2025-07-31 11:45:00+05:30,56039.3,56121.75,55905.5,56091.55,0
2025-07-31 12:15:00+05:30,56089.95,56273.45,56076.6,56216.4,0
2025-07-31 12:45:00+05:30,56217.15,56362.6,56194.6,56306.55,0
2025-07-31 13:15:00+05:30,56304.65,56406.2,56285.5,56304.9,0
2025-07-31 13:45:00+05:30,56305.4,56380.75,56261.8,56308.0,0
2025-07-31 14:15:00+05:30,56307.2,56312.2,56092.2,56197.05,0
2025-07-31 14:45:00+05:30,56193.05,56203.15,55939.35,55967.65,0
2025-07-31 15:15:00+05:30,55968.2,55999.6,55906.45,55992.65,0
2025-08-01 09:15:00+05:30,55897.15,55977.75,55774.7,55875.4,0
2025-08-01 09:45:00+05:30,55876.05,55986.45,55831.55,55982.0,0
2025-08-01 10:15:00+05:30,55984.25,56097.6,55958.15,56062.1,0
2025-08-01 10:45:00+05:30,56061.7,56077.95,55883.4,55896.95,0
2025-08-01 11:15:00+05:30,55897.65,55906.85,55797.55,55808.95,0
2025-08-01 11:45:00+05:30,55810.55,55889.5,55755.7,55807.2,0
2025-08-01 12:15:00+05:30,55808.7,55895.55,55729.35,55777.8,0
2025-08-01 12:45:00+05:30,55778.4,55831.1,55757.8,55809.45,0
2025-08-01 13:15:00+05:30,55809.7,55923.05,55748.4,55826.85,0
2025-08-01 13:45:00+05:30,55827.25,55834.3,55743.8,55792.85,0
2025-08-01 14:15:00+05:30,55793.2,55814.55,55692.35,55709.05,0
2025-08-01 14:45:00+05:30,55708.9,55738.4,55562.1,55591.55,0
2025-08-01 15:15:00+05:30,55594.5,55658.9,55570.05,55636.15,0
2025-08-04 09:15:00+05:30,55557.5,55752.45,55535.45,55536.4,0
2025-08-04 09:45:00+05:30,55536.4,55608.1,55437.3,55528.05,0
2025-08-04 10:15:00+05:30,55528.15,55652.0,55528.15,55588.5,0
2025-08-04 10:45:00+05:30,55590.4,55597.25,55462.75,55578.65,0
2025-08-04 11:15:00+05:30,55578.75,55641.55,55541.3,55616.0,0
2025-08-04 11:45:00+05:30,55614.35,55670.2,55599.45,55635.65,0
2025-08-04 12:15:00+05:30,55637.7,55721.2,55608.3,55649.1,0
2025-08-04 12:45:00+05:30,55649.15,55674.5,55604.5,55631.3,0
2025-08-04 13:15:00+05:30,55631.0,55652.4,55511.9,55609.4,0
2025-08-04 13:45:00+05:30,55608.7,55689.75,55542.2,55604.7,0
2025-08-04 14:15:00+05:30,55611.2,55657.25,55576.65,55584.95,0
2025-08-04 14:45:00+05:30,55578.65,55649.45,55568.7,55613.65,0
2025-08-04 15:15:00+05:30,55613.4,55656.95,55612.9,55643.95,0
2025-08-05 09:15:00+05:30,55545.05,55648.15,55460.1,55487.1,0
2025-08-05 09:45:00+05:30,55486.6,55533.45,55419.35,55481.3,0
2025-08-05 10:15:00+05:30,55479.75,55506.2,55382.4,55437.8,0
2025-08-05 10:45:00+05:30,55435.35,55462.3,55370.2,55456.85,0
2025-08-05 11:15:00+05:30,55456.5,55476.0,55409.05,55463.8,0
2025-08-05 11:45:00+05:30,55465.25,55520.3,55409.9,55492.55,0
2025-08-05 12:15:00+05:30,55496.05,55518.95,55431.8,55448.35,0
2025-08-05 12:45:00+05:30,55453.7,55454.6,55374.1,55394.35,0
2025-08-05 13:15:00+05:30,55391.8,55396.15,55227.65,55251.15,0
2025-08-05 13:45:00+05:30,55255.25,55300.15,55202.85,55250.35,0
2025-08-05 14:15:00+05:30,55246.7,55329.75,55219.25,55310.2,0
2025-08-05 14:45:00+05:30,55313.4,55403.8,55244.7,55398.9,0
2025-08-05 15:15:00+05:30,55399.55,55410.45,55332.4,55393.55,0
2025-08-06 09:15:00+05:30,55329.8,55485.25,55306.6,55410.25,0
2025-08-06 09:45:00+05:30,55408.45,55507.2,55276.15,55354.2,0
2025-08-06 10:15:00+05:30,55354.55,55499.0,55241.85,55279.9,0
2025-08-06 10:45:00+05:30,55279.45,55301.9,55227.7,55270.45,0
2025-08-06 11:15:00+05:30,55270.05,55305.1,55242.25,55297.4,0
2025-08-06 11:45:00+05:30,55297.55,55365.85,55264.45,55338.65,0
2025-08-06 12:15:00+05:30,55337.8,55463.25,55335.2,55395.95,0
2025-08-06 12:45:00+05:30,55392.6,55460.3,55351.55,55444.1,0
2025-08-06 13:15:00+05:30,55444.7,55559.4,55434.45,55515.65,0
2025-08-06 13:45:00+05:30,55513.85,55517.5,55408.1,55420.2,0
2025-08-06 14:15:00+05:30,55418.45,55488.2,55310.4,55369.5,0
2025-08-06 14:45:00+05:30,55368.1,55420.3,55347.65,55397.25,0
2025-08-06 15:15:00+05:30,55396.9,55470.8,55392.15,55422.25,0
2025-08-07 09:15:00+05:30,55215.65,55363.7,55215.65,55250.55,0
2025-08-07 09:45:00+05:30,55250.6,55288.9,55148.3,55173.25,0
2025-08-07 10:15:00+05:30,55173.25,55205.8,55076.4,55130.9,0
2025-08-07 10:45:00+05:30,55130.6,55145.75,55084.2,55111.45,0
2025-08-07 11:15:00+05:30,55113.35,55191.7,55105.4,55117.7,0
2025-08-07 11:45:00+05:30,55119.95,55202.75,55096.7,55172.4,0
2025-08-07 12:15:00+05:30,55175.0,55196.25,55110.75,55136.8,0
2025-08-07 12:45:00+05:30,55136.9,55151.5,55092.25,55115.8,0
2025-08-07 13:15:00+05:30,55115.4,55123.95,54973.55,55025.0,0
2025-08-07 13:45:00+05:30,55024.45,55142.45,55002.25,55124.3,0
2025-08-07 14:15:00+05:30,55122.4,55320.4,55122.4,55311.3,0
2025-08-07 14:45:00+05:30,55309.5,55551.8,55272.4,55513.4,0
2025-08-07 15:15:00+05:30,55514.15,55614.8,55509.3,55591.35,0
2025-08-08 09:15:00+05:30,55609.35,55652.6,55354.65,55376.75,0
2025-08-08 09:45:00+05:30,55380.65,55404.55,55230.3,55252.35,0
2025-08-08 10:15:00+05:30,55243.6,55324.1,55202.95,55231.2,0
2025-08-08 10:45:00+05:30,55231.2,55246.2,55157.5,55210.85,0
2025-08-08 11:15:00+05:30,55213.35,55221.25,55084.05,55122.35,0
2025-08-08 11:45:00+05:30,55123.3,55159.75,55078.6,55114.1,0
2025-08-08 12:15:00+05:30,55114.8,55203.3,55087.9,55179.6,0
2025-08-08 12:45:00+05:30,55179.6,55272.25,55102.1,55137.95,0
2025-08-08 13:15:00+05:30,55139.3,55198.6,55059.75,55187.5,0
2025-08-08 13:45:00+05:30,55187.4,55200.3,55070.0,55122.05,0
2025-08-08 14:15:00+05:30,55123.25,55183.7,55079.5,55159.8,0
2025-08-08 14:45:00+05:30,55163.75,55178.55,54927.15,54985.55,0
2025-08-08 15:15:00+05:30,54987.6,55023.9,54905.6,54925.45,0
2025-08-11 09:15:00+05:30,54999.35,55249.4,54927.55,55144.25,0
2025-08-11 09:45:00+05:30,55150.8,55222.65,55035.1,55215.75,0
2025-08-11 10:15:00+05:30,55216.2,55319.7,55201.85,55278.65,0
2025-08-11 10:45:00+05:30,55277.35,55309.05,55203.0,55235.45,0
2025-08-11 11:15:00+05:30,55233.25,55303.85,55177.5,55182.15,0
2025-08-11 11:45:00+05:30,55182.45,55196.45,55128.8,55170.1,0
2025-08-11 12:15:00+05:30,55169.45,55228.7,55143.15,55226.35,0
2025-08-11 12:45:00+05:30,55231.6,55321.95,55214.7,55226.05,0
2025-08-11 13:15:00+05:30,55226.25,55333.05,55208.9,55315.5,0
2025-08-11 13:45:00+05:30,55316.65,55412.8,55273.4,55403.7,0
2025-08-11 14:15:00+05:30,55405.95,55509.7,55362.25,55413.45,0
2025-08-11 14:45:00+05:30,55413.25,55553.4,55410.45,55518.95,0
2025-08-11 15:15:00+05:30,55515.2,55582.15,55418.5,55423.55,0
2025-08-12 09:15:00+05:30,55441.1,55453.35,55217.3,55441.0,0
2025-08-12 09:45:00+05:30,55451.4,55566.7,55427.1,55449.35,0
2025-08-12 10:15:00+05:30,55448.35,55486.5,55206.1,55292.05,0
2025-08-12 10:45:00+05:30,55292.3,55326.85,55188.85,55201.8,0
2025-08-12 11:15:00+05:30,55201.8,55298.9,55193.7,55250.85,0
2025-08-12 11:45:00+05:30,55251.85,55276.8,55201.0,55265.2,0
2025-08-12 12:15:00+05:30,55265.6,55408.75,55257.45,55383.85,0
2025-08-12 12:45:00+05:30,55391.15,55391.15,55312.65,55320.55,0
2025-08-12 13:15:00+05:30,55320.55,55320.6,55163.25,55174.95,0
2025-08-12 13:45:00+05:30,55176.0,55279.6,55114.9,55133.9,0
2025-08-12 14:15:00+05:30,55139.95,55164.6,55068.15,55069.75,0
2025-08-12 14:45:00+05:30,55069.9,55132.35,55001.5,55043.05,0
2025-08-12 15:15:00+05:30,55043.75,55085.75,55013.2,55039.35,0
2025-08-13 09:15:00+05:30,55340.05,55340.05,55094.85,55167.35,0
2025-08-13 09:45:00+05:30,55167.55,55218.65,55114.45,55119.35,0
2025-08-13 10:15:00+05:30,55123.45,55160.7,55046.05,55063.05,0
2025-08-13 10:45:00+05:30,55063.05,55170.95,55026.95,55118.35,0
2025-08-13 11:15:00+05:30,55117.55,55161.1,55069.85,55074.15,0
2025-08-13 11:45:00+05:30,55074.85,55113.1,55031.8,55099.6,0
2025-08-13 12:15:00+05:30,55100.6,55191.5,55075.75,55183.9,0
2025-08-13 12:45:00+05:30,55185.2,55232.9,55170.8,55172.6,0
2025-08-13 13:15:00+05:30,55181.5,55196.7,55110.4,55169.1,0
2025-08-13 13:45:00+05:30,55168.3,55271.9,55161.9,55256.35,0
2025-08-13 14:15:00+05:30,55255.55,55255.55,55167.3,55243.6,0
2025-08-13 14:45:00+05:30,55243.85,55263.25,55161.85,55172.8,0
2025-08-13 15:15:00+05:30,55174.1,55205.9,55159.7,55164.05,0
2025-08-14 09:15:00+05:30,55102.55,55399.8,55074.3,55389.5,0
2025-08-14 09:45:00+05:30,55388.35,55419.9,55313.7,55343.55,0
2025-08-14 10:15:00+05:30,55344.1,55472.8,55334.2,55388.6,0
2025-08-14 10:45:00+05:30,55389.2,55400.1,55292.7,55300.55,0
2025-08-14 11:15:00+05:30,55306.7,55360.0,55256.85,55272.5,0
2025-08-14 11:45:00+05:30,55274.15,55361.0,55230.05,55328.65,0
2025-08-14 12:15:00+05:30,55331.2,55405.8,55328.0,55352.3,0
2025-08-14 12:45:00+05:30,55347.9,55442.8,55337.2,55395.65,0
2025-08-14 13:15:00+05:30,55395.45,55429.45,55304.55,55369.4,0
2025-08-14 13:45:00+05:30,55367.65,55386.3,55331.1,55355.3,0
2025-08-14 14:15:00+05:30,55350.9,55377.4,55254.9,55321.8,0
2025-08-14 14:45:00+05:30,55324.0,55426.2,55320.85,55340.75,0
2025-08-14 15:15:00+05:30,55340.25,55354.95,55288.5,55318.05,0
2025-08-18 09:15:00+05:30,55940.6,56143.45,55822.7,56104.55,0
2025-08-18 09:45:00+05:30,56102.45,56156.3,56025.35,56026.1,0
2025-08-18 10:15:00+05:30,56026.2,56070.2,56001.0,56034.35,0
2025-08-18 10:45:00+05:30,56036.75,56041.85,55892.1,55909.85,0
2025-08-18 11:15:00+05:30,55910.0,56011.8,55902.45,55946.9,0
2025-08-18 11:45:00+05:30,55947.4,55974.1,55711.3,55714.75,0
2025-08-18 12:15:00+05:30,55714.4,55750.35,55647.65,55739.4,0
2025-08-18 12:45:00+05:30,55738.65,55831.6,55731.45,55818.5,0
2025-08-18 13:15:00+05:30,55818.7,55834.15,55735.4,55787.35,0
2025-08-18 13:45:00+05:30,55788.65,55799.4,55692.8,55777.7,0
2025-08-18 14:15:00+05:30,55776.65,55835.95,55751.75,55797.6,0
2025-08-18 14:45:00+05:30,55799.3,55845.6,55722.05,55727.4,0
2025-08-18 15:15:00+05:30,55733.7,55765.85,55701.3,55745.55,0
2025-08-19 09:15:00+05:30,55622.3,55791.8,55608.15,55660.7,0
2025-08-19 09:45:00+05:30,55659.4,55714.0,55617.35,55700.35,0
2025-08-19 10:15:00+05:30,55699.45,55724.95,55644.95,55708.95,0
2025-08-19 10:45:00+05:30,55709.35,55812.0,55683.85,55789.25,0
2025-08-19 11:15:00+05:30,55793.7,55867.1,55769.1,55815.5,0
2025-08-19 11:45:00+05:30,55815.95,55915.35,55815.0,55905.5,0
2025-08-19 12:15:00+05:30,55905.7,55965.55,55852.9,55883.05,0
2025-08-19 12:45:00+05:30,55885.15,55927.8,55856.05,55911.8,0
2025-08-19 13:15:00+05:30,55911.5,55939.7,55783.6,55831.75,0
2025-08-19 13:45:00+05:30,55833.9,55838.4,55724.6,55763.95,0
2025-08-19 14:15:00+05:30,55769.35,55903.6,55740.8,55841.1,0
2025-08-19 14:45:00+05:30,55839.0,55878.3,55813.75,55856.4,0
2025-08-19 15:15:00+05:30,55855.25,55888.5,55836.9,55849.8,0
2025-08-20 09:15:00+05:30,55751.5,55812.6,55606.6,55684.25,0
2025-08-20 09:45:00+05:30,55682.6,55724.5,55577.35,55724.5,0
2025-08-20 10:15:00+05:30,55726.45,55739.15,55656.65,55680.2,0
2025-08-20 10:45:00+05:30,55680.05,55687.15,55609.0,55676.3,0
2025-08-20 11:15:00+05:30,55676.3,55686.85,55612.7,55639.1,0
2025-08-20 11:45:00+05:30,55640.3,55662.85,55618.6,55654.75,0
2025-08-20 12:15:00+05:30,55654.75,55713.65,55642.9,55670.4,0
2025-08-20 12:45:00+05:30,55669.1,55739.1,55658.2,55706.55,0
2025-08-20 13:15:00+05:30,55706.9,55735.0,55662.7,55697.5,0
2025-08-20 13:45:00+05:30,55694.05,55785.6,55677.1,55759.9,0
2025-08-20 14:15:00+05:30,55761.0,55768.55,55650.6,55703.4,0
2025-08-20 14:45:00+05:30,55706.1,55738.7,55676.25,55696.2,0
2025-08-20 15:15:00+05:30,55694.0,55728.95,55677.75,55702.1,0
2025-08-21 09:15:00+05:30,55972.05,55993.65,55720.45,55750.0,0
2025-08-21 09:45:00+05:30,55750.35,55958.55,55748.7,55915.1,0
2025-08-21 10:15:00+05:30,55913.15,55965.7,55899.45,55915.25,0
2025-08-21 10:45:00+05:30,55915.35,55928.75,55876.05,55903.5,0
2025-08-21 11:15:00+05:30,55905.05,55928.1,55837.5,55866.4,0
2025-08-21 11:45:00+05:30,55867.65,55873.5,55780.1,55786.35,0
2025-08-21 12:15:00+05:30,55787.35,55838.65,55754.4,55812.05,0
2025-08-21 12:45:00+05:30,55812.05,55834.7,55778.5,55815.35,0
2025-08-21 13:15:00+05:30,55814.65,55822.55,55725.95,55764.4,0
2025-08-21 13:45:00+05:30,55766.7,55838.4,55756.2,55836.9,0
2025-08-21 14:15:00+05:30,55837.65,55894.65,55781.75,55811.0,0
2025-08-21 14:45:00+05:30,55810.9,55835.35,55730.65,55741.7,0
2025-08-21 15:15:00+05:30,55742.5,55756.7,55708.2,55733.9,0
2025-08-22 09:15:00+05:30,55669.25,55745.0,55408.2,55456.35,0
2025-08-22 09:45:00+05:30,55456.75,55475.8,55300.9,55342.4,0
2025-08-22 10:15:00+05:30,55336.95,55342.15,55218.35,55255.15,0
2025-08-22 10:45:00+05:30,55256.8,55327.0,55237.55,55293.75,0
2025-08-22 11:15:00+05:30,55293.2,55338.2,55245.35,55327.2,0
2025-08-22 11:45:00+05:30,55327.05,55370.9,55307.9,55314.8,0
2025-08-22 12:15:00+05:30,55315.3,55337.35,55281.75,55334.35,0
2025-08-22 12:45:00+05:30,55333.65,55344.3,55290.75,55316.15,0
2025-08-22 13:15:00+05:30,55311.95,55343.25,55297.85,55334.55,0
2025-08-22 13:45:00+05:30,55339.7,55360.2,55276.95,55284.85,0
2025-08-22 14:15:00+05:30,55286.05,55287.2,55145.95,55200.25,0
2025-08-22 14:45:00+05:30,55199.1,55228.55,55137.3,55163.85,0
2025-08-22 15:15:00+05:30,55162.3,55170.3,55102.6,55152.45,0
2025-08-25 09:15:00+05:30,55147.75,55306.0,55081.0,55227.25,0
2025-08-25 09:45:00+05:30,55226.55,55232.25,55060.25,55076.45,0
2025-08-25 10:15:00+05:30,55076.8,55135.8,55048.4,55072.65,0
2025-08-25 10:45:00+05:30,55071.35,55164.3,55062.95,55111.9,0
2025-08-25 11:15:00+05:30,55112.2,55179.0,55100.05,55176.6,0
2025-08-25 11:45:00+05:30,55177.1,55201.2,55113.95,55183.2,0
2025-08-25 12:15:00+05:30,55183.75,55224.85,55175.25,55218.35,0
2025-08-25 12:45:00+05:30,55219.4,55248.65,55196.2,55240.85,0
2025-08-25 13:15:00+05:30,55241.85,55243.05,55183.6,55211.1,0
2025-08-25 13:45:00+05:30,55212.2,55246.05,55193.85,55219.35,0
2025-08-25 14:15:00+05:30,55219.0,55260.2,55116.05,55134.7,0
2025-08-25 14:45:00+05:30,55134.8,55237.6,55112.1,55121.0,0
2025-08-25 15:15:00+05:30,55122.45,55192.35,55117.0,55161.75,0
2025-08-26 09:15:00+05:30,54999.05,55068.9,54478.4,54510.25,0
2025-08-26 09:45:00+05:30,54511.2,54617.6,54511.2,54596.6,0
2025-08-26 10:15:00+05:30,54595.0,54619.5,54555.0,54567.75,0
2025-08-26 10:45:00+05:30,54567.65,54653.85,54528.95,54608.55,0
2025-08-26 11:15:00+05:30,54605.6,54717.45,54600.15,54627.15,0
2025-08-26 11:45:00+05:30,54627.15,54674.95,54595.45,54609.9,0
2025-08-26 12:15:00+05:30,54610.05,54639.85,54556.5,54571.0,0
2025-08-26 12:45:00+05:30,54572.8,54624.8,54551.75,54616.1,0
2025-08-26 13:15:00+05:30,54615.85,54643.5,54582.45,54599.2,0
2025-08-26 13:45:00+05:30,54599.4,54615.55,54462.7,54483.55,0
2025-08-26 14:15:00+05:30,54483.0,54545.45,54448.85,54499.55,0
2025-08-26 14:45:00+05:30,54496.95,54509.65,54409.2,54421.05,0
2025-08-26 15:15:00+05:30,54426.25,54478.8,54396.1,54416.45,0
2025-08-28 09:15:00+05:30,54256.0,54382.25,53916.1,54041.45,0
2025-08-28 09:45:00+05:30,54042.15,54209.55,53999.2,54058.3,0
2025-08-28 10:15:00+05:30,54054.95,54245.5,54004.55,54179.85,0
2025-08-28 10:45:00+05:30,54178.95,54353.3,54175.55,54245.0,0
2025-08-28 11:15:00+05:30,54244.35,54336.8,54232.45,54295.4,0
2025-08-28 11:45:00+05:30,54295.15,54301.3,54126.25,54188.1,0
2025-08-28 12:15:00+05:30,54190.6,54204.9,54089.55,54092.9,0
2025-08-28 12:45:00+05:30,54091.3,54136.75,53967.25,53990.15,0
2025-08-28 13:15:00+05:30,54000.35,54043.85,53945.9,53981.65,0
2025-08-28 13:45:00+05:30,53984.65,54047.65,53908.8,54015.75,0
2025-08-28 14:15:00+05:30,54010.8,54036.8,53858.3,53904.75,0
2025-08-28 14:45:00+05:30,53909.25,53910.25,53768.45,53827.45,0
2025-08-28 15:15:00+05:30,53820.7,53956.8,53805.45,53894.25,0
2025-08-29 09:15:00+05:30,53660.35,54006.95,53660.35,53962.4,0
2025-08-29 09:45:00+05:30,53957.05,53972.95,53868.35,53887.35,0
2025-08-29 10:15:00+05:30,53887.7,54086.0,53868.25,54071.3,0
2025-08-29 10:45:00+05:30,54071.05,54073.4,53952.35,53986.15,0
2025-08-29 11:15:00+05:30,53985.65,54025.05,53950.35,54009.9,0
2025-08-29 11:45:00+05:30,54006.25,54039.55,53922.8,53991.65,0
2025-08-29 12:15:00+05:30,53990.05,53991.7,53904.1,53916.85,0
2025-08-29 12:45:00+05:30,53916.1,53942.2,53805.65,53808.45,0
2025-08-29 13:15:00+05:30,53807.8,53871.85,53803.45,53820.1,0
2025-08-29 13:45:00+05:30,53821.25,53842.5,53724.1,53794.5,0
2025-08-29 14:15:00+05:30,53794.45,53839.9,53690.5,53699.95,0
2025-08-29 14:45:00+05:30,53700.35,53750.1,53606.9,53609.25,0
2025-08-29 15:15:00+05:30,53613.25,53748.35,53606.45,53692.85,0
2025-09-01 09:15:00+05:30,53658.15,53982.55,53658.15,53949.1,0
2025-09-01 09:45:00+05:30,53948.3,53988.25,53864.15,53864.15,0
2025-09-01 10:15:00+05:30,53860.9,53896.4,53755.75,53804.0,0
2025-09-01 10:45:00+05:30,53818.0,53865.35,53798.4,53829.15,0
2025-09-01 11:15:00+05:30,53828.8,53857.7,53793.25,53800.75,0
2025-09-01 11:45:00+05:30,53800.05,53807.45,53717.0,53788.95,0
2025-09-01 12:15:00+05:30,53789.05,53878.7,53761.4,53860.45,0
2025-09-01 12:45:00+05:30,53860.75,53919.05,53848.15,53917.5,0
2025-09-01 13:15:00+05:30,53916.1,53949.95,53878.9,53908.65,0
2025-09-01 13:45:00+05:30,53911.1,53944.3,53884.75,53935.3,0
2025-09-01 14:15:00+05:30,53933.95,53939.5,53873.25,53930.25,0
2025-09-01 14:45:00+05:30,53930.4,54017.7,53907.4,54002.95,0
2025-09-01 15:15:00+05:30,54000.9,54035.85,53984.95,53993.4,0
2025-09-02 09:15:00+05:30,54038.25,54153.8,53912.2,54058.15,0
2025-09-02 09:45:00+05:30,54058.05,54160.95,54052.25,54096.9,0
2025-09-02 10:15:00+05:30,54096.65,54117.65,54045.85,54111.85,0
2025-09-02 10:45:00+05:30,54107.0,54140.45,54079.05,54104.55,0
2025-09-02 11:15:00+05:30,54101.2,54103.25,54033.7,54073.4,0
2025-09-02 11:45:00+05:30,54075.1,54082.35,54003.75,54016.95,0
2025-09-02 12:15:00+05:30,54018.2,54093.8,53976.0,54046.55,0
2025-09-02 12:45:00+05:30,54044.9,54064.45,53961.75,53985.6,0
2025-09-02 13:15:00+05:30,53987.25,53998.1,53806.65,53818.55,0
2025-09-02 13:45:00+05:30,53817.1,53854.95,53578.0,53652.5,0
2025-09-02 14:15:00+05:30,53643.3,53738.3,53624.2,53708.9,0
2025-09-02 14:45:00+05:30,53718.15,53765.95,53645.5,53670.2,0
2025-09-02 15:15:00+05:30,53675.55,53691.1,53619.9,53627.25,0
2025-09-03 09:15:00+05:30,53630.75,53744.7,53561.75,53644.75,0
2025-09-03 09:45:00+05:30,53646.0,53866.75,53641.6,53853.7,0
2025-09-03 10:15:00+05:30,53851.85,53855.35,53700.1,53707.55,0
2025-09-03 10:45:00+05:30,53703.55,53743.15,53667.3,53706.5,0
2025-09-03 11:15:00+05:30,53705.0,53750.75,53665.8,53694.1,0
2025-09-03 11:45:00+05:30,53696.7,53755.15,53647.75,53750.95,0
2025-09-03 12:15:00+05:30,53749.5,53814.65,53734.05,53744.85,0
2025-09-03 12:45:00+05:30,53740.55,53771.55,53633.95,53679.85,0
2025-09-03 13:15:00+05:30,53680.95,53741.55,53669.45,53733.9,0
2025-09-03 13:45:00+05:30,53733.1,53892.3,53729.1,53862.8,0
2025-09-03 14:15:00+05:30,53863.5,53963.7,53856.7,53930.9,0
2025-09-03 14:45:00+05:30,53929.75,54136.15,53921.6,54096.1,0
2025-09-03 15:15:00+05:30,54093.7,54100.8,54028.0,54071.75,0
2025-09-04 09:15:00+05:30,54379.6,54450.55,54195.7,54313.1,0
2025-09-04 09:45:00+05:30,54308.6,54420.25,54217.2,54221.2,0
2025-09-04 10:15:00+05:30,54218.05,54307.25,54145.65,54195.45,0
2025-09-04 10:45:00+05:30,54196.3,54263.85,54178.55,54198.0,0
2025-09-04 11:15:00+05:30,54197.65,54261.25,54171.15,54193.1,0
2025-09-04 11:45:00+05:30,54191.95,54249.0,54132.25,54181.15,0
2025-09-04 12:15:00+05:30,54187.15,54251.85,54107.9,54247.8,0
2025-09-04 12:45:00+05:30,54247.7,54273.95,54194.45,54221.7,0
2025-09-04 13:15:00+05:30,54222.5,54272.95,54185.35,54197.3,0
2025-09-04 13:45:00+05:30,54197.3,54221.2,54095.1,54112.55,0
2025-09-04 14:15:00+05:30,54112.8,54139.4,53971.85,54116.75,0
2025-09-04 14:45:00+05:30,54115.3,54175.0,54025.4,54041.0,0
2025-09-04 15:15:00+05:30,54044.1,54111.25,54037.3,54101.1,0
2025-09-05 09:15:00+05:30,54308.05,54308.05,54040.25,54046.05,0
2025-09-05 09:45:00+05:30,54043.65,54093.75,53881.45,53882.9,0
2025-09-05 10:15:00+05:30,53883.25,53937.35,53746.2,53872.7,0
2025-09-05 10:45:00+05:30,53874.8,53896.0,53806.55,53884.4,0
2025-09-05 11:15:00+05:30,53884.05,53920.25,53840.9,53857.3,0
2025-09-05 11:45:00+05:30,53857.1,53866.8,53800.2,53800.2,0
2025-09-05 12:15:00+05:30,53802.7,53812.15,53719.55,53750.7,0
2025-09-05 12:45:00+05:30,53752.65,53815.0,53722.2,53811.55,0
2025-09-05 13:15:00+05:30,53813.95,53962.95,53798.35,53945.2,0
2025-09-05 13:45:00+05:30,53947.8,54139.9,53947.8,54028.65,0
2025-09-05 14:15:00+05:30,54034.35,54150.55,54014.75,54056.95,0
2025-09-05 14:45:00+05:30,54057.35,54172.45,54056.25,54093.75,0
2025-09-05 15:15:00+05:30,54094.25,54127.7,54078.7,54098.2,0
2025-09-08 09:15:00+05:30,54215.4,54329.2,54088.7,54296.95,0
2025-09-08 09:45:00+05:30,54296.2,54299.7,54135.45,54166.95,0
2025-09-08 10:15:00+05:30,54167.95,54206.05,54067.15,54142.9,0
2025-09-08 10:45:00+05:30,54146.15,54210.5,54078.05,54207.7,0
2025-09-08 11:15:00+05:30,54210.15,54314.4,54199.05,54305.8,0
2025-09-08 11:45:00+05:30,54302.7,54315.85,54232.65,54303.8,0
2025-09-08 12:15:00+05:30,54302.0,54358.7,54239.15,54339.0,0
2025-09-08 12:45:00+05:30,54339.6,54382.8,54315.75,54366.5,0
2025-09-08 13:15:00+05:30,54366.65,54378.2,54308.9,54336.0,0
2025-09-08 13:45:00+05:30,54339.6,54343.4,54280.6,54326.3,0
2025-09-08 14:15:00+05:30,54328.55,54518.7,54322.25,54492.15,0
2025-09-08 14:45:00+05:30,54492.0,54492.0,54137.1,54184.85,0
2025-09-08 15:15:00+05:30,54182.65,54257.85,54153.95,54222.3,0
2025-09-09 09:15:00+05:30,54330.55,54350.65,54191.1,54248.5,0
2025-09-09 09:45:00+05:30,54249.3,54275.45,54188.3,54197.05,0
2025-09-09 10:15:00+05:30,54200.85,54217.0,54146.7,54168.8,0
2025-09-09 10:45:00+05:30,54171.55,54202.45,54133.7,54176.35,0
2025-09-09 11:15:00+05:30,54173.0,54217.45,54141.05,54167.7,0
2025-09-09 11:45:00+05:30,54165.6,54178.95,54079.45,54127.25,0
2025-09-09 12:15:00+05:30,54127.45,54194.65,54117.35,54147.5,0
2025-09-09 12:45:00+05:30,54145.05,54182.55,54092.3,54154.9,0
2025-09-09 13:15:00+05:30,54156.8,54220.5,54139.7,54192.85,0
2025-09-09 13:45:00+05:30,54190.3,54252.15,54162.35,54244.9,0
2025-09-09 14:15:00+05:30,54244.6,54291.95,54145.35,54183.0,0
2025-09-09 14:45:00+05:30,54180.1,54262.95,54169.7,54225.7,0
2025-09-09 15:15:00+05:30,54219.9,54241.4,54176.85,54228.2,0
2025-09-10 09:15:00+05:30,54554.75,54554.75,54400.0,54519.8,0
2025-09-10 09:45:00+05:30,54519.8,54526.4,54443.25,54500.95,0
2025-09-10 10:15:00+05:30,54499.0,54705.2,54499.0,54568.25,0
2025-09-10 10:45:00+05:30,54568.05,54667.25,54540.0,54627.15,0
2025-09-10 11:15:00+05:30,54627.55,54635.4,54533.35,54570.6,0
2025-09-10 11:45:00+05:30,54568.75,54623.65,54535.6,54596.55,0
2025-09-10 12:15:00+05:30,54596.4,54629.35,54576.6,54604.25,0
2025-09-10 12:45:00+05:30,54604.9,54612.1,54504.3,54506.6,0
2025-09-10 13:15:00+05:30,54506.65,54559.8,54477.4,54556.7,0
2025-09-10 13:45:00+05:30,54557.8,54607.9,54540.35,54565.5,0
2025-09-10 14:15:00+05:30,54566.5,54572.6,54432.7,54441.5,0
2025-09-10 14:45:00+05:30,54442.65,54563.05,54442.65,54552.9,0
2025-09-10 15:15:00+05:30,54553.35,54565.5,54513.1,54532.65,0
2025-09-11 09:15:00+05:30,54413.05,54649.85,54402.4,54601.15,0
2025-09-11 09:45:00+05:30,54600.5,54621.25,54526.5,54547.85,0
2025-09-11 10:15:00+05:30,54547.85,54589.45,54540.7,54573.35,0
2025-09-11 10:45:00+05:30,54568.75,54630.65,54558.9,54618.6,0
2025-09-11 11:15:00+05:30,54621.6,54638.6,54531.05,54555.65,0
2025-09-11 11:45:00+05:30,54560.8,54646.25,54548.95,54642.5,0
2025-09-11 12:15:00+05:30,54645.45,54726.05,54637.55,54674.45,0
2025-09-11 12:45:00+05:30,54676.05,54733.9,54664.05,54699.0,0
2025-09-11 13:15:00+05:30,54699.55,54739.8,54658.75,54727.75,0
2025-09-11 13:45:00+05:30,54726.55,54750.85,54676.45,54734.5,0
2025-09-11 14:15:00+05:30,54735.7,54757.45,54612.8,54686.9,0
2025-09-11 14:45:00+05:30,54687.6,54723.1,54630.65,54651.3,0
2025-09-11 15:15:00+05:30,54651.0,54693.35,54625.9,54644.6,0
2025-09-12 09:15:00+05:30,54781.55,54847.7,54580.35,54630.55,0
2025-09-12 09:45:00+05:30,54634.35,54721.85,54625.5,54684.95,0
2025-09-12 10:15:00+05:30,54687.55,54726.2,54649.3,54710.55,0
2025-09-12 10:45:00+05:30,54711.5,54745.4,54674.1,54731.85,0
2025-09-12 11:15:00+05:30,54733.75,54852.25,54723.45,54803.05,0
2025-09-12 11:45:00+05:30,54803.45,54815.4,54750.85,54799.3,0
2025-09-12 12:15:00+05:30,54797.35,54839.9,54778.9,54815.45,0
2025-09-12 12:45:00+05:30,54815.05,54828.0,54766.45,54820.5,0
2025-09-12 13:15:00+05:30,54819.5,54833.5,54785.95,54788.6,0
2025-09-12 13:45:00+05:30,54789.7,54824.55,54749.85,54797.35,0
2025-09-12 14:15:00+05:30,54799.5,54828.85,54768.65,54819.5,0
2025-09-12 14:45:00+05:30,54819.4,54827.95,54780.3,54812.6,0
2025-09-12 15:15:00+05:30,54811.9,54826.1,54779.65,54784.55,0
2025-09-15 09:15:00+05:30,54884.05,54953.15,54808.1,54875.85,0
2025-09-15 09:45:00+05:30,54874.75,54920.15,54852.9,54895.5,0
2025-09-15 10:15:00+05:30,54895.75,54955.8,54862.0,54909.5,0
2025-09-15 10:45:00+05:30,54907.75,54941.4,54875.0,54912.25,0
2025-09-15 11:15:00+05:30,54908.35,54967.95,54890.05,54928.5,0
2025-09-15 11:45:00+05:30,54929.1,55018.7,54928.1,54987.6,0
2025-09-15 12:15:00+05:30,54988.7,55006.25,54938.85,54946.5,0
2025-09-15 12:45:00+05:30,54946.35,54973.0,54917.05,54953.75,0
2025-09-15 13:15:00+05:30,54955.25,54969.6,54807.5,54866.8,0
2025-09-15 13:45:00+05:30,54863.7,54927.95,54842.55,54889.6,0
2025-09-15 14:15:00+05:30,54888.1,54991.15,54874.1,54952.7,0
2025-09-15 14:45:00+05:30,54952.75,54970.25,54880.65,54889.85,0
2025-09-15 15:15:00+05:30,54888.9,54898.05,54840.4,54852.7,0
2025-09-16 09:15:00+05:30,54778.4,54995.7,54777.75,54995.7,0
2025-09-16 09:45:00+05:30,54996.5,55120.95,54975.2,55073.75,0
2025-09-16 10:15:00+05:30,55073.35,55117.1,55047.95,55078.7,0
2025-09-16 10:45:00+05:30,55077.05,55096.45,55040.7,55094.05,0
2025-09-16 11:15:00+05:30,55095.9,55155.25,55063.65,55134.6,0
2025-09-16 11:45:00+05:30,55134.8,55159.1,55090.2,55109.35,0
2025-09-16 12:15:00+05:30,55102.25,55175.15,55101.25,55142.75,0
2025-09-16 12:45:00+05:30,55142.95,55162.8,55057.65,55091.15,0
2025-09-16 13:15:00+05:30,55090.6,55116.25,55045.6,55104.55,0
2025-09-16 13:45:00+05:30,55103.05,55120.8,55026.35,55080.15,0
2025-09-16 14:15:00+05:30,55079.55,55165.0,55075.35,55143.7,0
2025-09-16 14:45:00+05:30,55142.7,55178.0,55091.5,55141.25,0
2025-09-16 15:15:00+05:30,55144.5,55185.45,55121.5,55166.8,0
2025-09-17 09:15:00+05:30,55158.35,55371.6,55146.55,55339.8,0
2025-09-17 09:45:00+05:30,55339.8,55347.2,55284.5,55286.35,0
2025-09-17 10:15:00+05:30,55286.1,55388.15,55234.55,55324.6,0
2025-09-17 10:45:00+05:30,55322.7,55397.05,55299.95,55369.2,0
2025-09-17 11:15:00+05:30,55365.25,55371.6,55307.25,55319.55,0
2025-09-17 11:45:00+05:30,55321.3,55368.9,55316.6,55368.25,0
2025-09-17 12:15:00+05:30,55368.15,55433.5,55354.9,55381.9,0
2025-09-17 12:45:00+05:30,55377.7,55423.7,55365.45,55410.45,0
2025-09-17 13:15:00+05:30,55410.3,55446.1,55401.15,55433.9,0
2025-09-17 13:45:00+05:30,55435.1,55451.55,55378.1,55396.3,0
2025-09-17 14:15:00+05:30,55395.95,55457.0,55376.7,55442.9,0
2025-09-17 14:45:00+05:30,55443.1,55540.75,55436.95,55497.25,0
2025-09-17 15:15:00+05:30,55494.4,55501.35,55444.65,55480.85,0
2025-09-18 09:15:00+05:30,55797.1,55835.25,55611.55,55719.35,0
2025-09-18 09:45:00+05:30,55718.9,55833.25,55703.55,55761.05,0
2025-09-18 10:15:00+05:30,55764.05,55812.45,55736.4,55781.8,0
2025-09-18 10:45:00+05:30,55786.45,55826.45,55770.6,55775.9,0
2025-09-18 11:15:00+05:30,55783.6,55810.85,55761.25,55763.2,0
2025-09-18 11:45:00+05:30,55768.1,55781.3,55720.95,55752.0,0
2025-09-18 12:15:00+05:30,55754.45,55777.7,55649.45,55683.65,0
2025-09-18 12:45:00+05:30,55680.95,55716.15,55490.9,55570.85,0
2025-09-18 13:15:00+05:30,55569.45,55655.3,55531.4,55642.85,0
2025-09-18 13:45:00+05:30,55642.75,55667.05,55535.1,55604.6,0
2025-09-18 14:15:00+05:30,55609.4,55613.75,55524.35,55556.45,0
2025-09-18 14:45:00+05:30,55556.5,55757.15,55551.2,55732.6,0
2025-09-18 15:15:00+05:30,55732.65,55764.7,55700.65,55716.5,0
2025-09-19 09:15:00+05:30,55647.95,55688.75,55491.4,55541.5,0
2025-09-19 09:45:00+05:30,55546.65,55584.15,55461.8,55516.0,0
2025-09-19 10:15:00+05:30,55517.45,55598.65,55437.6,55472.8,0
2025-09-19 10:45:00+05:30,55471.05,55490.95,55412.0,55434.5,0
2025-09-19 11:15:00+05:30,55433.5,55462.7,55401.95,55425.3,0
2025-09-19 11:45:00+05:30,55424.7,55471.0,55380.65,55444.25,0
2025-09-19 12:15:00+05:30,55448.0,55449.25,55362.35,55386.7,0
2025-09-19 12:45:00+05:30,55384.4,55482.45,55355.3,55471.45,0
2025-09-19 13:15:00+05:30,55474.25,55528.5,55457.25,55501.75,0
2025-09-19 13:45:00+05:30,55501.05,55536.1,55476.9,55518.6,0
2025-09-19 14:15:00+05:30,55517.95,55534.45,55421.6,55449.25,0
2025-09-19 14:45:00+05:30,55449.1,55486.2,55413.8,55465.6,0
2025-09-19 15:15:00+05:30,55466.1,55507.3,55437.65,55494.1,0
2025-09-22 09:15:00+05:30,55429.3,55582.1,55315.55,55557.45,0
2025-09-22 09:45:00+05:30,55555.5,55620.9,55512.9,55581.2,0
2025-09-22 10:15:00+05:30,55581.95,55666.35,55544.55,55601.9,0
2025-09-22 10:45:00+05:30,55602.9,55609.15,55532.4,55550.25,0
2025-09-22 11:15:00+05:30,55550.85,55553.85,55472.7,55528.55,0
2025-09-22 11:45:00+05:30,55529.7,55582.35,55505.95,55541.15,0
2025-09-22 12:15:00+05:30,55540.95,55589.05,55520.2,55574.55,0
2025-09-22 12:45:00+05:30,55575.8,55619.5,55546.1,55586.25,0
2025-09-22 13:15:00+05:30,55587.9,55588.25,55487.1,55517.0,0
2025-09-22 13:45:00+05:30,55518.05,55530.15,55412.9,55480.4,0
2025-09-22 14:15:00+05:30,55482.6,55484.15,55243.35,55252.0,0
2025-09-22 14:45:00+05:30,55253.65,55328.8,55215.6,55273.65,0
2025-09-22 15:15:00+05:30,55273.45,55320.1,55260.3,55280.7,0
2025-09-23 09:15:00+05:30,55248.7,55367.6,55159.0,55207.0,0
2025-09-23 09:45:00+05:30,55208.65,55347.5,55166.95,55317.65,0
2025-09-23 10:15:00+05:30,55316.3,55329.15,55199.8,55268.85,0
2025-09-23 10:45:00+05:30,55269.0,55309.5,55204.45,55214.2,0
2025-09-23 11:15:00+05:30,55214.85,55229.15,55181.55,55220.4,0
2025-09-23 11:45:00+05:30,55220.5,55322.3,55216.75,55317.9,0
2025-09-23 12:15:00+05:30,55317.05,55581.3,55303.05,55488.6,0
2025-09-23 12:45:00+05:30,55492.4,55560.4,55467.05,55522.85,0
2025-09-23 13:15:00+05:30,55522.75,55624.65,55507.0,55588.85,0
2025-09-23 13:45:00+05:30,55588.9,55662.0,55533.9,55544.5,0
2025-09-23 14:15:00+05:30,55546.35,55604.2,55479.8,55584.15,0
2025-09-23 14:45:00+05:30,55583.3,55594.4,55474.3,55512.5,0
2025-09-23 15:15:00+05:30,55512.2,55561.35,55496.65,55555.65,0
2025-09-24 09:15:00+05:30,55387.1,55511.1,55226.6,55270.35,0
2025-09-24 09:45:00+05:30,55270.45,55362.6,55237.5,55321.5,0
2025-09-24 10:15:00+05:30,55322.1,55355.6,55189.3,55215.6,0
2025-09-24 10:45:00+05:30,55213.7,55216.0,55051.85,55121.15,0
2025-09-24 11:15:00+05:30,55121.65,55148.0,55092.55,55113.05,0
2025-09-24 11:45:00+05:30,55116.8,55158.35,55081.35,55156.7,0
2025-09-24 12:15:00+05:30,55156.15,55207.05,55133.75,55138.35,0
2025-09-24 12:45:00+05:30,55130.5,55241.5,55118.55,55235.55,0
2025-09-24 13:15:00+05:30,55234.4,55283.75,55207.55,55215.85,0
2025-09-24 13:45:00+05:30,55212.9,55238.65,55123.35,55136.2,0
2025-09-24 14:15:00+05:30,55136.4,55176.8,55055.1,55092.15,0
2025-09-24 14:45:00+05:30,55090.7,55146.75,55040.45,55144.35,0
2025-09-24 15:15:00+05:30,55146.35,55157.0,55111.95,55131.4,0
2025-09-25 09:15:00+05:30,55061.65,55252.8,54993.55,55130.9,0
2025-09-25 09:45:00+05:30,55118.8,55210.9,55076.75,55153.05,0
2025-09-25 10:15:00+05:30,55153.0,55191.8,55075.2,55095.05,0
2025-09-25 10:45:00+05:30,55095.3,55154.35,55071.6,55136.4,0
2025-09-25 11:15:00+05:30,55136.95,55190.65,55066.1,55079.9,0
2025-09-25 11:45:00+05:30,55077.05,55100.8,55020.2,55069.55,0
2025-09-25 12:15:00+05:30,55066.25,55143.15,55055.1,55088.0,0
2025-09-25 12:45:00+05:30,55088.1,55276.65,55086.45,55216.9,0
2025-09-25 13:15:00+05:30,55221.0,55256.2,55161.35,55223.4,0
2025-09-25 13:45:00+05:30,55222.9,55243.95,55137.3,55192.15,0
2025-09-25 14:15:00+05:30,55186.6,55204.65,55090.85,55126.15,0
2025-09-25 14:45:00+05:30,55124.25,55132.75,54928.7,54944.9,0
2025-09-25 15:15:00+05:30,54946.65,54977.0,54903.3,54950.95,0
2025-09-26 09:15:00+05:30,54797.9,54897.0,54593.2,54664.9,0
2025-09-26 09:45:00+05:30,54668.4,54749.9,54635.1,54650.45,0
2025-09-26 10:15:00+05:30,54651.95,54719.35,54639.1,54708.05,0
2025-09-26 10:45:00+05:30,54702.5,54708.4,54538.45,54562.6,0
2025-09-26 11:15:00+05:30,54566.45,54588.5,54513.6,54546.5,0
2025-09-26 11:45:00+05:30,54548.55,54593.2,54499.95,54560.55,0
2025-09-26 12:15:00+05:30,54560.4,54587.95,54528.4,54568.4,0
2025-09-26 12:45:00+05:30,54568.55,54630.05,54537.95,54564.75,0
2025-09-26 13:15:00+05:30,54565.95,54578.45,54423.25,54425.6,0
2025-09-26 13:45:00+05:30,54424.8,54454.2,54310.95,54372.7,0
2025-09-26 14:15:00+05:30,54371.3,54417.15,54324.55,54406.9,0
2025-09-26 14:45:00+05:30,54410.35,54429.3,54325.45,54394.55,0
2025-09-26 15:15:00+05:30,54393.35,54422.2,54371.2,54417.35,0
2025-09-29 09:15:00+05:30,54460.4,54622.8,54366.2,54605.4,0
2025-09-29 09:45:00+05:30,54605.4,54625.7,54556.55,54585.1,0
2025-09-29 10:15:00+05:30,54585.1,54686.05,54574.45,54611.05,0
2025-09-29 10:45:00+05:30,54612.25,54631.1,54503.8,54517.0,0
2025-09-29 11:15:00+05:30,54514.0,54519.45,54343.2,54386.2,0
2025-09-29 11:45:00+05:30,54387.05,54412.4,54253.75,54279.5,0
2025-09-29 12:15:00+05:30,54279.5,54341.0,54255.95,54264.35,0
2025-09-29 12:45:00+05:30,54265.1,54504.3,54226.6,54497.4,0
2025-09-29 13:15:00+05:30,54500.35,54592.05,54421.2,54539.45,0
2025-09-29 13:45:00+05:30,54540.7,54672.05,54538.65,54607.15,0
2025-09-29 14:15:00+05:30,54610.2,54649.15,54488.2,54496.1,0
2025-09-29 14:45:00+05:30,54497.1,54514.55,54383.95,54471.75,0
2025-09-29 15:15:00+05:30,54473.95,54586.45,54445.25,54541.35,0
2025-09-30 09:15:00+05:30,54705.5,54793.05,54608.55,54677.1,0
2025-09-30 09:45:00+05:30,54669.3,54707.0,54564.65,54578.8,0
2025-09-30 10:15:00+05:30,54579.0,54651.35,54502.95,54557.55,0
2025-09-30 10:45:00+05:30,54554.5,54672.85,54536.3,54645.25,0
2025-09-30 11:15:00+05:30,54645.5,54685.0,54562.55,54630.4,0
2025-09-30 11:45:00+05:30,54630.35,54690.95,54574.1,54670.3,0
2025-09-30 12:15:00+05:30,54670.65,54771.15,54668.25,54710.4,0
2025-09-30 12:45:00+05:30,54711.75,54756.1,54667.5,54732.25,0
2025-09-30 13:15:00+05:30,54732.2,54761.15,54624.9,54656.3,0
2025-09-30 13:45:00+05:30,54654.3,54685.0,54560.65,54610.1,0
2025-09-30 14:15:00+05:30,54614.05,54715.0,54538.5,54686.3,0
2025-09-30 14:45:00+05:30,54685.45,54717.1,54577.5,54665.45,0
2025-09-30 15:15:00+05:30,54661.85,54686.4,54625.8,54679.75,0
2025-10-01 09:15:00+05:30,54653.9,54868.15,54582.55,54835.15,0
2025-10-01 09:45:00+05:30,54830.6,54968.1,54744.9,54940.65,0
2025-10-01 10:15:00+05:30,54937.25,55029.55,54855.95,54934.6,0
2025-10-01 10:45:00+05:30,54933.85,55080.55,54889.95,55079.1,0
2025-10-01 11:15:00+05:30,55078.1,55277.35,55077.6,55265.1,0
2025-10-01 11:45:00+05:30,55269.85,55394.35,55245.45,55290.4,0
2025-10-01 12:15:00+05:30,55289.9,55317.8,55179.75,55256.2,0
2025-10-01 12:45:00+05:30,55253.15,55274.75,55180.7,55267.05,0
2025-10-01 13:15:00+05:30,55266.5,55367.55,55226.4,55341.85,0
2025-10-01 13:45:00+05:30,55341.0,55391.2,55278.7,55337.95,0
2025-10-01 14:15:00+05:30,55341.7,55406.75,55294.3,55374.2,0
2025-10-01 14:45:00+05:30,55371.95,55396.7,55305.0,55312.2,0
2025-10-01 15:15:00+05:30,55313.05,55390.45,55307.05,55386.65,0
2025-10-03 09:15:00+05:30,55182.6,55430.65,55177.0,55362.25,0
2025-10-03 09:45:00+05:30,55361.95,55536.25,55316.35,55466.9,0
2025-10-03 10:15:00+05:30,55466.05,55478.05,55349.5,55364.2,0
2025-10-03 10:45:00+05:30,55360.75,55462.95,55331.4,55460.9,0
2025-10-03 11:15:00+05:30,55463.4,55526.3,55428.0,55433.75,0
2025-10-03 11:45:00+05:30,55431.85,55579.85,55413.0,55531.65,0
2025-10-03 12:15:00+05:30,55529.65,55559.65,55452.85,55537.4,0
2025-10-03 12:45:00+05:30,55536.8,55567.95,55463.2,55559.5,0
2025-10-03 13:15:00+05:30,55555.0,55557.95,55463.1,55526.65,0
2025-10-03 13:45:00+05:30,55526.1,55549.3,55484.7,55488.8,0
2025-10-03 14:15:00+05:30,55490.65,55610.85,55489.0,55604.0,0
2025-10-03 14:45:00+05:30,55603.3,55616.45,55552.75,55582.8,0
2025-10-03 15:15:00+05:30,55586.4,55608.4,55543.25,55596.95,0
2025-10-06 09:15:00+05:30,55834.7,55926.9,55727.25,55900.4,0
2025-10-06 09:45:00+05:30,55897.7,55975.15,55837.4,55967.65,0
2025-10-06 10:15:00+05:30,55971.15,56009.4,55920.9,55985.05,0
2025-10-06 10:45:00+05:30,55982.95,56052.7,55947.05,56041.8,0
2025-10-06 11:15:00+05:30,56041.8,56060.8,55973.6,56008.9,0
2025-10-06 11:45:00+05:30,56008.0,56066.85,55953.1,56065.8,0
2025-10-06 12:15:00+05:30,56065.35,56104.8,56046.65,56097.15,0
2025-10-06 12:45:00+05:30,56097.6,56164.2,56085.5,56147.3,0
2025-10-06 13:15:00+05:30,56144.35,56159.05,56088.05,56097.8,0
2025-10-06 13:45:00+05:30,56098.25,56115.35,55980.9,56063.1,0
2025-10-06 14:15:00+05:30,56064.55,56103.15,56017.05,56070.95,0
2025-10-06 14:45:00+05:30,56078.4,56130.65,56008.7,56113.15,0
2025-10-06 15:15:00+05:30,56110.45,56113.85,56052.2,56087.6,0
2025-10-07 09:15:00+05:30,56126.4,56309.65,56025.05,56304.3,0
2025-10-07 09:45:00+05:30,56298.9,56384.25,56287.05,56331.0,0
2025-10-07 10:15:00+05:30,56333.85,56373.8,56294.8,56358.5,0
2025-10-07 10:45:00+05:30,56356.25,56360.85,56290.55,56308.3,0
2025-10-07 11:15:00+05:30,56311.35,56339.4,56171.15,56270.0,0
2025-10-07 11:45:00+05:30,56269.25,56431.35,56252.0,56391.75,0
2025-10-07 12:15:00+05:30,56392.35,56440.65,56353.8,56390.95,0
2025-10-07 12:45:00+05:30,56392.75,56444.45,56346.6,56417.55,0
2025-10-07 13:15:00+05:30,56415.85,56485.6,56358.0,56483.6,0
2025-10-07 13:45:00+05:30,56482.55,56502.45,56396.05,56450.55,0
2025-10-07 14:15:00+05:30,56447.55,56463.55,56296.4,56329.7,0
2025-10-07 14:45:00+05:30,56327.45,56395.25,56197.55,56214.35,0
2025-10-07 15:15:00+05:30,56212.4,56248.35,56159.85,56215.6,0
2025-10-08 09:15:00+05:30,56098.5,56303.6,56097.1,56204.5,0
2025-10-08 09:45:00+05:30,56205.4,56205.4,56038.75,56103.45,0
2025-10-08 10:15:00+05:30,56101.65,56119.7,56055.2,56073.15,0
2025-10-08 10:45:00+05:30,56074.05,56075.05,55855.8,55857.55,0
2025-10-08 11:15:00+05:30,55859.2,55939.9,55821.0,55896.4,0
2025-10-08 11:45:00+05:30,55898.2,55985.0,55867.25,55947.75,0
2025-10-08 12:15:00+05:30,55944.8,55969.0,55858.2,55964.85,0
2025-10-08 12:45:00+05:30,55959.55,56144.8,55959.55,56110.15,0
2025-10-08 13:15:00+05:30,56109.0,56217.95,56042.05,56175.0,0
2025-10-08 13:45:00+05:30,56173.6,56225.8,56019.85,56079.25,0
2025-10-08 14:15:00+05:30,56085.85,56112.25,56007.35,56056.0,0
2025-10-08 14:45:00+05:30,56052.8,56102.9,55988.75,55990.5,0
2025-10-08 15:15:00+05:30,55989.5,56025.4,55927.0,55938.35,0
2025-10-09 09:15:00+05:30,55979.0,56076.25,55877.95,55947.05,0
2025-10-09 09:45:00+05:30,55945.05,55979.15,55843.9,55913.5,0
2025-10-09 10:15:00+05:30,55912.9,56074.75,55901.25,56039.85,0
2025-10-09 10:45:00+05:30,56039.85,56175.1,55976.8,56159.55,0
2025-10-09 11:15:00+05:30,56157.85,56241.0,56133.0,56190.3,0
2025-10-09 11:45:00+05:30,56189.7,56286.25,56151.2,56167.35,0
2025-10-09 12:15:00+05:30,56165.5,56222.25,56089.9,56127.55,0
2025-10-09 12:45:00+05:30,56128.85,56162.65,56035.85,56086.3,0
2025-10-09 13:15:00+05:30,56088.65,56204.1,56084.45,56189.3,0
2025-10-09 13:45:00+05:30,56190.35,56276.5,56128.9,56173.35,0
2025-10-09 14:15:00+05:30,56174.9,56203.4,56091.25,56171.25,0
2025-10-09 14:45:00+05:30,56178.9,56243.2,56079.55,56170.55,0
2025-10-09 15:15:00+05:30,56174.15,56210.1,56121.0,56124.35,0
2025-10-10 09:15:00+05:30,56168.6,56485.65,56152.45,56476.8,0
2025-10-10 09:45:00+05:30,56478.5,56555.9,56471.25,56534.1,0
2025-10-10 10:15:00+05:30,56533.2,56656.4,56533.2,56576.7,0
2025-10-10 10:45:00+05:30,56579.45,56661.35,56569.9,56641.9,0
2025-10-10 11:15:00+05:30,56641.0,56655.85,56567.6,56601.7,0
2025-10-10 11:45:00+05:30,56596.25,56638.85,56585.0,56617.15,0
2025-10-10 12:15:00+05:30,56617.9,56667.45,56589.6,56655.7,0
2025-10-10 12:45:00+05:30,56655.65,56736.65,56646.7,56670.5,0
2025-10-10 13:15:00+05:30,56672.05,56760.25,56648.5,56729.55,0
2025-10-10 13:45:00+05:30,56733.05,56755.8,56673.95,56706.4,0
2025-10-10 14:15:00+05:30,56703.25,56733.65,56676.35,56727.95,0
2025-10-10 14:45:00+05:30,56726.55,56735.05,56560.25,56603.25,0
2025-10-10 15:15:00+05:30,56606.55,56649.75,56588.0,56620.95,0
2025-10-13 09:15:00+05:30,56337.05,56565.8,56327.4,56506.25,0
2025-10-13 09:45:00+05:30,56508.15,56556.95,56450.2,56518.45,0
2025-10-13 10:15:00+05:30,56514.3,56683.3,56480.85,56617.15,0
2025-10-13 10:45:00+05:30,56620.2,56653.7,56527.3,56614.15,0
2025-10-13 11:15:00+05:30,56611.35,56630.35,56538.55,56601.3,0
2025-10-13 11:45:00+05:30,56595.5,56675.05,56570.4,56600.25,0
2025-10-13 12:15:00+05:30,56593.35,56634.2,56540.5,56632.85,0
2025-10-13 12:45:00+05:30,56621.7,56652.85,56542.55,56646.35,0
2025-10-13 13:15:00+05:30,56643.7,56656.65,56541.15,56583.65,0
2025-10-13 13:45:00+05:30,56583.8,56667.05,56537.15,56612.25,0
2025-10-13 14:15:00+05:30,56627.25,56770.9,56589.3,56714.4,0
2025-10-13 14:45:00+05:30,56715.9,56741.3,56601.95,56609.15,0
2025-10-13 15:15:00+05:30,56612.0,56649.85,56605.25,56633.1,0
2025-10-14 09:15:00+05:30,56598.65,56721.3,56501.45,56552.75,0
2025-10-14 09:45:00+05:30,56552.5,56584.7,56473.65,56536.3,0
2025-10-14 10:15:00+05:30,56536.5,56586.7,56470.35,56571.65,0
2025-10-14 10:45:00+05:30,56567.55,56604.8,56405.1,56428.6,0
2025-10-14 11:15:00+05:30,56426.2,56426.8,56306.35,56356.8,0
2025-10-14 11:45:00+05:30,56361.5,56425.8,56268.95,56294.05,0
2025-10-14 12:15:00+05:30,56293.2,56357.5,56260.85,56277.55,0
2025-10-14 12:45:00+05:30,56276.35,56340.85,56230.15,56280.05,0
2025-10-14 13:15:00+05:30,56280.3,56381.95,56255.7,56328.75,0
2025-10-14 13:45:00+05:30,56331.8,56416.2,56269.45,56400.85,0
2025-10-14 14:15:00+05:30,56399.55,56537.75,56334.3,56517.1,0
2025-10-14 14:45:00+05:30,56519.6,56552.15,56438.15,56502.45,0
2025-10-14 15:15:00+05:30,56503.6,56527.0,56429.35,56478.55,0
2025-10-15 09:15:00+05:30,56528.95,56702.85,56517.65,56554.55,0
2025-10-15 09:45:00+05:30,56561.65,56672.1,56491.85,56665.95,0
2025-10-15 10:15:00+05:30,56662.6,56801.35,56662.6,56747.7,0
2025-10-15 10:45:00+05:30,56749.4,56845.75,56729.8,56758.75,0
2025-10-15 11:15:00+05:30,56759.0,56805.05,56729.1,56769.75,0
2025-10-15 11:45:00+05:30,56764.1,56793.35,56716.85,56726.5,0
2025-10-15 12:15:00+05:30,56727.2,56807.85,56695.35,56799.2,0
2025-10-15 12:45:00+05:30,56798.2,56880.3,56757.0,56828.35,0
2025-10-15 13:15:00+05:30,56828.45,56922.7,56828.45,56877.2,0
2025-10-15 13:45:00+05:30,56877.55,56893.2,56746.65,56790.85,0
2025-10-15 14:15:00+05:30,56790.4,56836.9,56758.6,56804.45,0
2025-10-15 14:45:00+05:30,56802.85,56822.95,56703.1,56812.2,0
2025-10-15 15:15:00+05:30,56815.45,56850.5,56793.7,56818.5,0
2025-10-16 09:15:00+05:30,57139.95,57225.35,57066.6,57113.15,0
2025-10-16 09:45:00+05:30,57113.65,57130.7,56994.7,57005.5,0
2025-10-16 10:15:00+05:30,57008.9,57148.05,57004.1,57123.2,0
2025-10-16 10:45:00+05:30,57122.5,57139.1,57090.8,57116.2,0
2025-10-16 11:15:00+05:30,57115.85,57141.9,57101.1,57117.95,0
2025-10-16 11:45:00+05:30,57115.45,57141.2,57078.7,57134.25,0
2025-10-16 12:15:00+05:30,57131.8,57261.3,57129.95,57240.05,0
2025-10-16 12:45:00+05:30,57238.35,57314.1,57187.2,57311.0,0
2025-10-16 13:15:00+05:30,57310.15,57402.6,57275.35,57395.15,0
2025-10-16 13:45:00+05:30,57396.7,57483.9,57348.25,57426.6,0
2025-10-16 14:15:00+05:30,57426.3,57525.8,57410.5,57493.8,0
2025-10-16 14:45:00+05:30,57498.15,57513.35,57374.85,57405.45,0
2025-10-16 15:15:00+05:30,57401.05,57448.45,57372.3,57373.25,0
2025-10-17 09:15:00+05:30,57362.9,57519.35,57238.65,57456.2,0
2025-10-17 09:45:00+05:30,57452.95,57568.55,57336.7,57536.75,0
2025-10-17 10:15:00+05:30,57536.55,57651.3,57503.55,57622.75,0
2025-10-17 10:45:00+05:30,57631.55,57828.3,57583.45,57809.35,0
2025-10-17 11:15:00+05:30,57807.75,57826.5,57721.65,57775.15,0
2025-10-17 11:45:00+05:30,57772.75,57789.0,57644.6,57763.4,0
2025-10-17 12:15:00+05:30,57765.85,57830.2,57691.55,57740.75,0
2025-10-17 12:45:00+05:30,57729.5,57780.55,57465.3,57534.1,0
2025-10-17 13:15:00+05:30,57534.2,57633.95,57396.8,57492.3,0
2025-10-17 13:45:00+05:30,57493.05,57652.05,57411.3,57570.15,0
2025-10-17 14:15:00+05:30,57565.45,57737.3,57488.3,57707.6,0
2025-10-17 14:45:00+05:30,57708.6,57763.75,57666.05,57698.6,0
2025-10-17 15:15:00+05:30,57699.25,57751.3,57678.55,57724.0,0
2025-10-20 09:15:00+05:30,57872.85,58233.65,57872.85,58027.25,0
2025-10-20 09:45:00+05:30,58029.05,58062.55,57884.25,58059.15,0
2025-10-20 10:15:00+05:30,58059.6,58206.0,58020.45,58185.35,0
2025-10-20 10:45:00+05:30,58187.9,58242.5,58160.15,58199.05,0
2025-10-20 11:15:00+05:30,58199.8,58216.95,58118.5,58156.05,0
2025-10-20 11:45:00+05:30,58153.35,58214.15,58137.4,58192.6,0
2025-10-20 12:15:00+05:30,58193.75,58216.05,58118.65,58184.0,0
2025-10-20 12:45:00+05:30,58177.35,58232.35,58137.9,58221.85,0
2025-10-20 13:15:00+05:30,58219.85,58261.55,58177.9,58220.8,0
2025-10-20 13:45:00+05:30,58218.85,58241.7,58116.8,58160.55,0
2025-10-20 14:15:00+05:30,58158.95,58211.45,57980.1,58015.1,0
2025-10-20 14:45:00+05:30,58013.05,58076.65,57948.85,58045.65,0
2025-10-20 15:15:00+05:30,58048.85,58075.6,58017.25,58051.0,0
2025-10-21 13:45:00+05:30,58063.4,58155.55,57988.45,58078.45,0
2025-10-21 14:15:00+05:30,58078.65,58101.35,57887.2,57908.5,0
2025-10-23 09:15:00+05:30,58314.55,58476.25,58157.6,58429.55,0
2025-10-23 09:45:00+05:30,58432.6,58542.85,58424.35,58533.15,0
2025-10-23 10:15:00+05:30,58534.0,58555.15,58414.65,58448.9,0
2025-10-23 10:45:00+05:30,58448.75,58516.5,58424.6,58513.0,0
2025-10-23 11:15:00+05:30,58512.6,58546.25,58463.8,58493.65,0
2025-10-23 11:45:00+05:30,58493.5,58560.6,58484.85,58532.5,0
2025-10-23 12:15:00+05:30,58526.75,58577.5,58502.2,58515.9,0
2025-10-23 12:45:00+05:30,58516.2,58559.1,58378.15,58461.35,0
2025-10-23 13:15:00+05:30,58454.2,58529.05,58354.5,58424.7,0
2025-10-23 13:45:00+05:30,58424.15,58446.0,58205.95,58238.7,0
2025-10-23 14:15:00+05:30,58237.65,58279.4,58062.55,58250.2,0
2025-10-23 14:45:00+05:30,58248.3,58297.2,58020.15,58030.8,0
2025-10-23 15:15:00+05:30,58032.15,58091.8,57951.45,57981.1,0
2025-10-24 09:15:00+05:30,58172.75,58232.9,58030.1,58094.9,0
2025-10-24 09:45:00+05:30,58096.2,58096.65,57985.35,58002.0,0
2025-10-24 10:15:00+05:30,57996.75,57999.65,57830.65,57844.9,0
2025-10-24 10:45:00+05:30,57843.9,57889.25,57777.05,57855.05,0
2025-10-24 11:15:00+05:30,57853.65,57888.75,57735.0,57809.6,0
2025-10-24 11:45:00+05:30,57809.6,57864.75,57751.9,57861.6,0
2025-10-24 12:15:00+05:30,57861.6,57915.15,57742.45,57773.2,0
2025-10-24 12:45:00+05:30,57780.0,57783.75,57669.35,57737.95,0
2025-10-24 13:15:00+05:30,57733.9,57752.25,57482.05,57488.45,0
2025-10-24 13:45:00+05:30,57488.8,57662.85,57484.45,57613.4,0
2025-10-24 14:15:00+05:30,57612.45,57684.45,57565.95,57583.65,0
2025-10-24 14:45:00+05:30,57583.3,57718.25,57576.95,57709.0,0
2025-10-24 15:15:00+05:30,57707.55,57750.45,57691.0,57741.5,0
2025-10-27 09:15:00+05:30,57796.45,58016.1,57652.75,57977.7,0
2025-10-27 09:45:00+05:30,57975.45,58077.65,57905.65,58054.75,0
2025-10-27 10:15:00+05:30,58052.25,58173.55,58049.5,58120.6,0
2025-10-27 10:45:00+05:30,58119.7,58164.0,58079.85,58130.55,0
2025-10-27 11:15:00+05:30,58125.65,58145.85,58040.9,58055.7,0
2025-10-27 11:45:00+05:30,58053.35,58195.95,58035.6,58161.3,0
2025-10-27 12:15:00+05:30,58163.1,58179.6,58078.45,58102.95,0
2025-10-27 12:45:00+05:30,58111.4,58137.0,58039.15,58077.4,0
2025-10-27 13:15:00+05:30,58080.85,58083.25,57951.2,58021.2,0
2025-10-27 13:45:00+05:30,58027.7,58083.3,57991.7,58013.95,0
2025-10-27 14:15:00+05:30,58013.4,58123.35,58010.6,58067.5,0
2025-10-27 14:45:00+05:30,58066.7,58081.45,57978.0,58053.9,0
2025-10-27 15:15:00+05:30,58051.6,58224.55,58046.0,58198.6,0
2025-10-28 09:15:00+05:30,58006.55,58313.8,57977.55,58214.0,0
2025-10-28 09:45:00+05:30,58212.3,58230.25,57862.9,57928.95,0
2025-10-28 10:15:00+05:30,57934.95,57964.35,57841.95,57901.7,0
2025-10-28 10:45:00+05:30,57897.25,57921.25,57770.35,57818.1,0
2025-10-28 11:15:00+05:30,57817.55,57943.4,57797.25,57873.95,0
2025-10-28 11:45:00+05:30,57872.9,57966.75,57823.75,57914.55,0
2025-10-28 12:15:00+05:30,57915.7,58147.65,57870.2,58140.3,0
2025-10-28 12:45:00+05:30,58144.0,58186.85,58067.95,58141.2,0
2025-10-28 13:15:00+05:30,58138.2,58212.2,58022.9,58022.9,0
2025-10-28 13:45:00+05:30,58022.6,58155.95,57998.2,58078.0,0
2025-10-28 14:15:00+05:30,58072.55,58084.05,57937.85,57978.45,0
2025-10-28 14:45:00+05:30,57973.85,58253.6,57970.35,58244.35,0
2025-10-28 15:15:00+05:30,58242.6,58305.0,58216.4,58271.55,0
2025-10-29 09:15:00+05:30,58316.25,58372.55,58091.8,58122.75,0
2025-10-29 09:45:00+05:30,58120.0,58217.75,58116.55,58148.35,0
2025-10-29 10:15:00+05:30,58149.75,58280.35,58087.05,58212.55,0
2025-10-29 10:45:00+05:30,58208.9,58245.4,58148.05,58160.85,0
2025-10-29 11:15:00+05:30,58158.6,58269.0,58156.1,58248.1,0
2025-10-29 11:45:00+05:30,58246.75,58335.25,58191.3,58307.4,0
2025-10-29 12:15:00+05:30,58310.1,58334.15,58273.55,58309.65,0
2025-10-29 12:45:00+05:30,58309.1,58368.35,58269.05,58363.35,0
2025-10-29 13:15:00+05:30,58361.95,58469.9,58321.9,58400.1,0
2025-10-29 13:45:00+05:30,58399.95,58444.1,58357.1,58404.85,0
2025-10-29 14:15:00+05:30,58404.05,58458.2,58377.85,58421.0,0
2025-10-29 14:45:00+05:30,58423.3,58425.1,58322.45,58367.0,0
2025-10-29 15:15:00+05:30,58370.85,58419.65,58367.3,58399.05,0
2025-10-30 09:15:00+05:30,58152.05,58331.2,58135.45,58153.8,0
2025-10-30 09:45:00+05:30,58153.8,58267.5,58075.55,58264.05,0
2025-10-30 10:15:00+05:30,58262.75,58307.7,58179.65,58196.55,0
2025-10-30 10:45:00+05:30,58202.2,58247.55,58158.85,58243.65,0
2025-10-30 11:15:00+05:30,58242.45,58263.85,58184.9,58199.0,0
2025-10-30 11:45:00+05:30,58198.5,58223.2,58131.55,58159.85,0
2025-10-30 12:15:00+05:30,58159.9,58228.1,58121.85,58186.8,0
2025-10-30 12:45:00+05:30,58181.15,58253.9,58165.8,58242.6,0
2025-10-30 13:15:00+05:30,58240.55,58282.55,58129.75,58166.3,0
2025-10-30 13:45:00+05:30,58164.4,58167.5,58081.15,58132.6,0
2025-10-30 14:15:00+05:30,58131.85,58187.15,58070.3,58099.8,0
2025-10-30 14:45:00+05:30,58099.45,58119.95,57999.2,58024.55,0
2025-10-30 15:15:00+05:30,58026.65,58067.1,58007.85,58067.1,0
2025-10-31 09:15:00+05:30,57942.45,58254.95,57928.4,58135.55,0
2025-10-31 09:45:00+05:30,58132.75,58183.9,57987.05,58031.4,0
2025-10-31 10:15:00+05:30,58033.85,58033.85,57773.0,57845.8,0
2025-10-31 10:45:00+05:30,57844.7,57867.75,57656.95,57758.3,0
2025-10-31 11:15:00+05:30,57759.35,57930.65,57726.4,57920.55,0
2025-10-31 11:45:00+05:30,57919.65,58046.2,57896.65,57955.65,0
2025-10-31 12:15:00+05:30,57954.4,58002.5,57898.9,57939.6,0
2025-10-31 12:45:00+05:30,57943.1,57993.2,57917.55,57937.0,0
2025-10-31 13:15:00+05:30,57933.35,57961.5,57817.3,57827.1,0
2025-10-31 13:45:00+05:30,57823.8,57916.55,57801.65,57858.1,0
2025-10-31 14:15:00+05:30,57857.2,57946.65,57813.0,57918.3,0
2025-10-31 14:45:00+05:30,57913.05,57923.15,57751.3,57765.45,0
2025-10-31 15:15:00+05:30,57764.0,57808.35,57743.15,57778.75,0
2025-11-03 09:15:00+05:30,57726.85,57986.8,57718.4,57981.4,0
2025-11-03 09:45:00+05:30,57980.2,58064.75,57917.4,57995.6,0
2025-11-03 10:15:00+05:30,57995.05,58120.2,57942.3,58115.75,0
2025-11-03 10:45:00+05:30,58116.75,58125.95,58026.25,58075.65,0
2025-11-03 11:15:00+05:30,58075.5,58080.2,57964.3,57971.35,0
2025-11-03 11:45:00+05:30,57966.8,58067.85,57939.6,58042.3,0
2025-11-03 12:15:00+05:30,58040.4,58112.0,57984.45,58069.3,0
2025-11-03 12:45:00+05:30,58067.9,58155.1,58055.0,58142.9,0
2025-11-03 13:15:00+05:30,58142.1,58211.6,58117.85,58154.55,0
2025-11-03 13:45:00+05:30,58153.55,58198.2,58054.35,58191.85,0
2025-11-03 14:15:00+05:30,58191.25,58247.55,58132.3,58156.75,0
2025-11-03 14:45:00+05:30,58148.5,58159.7,58058.45,58104.7,0
2025-11-03 15:15:00+05:30,58102.8,58147.25,58092.5,58116.25,0
2025-11-04 09:15:00+05:30,57966.65,58119.65,57874.25,57939.15,0
2025-11-04 09:45:00+05:30,57938.45,57995.35,57868.6,57919.45,0
2025-11-04 10:15:00+05:30,57919.6,57989.15,57852.0,57944.5,0
2025-11-04 10:45:00+05:30,57943.2,58051.95,57904.25,57946.3,0
2025-11-04 11:15:00+05:30,57950.35,57972.85,57803.1,57846.75,0
2025-11-04 11:45:00+05:30,57845.4,57904.5,57821.2,57897.25,0
2025-11-04 12:15:00+05:30,57900.2,57914.05,57824.1,57883.85,0
2025-11-04 12:45:00+05:30,57882.65,57924.35,57819.75,57846.4,0
2025-11-04 13:15:00+05:30,57841.05,57983.7,57812.05,57937.05,0
2025-11-04 13:45:00+05:30,57941.05,57969.1,57827.0,57854.0,0
2025-11-04 14:15:00+05:30,57856.55,57886.45,57805.65,57841.15,0
2025-11-04 14:45:00+05:30,57846.1,57911.9,57801.6,57843.65,0
2025-11-04 15:15:00+05:30,57839.55,57851.9,57732.95,57778.95,0
2025-11-06 09:15:00+05:30,57714.8,57945.05,57635.0,57671.65,0
2025-11-06 09:45:00+05:30,57674.85,57781.55,57609.2,57618.5,0
2025-11-06 10:15:00+05:30,57616.85,57676.0,57598.8,57670.85,0
2025-11-06 10:45:00+05:30,57670.25,57702.95,57621.35,57628.3,0
2025-11-06 11:15:00+05:30,57628.7,57637.25,57521.95,57553.85,0
2025-11-06 11:45:00+05:30,57546.7,57669.15,57546.7,57596.05,0
2025-11-06 12:15:00+05:30,57597.3,57676.0,57536.75,57623.35,0
2025-11-06 12:45:00+05:30,57622.25,57762.55,57612.85,57687.65,0
2025-11-06 13:15:00+05:30,57684.25,57743.3,57645.8,57651.65,0
2025-11-06 13:45:00+05:30,57651.2,57692.2,57573.4,57687.75,0
2025-11-06 14:15:00+05:30,57686.25,57692.15,57590.6,57628.25,0
2025-11-06 14:45:00+05:30,57624.7,57673.2,57527.95,57545.45,0
2025-11-06 15:15:00+05:30,57544.9,57594.5,57521.0,57573.95,0
2025-11-07 09:15:00+05:30,57391.4,57433.05,57157.85,57320.35,0
2025-11-07 09:45:00+05:30,57324.55,57412.2,57249.25,57285.55,0
2025-11-07 10:15:00+05:30,57283.95,57492.0,57266.75,57474.3,0
2025-11-07 10:45:00+05:30,57478.8,57572.9,57369.65,57560.95,0
2025-11-07 11:15:00+05:30,57564.2,57784.05,57553.55,57762.65,0
2025-11-07 11:45:00+05:30,57768.25,57816.15,57670.1,57692.7,0
2025-11-07 12:15:00+05:30,57695.95,57823.55,57679.3,57800.4,0
2025-11-07 12:45:00+05:30,57801.55,57931.45,57786.8,57873.4,0
2025-11-07 13:15:00+05:30,57874.85,57995.25,57846.3,57970.0,0
2025-11-07 13:45:00+05:30,57970.65,58001.35,57768.2,57828.25,0
2025-11-07 14:15:00+05:30,57830.8,57982.1,57818.85,57924.1,0
2025-11-07 14:45:00+05:30,57923.85,57924.1,57815.0,57869.2,0
2025-11-07 15:15:00+05:30,57871.4,57940.95,57871.4,57903.45,0
2025-11-10 09:15:00+05:30,57846.2,58070.0,57846.2,57986.5,0
2025-11-10 09:45:00+05:30,57990.45,58053.35,57901.45,57977.75,0
2025-11-10 10:15:00+05:30,57976.65,58065.0,57965.35,57972.9,0
2025-11-10 10:45:00+05:30,57971.85,58022.1,57919.8,58014.9,0
2025-11-10 11:15:00+05:30,58020.7,58077.8,58002.55,58022.8,0
2025-11-10 11:45:00+05:30,58023.4,58046.85,57981.9,57986.05,0
2025-11-10 12:15:00+05:30,57991.45,58063.0,57982.1,58063.0,0
2025-11-10 12:45:00+05:30,58058.3,58085.8,58014.35,58016.8,0
2025-11-10 13:15:00+05:30,58019.6,58057.25,57966.85,57966.85,0
2025-11-10 13:45:00+05:30,57966.85,58017.45,57930.4,58004.45,0
2025-11-10 14:15:00+05:30,58008.55,58097.2,58000.45,58005.8,0
2025-11-10 14:45:00+05:30,58005.8,58035.65,57924.05,57938.75,0
2025-11-10 15:15:00+05:30,57938.15,57966.75,57877.45,57893.0,0
2025-11-11 09:15:00+05:30,57962.3,58082.45,57748.25,57870.6,0
2025-11-11 09:45:00+05:30,57876.1,57882.1,57708.0,57716.9,0
2025-11-11 10:15:00+05:30,57717.5,57753.15,57594.25,57619.6,0
2025-11-11 10:45:00+05:30,57616.75,57773.65,57607.2,57733.95,0
2025-11-11 11:15:00+05:30,57731.2,57793.35,57691.8,57784.5,0
2025-11-11 11:45:00+05:30,57784.5,57869.9,57765.55,57850.95,0
2025-11-11 12:15:00+05:30,57851.25,57958.9,57832.3,57907.55,0
2025-11-11 12:45:00+05:30,57908.05,57964.2,57876.45,57954.25,0
2025-11-11 13:15:00+05:30,57959.35,58112.85,57956.7,58050.5,0
2025-11-11 13:45:00+05:30,58050.05,58146.35,58000.55,58007.35,0
2025-11-11 14:15:00+05:30,58007.8,58131.65,58001.55,58055.4,0
2025-11-11 14:45:00+05:30,58055.1,58167.4,58047.5,58142.9,0
2025-11-11 15:15:00+05:30,58143.65,58187.35,58121.65,58148.05,0
2025-11-12 09:15:00+05:30,58505.35,58507.7,58274.25,58336.4,0
2025-11-12 09:45:00+05:30,58338.15,58390.3,58298.1,58307.6,0
2025-11-12 10:15:00+05:30,58307.7,58367.75,58223.0,58353.3,0
2025-11-12 10:45:00+05:30,58353.35,58370.1,58279.9,58333.0,0
2025-11-12 11:15:00+05:30,58330.75,58349.25,58293.15,58325.35,0
2025-11-12 11:45:00+05:30,58325.1,58398.25,58304.65,58322.3,0
2025-11-12 12:15:00+05:30,58322.2,58443.65,58322.2,58435.65,0
2025-11-12 12:45:00+05:30,58435.4,58471.5,58411.65,58428.3,0
2025-11-12 13:15:00+05:30,58429.15,58471.6,58359.4,58402.15,0
2025-11-12 13:45:00+05:30,58401.75,58431.55,58303.55,58349.5,0
2025-11-12 14:15:00+05:30,58349.1,58418.55,58336.05,58369.6,0
2025-11-12 14:45:00+05:30,58367.75,58403.15,58286.55,58297.3,0
2025-11-12 15:15:00+05:30,58298.9,58298.9,58171.85,58211.45,0
2025-11-13 09:15:00+05:30,58158.75,58349.35,58127.1,58345.6,0
2025-11-13 09:45:00+05:30,58345.95,58487.2,58331.5,58456.9,0
2025-11-13 10:15:00+05:30,58456.25,58540.15,58456.25,58532.35,0
2025-11-13 10:45:00+05:30,58530.7,58609.2,58521.15,58552.15,0
2025-11-13 11:15:00+05:30,58553.55,58590.1,58510.75,58574.35,0
2025-11-13 11:45:00+05:30,58575.3,58615.45,58556.3,58595.45,0
2025-11-13 12:15:00+05:30,58598.4,58615.95,58483.05,58525.55,0
2025-11-13 12:45:00+05:30,58526.45,58581.9,58477.85,58569.9,0
2025-11-13 13:15:00+05:30,58574.75,58605.6,58563.1,58568.2,0
2025-11-13 13:45:00+05:30,58568.15,58591.8,58336.0,58380.1,0
2025-11-13 14:15:00+05:30,58380.75,58470.3,58375.35,58433.95,0
2025-11-13 14:45:00+05:30,58436.05,58471.4,58343.95,58371.2,0
2025-11-13 15:15:00+05:30,58369.65,58439.85,58360.5,58387.5,0
2025-11-14 09:15:00+05:30,58050.0,58467.9,58050.0,58387.75,0
2025-11-14 09:45:00+05:30,58387.05,58406.4,58212.75,58229.65,0
2025-11-14 10:15:00+05:30,58230.7,58291.4,58170.35,58208.1,0
2025-11-14 10:45:00+05:30,58208.1,58413.4,58203.05,58368.25,0
2025-11-14 11:15:00+05:30,58373.65,58402.65,58232.65,58249.05,0
2025-11-14 11:45:00+05:30,58247.1,58367.25,58246.2,58341.5,0
2025-11-14 12:15:00+05:30,58342.25,58387.55,58295.95,58328.95,0
2025-11-14 12:45:00+05:30,58327.9,58338.3,58246.3,58272.15,0
2025-11-14 13:15:00+05:30,58270.6,58323.05,58178.5,58184.1,0
2025-11-14 13:45:00+05:30,58178.55,58234.1,58152.95,58218.65,0
2025-11-14 14:15:00+05:30,58211.2,58286.8,58166.4,58257.7,0
2025-11-14 14:45:00+05:30,58260.2,58578.5,58186.45,58552.95,0
2025-11-14 15:15:00+05:30,58552.9,58590.15,58493.3,58535.9,0
2025-11-17 09:15:00+05:30,58696.3,58913.7,58605.3,58897.8,0
2025-11-17 09:45:00+05:30,58897.5,58977.5,58857.8,58888.2,0
2025-11-17 10:15:00+05:30,58889.2,58979.85,58862.15,58886.45,0
2025-11-17 10:45:00+05:30,58887.15,58943.65,58870.5,58929.1,0
2025-11-17 11:15:00+05:30,58929.2,58943.4,58836.15,58886.8,0
2025-11-17 11:45:00+05:30,58886.85,58943.25,58860.95,58921.95,0
2025-11-17 12:15:00+05:30,58928.75,58950.65,58904.5,58946.25,0
2025-11-17 12:45:00+05:30,58950.95,58996.2,58920.2,58961.6,0
2025-11-17 13:15:00+05:30,58962.3,58975.6,58911.1,58959.55,0
2025-11-17 13:45:00+05:30,58963.0,59000.5,58948.85,58967.0,0
2025-11-17 14:15:00+05:30,58968.95,58973.2,58899.55,58914.5,0
2025-11-17 14:45:00+05:30,58918.95,58965.2,58906.5,58957.35,0
2025-11-17 15:15:00+05:30,58958.95,59001.55,58948.95,58969.2,0
2025-11-18 09:15:00+05:30,58990.5,59026.85,58850.7,58994.3,0
2025-11-18 09:45:00+05:30,58986.35,59010.9,58862.85,58885.15,0
2025-11-18 10:15:00+05:30,58884.65,58944.5,58878.45,58923.8,0
2025-11-18 10:45:00+05:30,58924.45,59007.95,58907.45,59001.8,0
2025-11-18 11:15:00+05:30,58995.5,59041.35,58950.0,59003.25,0
2025-11-18 11:45:00+05:30,59002.95,59049.1,58967.8,58985.6,0
2025-11-18 12:15:00+05:30,58985.8,59000.55,58947.3,58980.5,0
2025-11-18 12:45:00+05:30,58980.5,59030.1,58966.75,58990.3,0
2025-11-18 13:15:00+05:30,58988.0,59090.7,58988.0,59063.85,0
2025-11-18 13:45:00+05:30,59063.1,59103.65,59028.95,59072.0,0
2025-11-18 14:15:00+05:30,59071.7,59086.45,58967.05,58983.7,0
2025-11-18 14:45:00+05:30,58984.1,58994.9,58877.1,58880.4,0
2025-11-18 15:15:00+05:30,58879.05,58912.25,58798.9,58835.85,0
2025-11-19 09:15:00+05:30,58908.15,58952.75,58723.45,58764.55,0
2025-11-19 09:45:00+05:30,58763.7,58887.7,58688.55,58871.75,0
2025-11-19 10:15:00+05:30,58872.3,58909.6,58836.3,58842.45,0
2025-11-19 10:45:00+05:30,58844.05,58855.0,58783.35,58783.9,0
2025-11-19 11:15:00+05:30,58783.95,58856.35,58767.05,58834.65,0
2025-11-19 11:45:00+05:30,58836.95,58940.05,58835.2,58925.9,0
2025-11-19 12:15:00+05:30,58926.7,59041.25,58913.5,59020.65,0
2025-11-19 12:45:00+05:30,59021.1,59082.1,59006.95,59060.05,0
2025-11-19 13:15:00+05:30,59059.0,59061.7,58930.8,58996.7,0
2025-11-19 13:45:00+05:30,58990.8,59128.65,58963.95,59119.95,0
2025-11-19 14:15:00+05:30,59117.6,59234.3,59115.25,59206.1,0
2025-11-19 14:45:00+05:30,59207.85,59264.25,59194.55,59225.65,0
2025-11-19 15:15:00+05:30,59228.15,59232.6,59173.65,59207.95,0
2025-11-20 09:15:00+05:30,59308.2,59326.65,59143.65,59180.25,0
2025-11-20 09:45:00+05:30,59173.3,59224.2,59125.25,59170.6,0
2025-11-20 10:15:00+05:30,59171.3,59204.5,59128.8,59173.55,0
2025-11-20 10:45:00+05:30,59171.9,59249.85,59153.9,59206.9,0
2025-11-20 11:15:00+05:30,59208.2,59265.2,59199.15,59259.45,0
2025-11-20 11:45:00+05:30,59260.35,59264.4,59217.15,59231.1,0
2025-11-20 12:15:00+05:30,59230.75,59363.45,59186.6,59346.7,0
2025-11-20 12:45:00+05:30,59343.9,59380.1,59313.55,59322.45,0
2025-11-20 13:15:00+05:30,59322.45,59369.45,59314.35,59339.55,0
2025-11-20 13:45:00+05:30,59339.9,59411.7,59333.25,59381.75,0
2025-11-20 14:15:00+05:30,59384.1,59440.1,59353.15,59372.5,0
2025-11-20 14:45:00+05:30,59371.5,59419.0,59313.8,59350.9,0
2025-11-20 15:15:00+05:30,59352.1,59376.05,59310.8,59343.9,0
2025-11-21 09:15:00+05:30,59116.7,59232.15,59055.7,59065.7,0
2025-11-21 09:45:00+05:30,59056.7,59068.6,58958.5,58991.55,0
2025-11-21 10:15:00+05:30,58994.4,58994.4,58868.0,58875.15,0
2025-11-21 10:45:00+05:30,58874.9,58952.7,58833.15,58944.45,0
2025-11-21 11:15:00+05:30,58945.0,58981.05,58898.9,58939.55,0
2025-11-21 11:45:00+05:30,58938.6,59032.6,58928.65,59027.5,0
2025-11-21 12:15:00+05:30,59032.0,59100.4,59008.0,59058.0,0
2025-11-21 12:45:00+05:30,59060.7,59149.95,59037.9,59050.45,0
2025-11-21 13:15:00+05:30,59056.35,59066.45,58976.95,58976.95,0
2025-11-21 13:45:00+05:30,58978.1,59113.5,58970.95,59109.45,0
2025-11-21 14:15:00+05:30,59109.5,59126.5,59034.85,59036.75,0
2025-11-21 14:45:00+05:30,59039.25,59062.25,58861.5,58887.25,0
2025-11-21 15:15:00+05:30,58884.15,58912.35,58823.65,58851.85,0
2025-11-24 09:15:00+05:30,58996.9,59051.35,58891.8,58930.95,0
2025-11-24 09:45:00+05:30,58934.85,59133.25,58910.65,59128.55,0
2025-11-24 10:15:00+05:30,59129.3,59239.7,59112.65,59209.55,0
2025-11-24 10:45:00+05:30,59211.4,59215.9,59145.1,59186.85,0
2025-11-24 11:15:00+05:30,59186.5,59309.9,59164.65,59280.2,0
2025-11-24 11:45:00+05:30,59280.9,59286.75,59179.65,59206.45,0
2025-11-24 12:15:00+05:30,59204.35,59253.85,59141.9,59251.7,0
2025-11-24 12:45:00+05:30,59252.7,59267.95,59195.15,59247.45,0
2025-11-24 13:15:00+05:30,59252.7,59279.25,59194.75,59262.5,0
2025-11-24 13:45:00+05:30,59260.9,59271.05,59141.7,59191.6,0
2025-11-24 14:15:00+05:30,59193.5,59193.5,59093.35,59110.4,0
2025-11-24 14:45:00+05:30,59111.95,59136.05,58829.45,58836.65,0
2025-11-24 15:15:00+05:30,58836.2,58857.8,58649.5,58731.05,0
2025-11-25 09:15:00+05:30,58925.65,58957.4,58746.2,58866.45,0
2025-11-25 09:45:00+05:30,58866.9,59051.4,58828.45,59026.6,0
2025-11-25 10:15:00+05:30,59030.8,59063.5,58939.4,58952.5,0
2025-11-25 10:45:00+05:30,58953.25,58960.1,58755.85,58814.55,0
2025-11-25 11:15:00+05:30,58815.15,58904.95,58810.7,58849.5,0
2025-11-25 11:45:00+05:30,58849.75,59008.35,58834.55,58958.3,0
2025-11-25 12:15:00+05:30,58962.95,58966.75,58836.9,58909.9,0
2025-11-25 12:45:00+05:30,58910.9,58982.6,58852.2,58931.9,0
2025-11-25 13:15:00+05:30,58933.6,59042.0,58927.2,58986.75,0
2025-11-25 13:45:00+05:30,58988.0,59140.55,58975.6,59127.85,0
2025-11-25 14:15:00+05:30,59129.1,59166.15,58892.15,58970.05,0
2025-11-25 14:45:00+05:30,58968.55,58983.7,58747.25,58825.35,0
2025-11-25 15:15:00+05:30,58825.45,58851.6,58790.35,58810.8,0
2025-11-26 09:15:00+05:30,58783.05,59292.3,58783.05,59275.9,0
2025-11-26 09:45:00+05:30,59275.05,59497.75,59272.3,59453.2,0
2025-11-26 10:15:00+05:30,59454.55,59492.95,59367.75,59467.6,0
2025-11-26 10:45:00+05:30,59466.4,59515.3,59417.6,59442.4,0
2025-11-26 11:15:00+05:30,59442.55,59471.4,59391.6,59392.55,0
2025-11-26 11:45:00+05:30,59392.2,59484.65,59373.65,59465.5,0
2025-11-26 12:15:00+05:30,59465.95,59492.85,59427.0,59492.25,0
2025-11-26 12:45:00+05:30,59492.25,59524.05,59426.0,59506.6,0
2025-11-26 13:15:00+05:30,59506.5,59530.75,59432.1,59458.7,0
2025-11-26 13:45:00+05:30,59457.55,59552.95,59441.8,59505.6,0
2025-11-26 14:15:00+05:30,59506.5,59515.25,59434.9,59476.2,0
2025-11-26 14:45:00+05:30,59480.4,59541.5,59450.3,59538.0,0
2025-11-26 15:15:00+05:30,59538.75,59554.95,59508.35,59527.15,0
2025-11-27 09:15:00+05:30,59605.3,59802.65,59549.45,59638.8,0
2025-11-27 09:45:00+05:30,59639.25,59804.65,59587.4,59765.9,0
2025-11-27 10:15:00+05:30,59771.9,59780.0,59684.6,59754.55,0
2025-11-27 10:45:00+05:30,59754.55,59866.6,59748.65,59850.1,0
2025-11-27 11:15:00+05:30,59852.6,59861.15,59782.1,59805.05,0
2025-11-27 11:45:00+05:30,59809.05,59812.95,59714.85,59758.2,0
2025-11-27 12:15:00+05:30,59758.2,59847.95,59711.85,59836.65,0
2025-11-27 12:45:00+05:30,59840.25,59850.15,59649.3,59656.3,0
2025-11-27 13:15:00+05:30,59658.7,59696.6,59523.0,59583.25,0
2025-11-27 13:45:00+05:30,59583.2,59698.45,59574.4,59665.4,0
2025-11-27 14:15:00+05:30,59668.8,59766.9,59616.85,59735.0,0
2025-11-27 14:45:00+05:30,59729.25,59768.15,59635.95,59722.35,0
2025-11-27 15:15:00+05:30,59726.45,59782.2,59701.7,59764.15,0
2025-11-28 09:15:00+05:30,59758.7,59784.9,59598.95,59687.85,0
2025-11-28 09:45:00+05:30,59688.4,59771.4,59664.8,59689.45,0
2025-11-28 10:15:00+05:30,59687.25,59774.85,59630.5,59773.2,0
2025-11-28 10:45:00+05:30,59775.45,59871.5,59768.95,59860.8,0
2025-11-28 11:15:00+05:30,59863.3,59897.5,59790.55,59828.3,0
2025-11-28 11:45:00+05:30,59828.75,59852.95,59764.85,59794.6,0
2025-11-28 12:15:00+05:30,59794.05,59836.85,59752.6,59812.4,0
2025-11-28 12:45:00+05:30,59812.5,59819.65,59757.1,59774.35,0
2025-11-28 13:15:00+05:30,59775.15,59822.25,59728.55,59785.05,0
2025-11-28 13:45:00+05:30,59784.8,59786.35,59712.15,59743.5,0
2025-11-28 14:15:00+05:30,59742.75,59826.9,59723.15,59792.8,0
2025-11-28 14:45:00+05:30,59792.7,59802.6,59739.25,59739.6,0
2025-11-28 15:15:00+05:30,59741.7,59776.95,59722.8,59730.3,0
2025-12-01 09:15:00+05:30,60102.05,60114.05,59888.35,60039.35,0
2025-12-01 09:45:00+05:30,60039.45,60075.3,59998.8,60067.0,0
2025-12-01 10:15:00+05:30,60064.3,60114.3,60023.8,60066.6,0
2025-12-01 10:45:00+05:30,60063.65,60066.3,59968.85,60012.8,0
2025-12-01 11:15:00+05:30,60010.0,60020.75,59834.95,59836.15,0
2025-12-01 11:45:00+05:30,59839.65,59870.15,59674.9,59702.45,0
2025-12-01 12:15:00+05:30,59700.55,59739.6,59633.05,59693.7,0
2025-12-01 12:45:00+05:30,59693.7,59784.4,59667.2,59773.8,0
2025-12-01 13:15:00+05:30,59773.45,59794.45,59658.4,59696.45,0
2025-12-01 13:45:00+05:30,59696.7,59815.95,59688.1,59776.25,0
2025-12-01 14:15:00+05:30,59776.8,59779.95,59622.45,59625.3,0
2025-12-01 14:45:00+05:30,59630.6,59745.25,59527.6,59715.0,0
2025-12-01 15:15:00+05:30,59714.0,59715.4,59632.4,59697.15,0
2025-12-02 09:15:00+05:30,59354.2,59576.5,59304.25,59441.35,0
2025-12-02 09:45:00+05:30,59442.55,59533.8,59424.05,59472.45,0
2025-12-02 10:15:00+05:30,59471.45,59583.45,59436.9,59547.05,0
2025-12-02 10:45:00+05:30,59546.7,59656.55,59525.5,59565.45,0
2025-12-02 11:15:00+05:30,59567.3,59604.75,59532.35,59549.5,0
2025-12-02 11:45:00+05:30,59547.75,59561.05,59469.2,59504.25,0
2025-12-02 12:15:00+05:30,59505.85,59586.8,59474.15,59553.2,0
2025-12-02 12:45:00+05:30,59554.9,59557.5,59469.7,59490.3,0
2025-12-02 13:15:00+05:30,59491.55,59500.45,59444.35,59464.4,0
2025-12-02 13:45:00+05:30,59467.4,59496.05,59428.9,59448.95,0
2025-12-02 14:15:00+05:30,59450.65,59476.2,59338.3,59357.45,0
2025-12-02 14:45:00+05:30,59357.05,59388.05,59251.95,59294.15,0
2025-12-02 15:15:00+05:30,59294.65,59347.1,59256.2,59347.1,0
2025-12-03 09:15:00+05:30,59158.7,59356.75,59062.5,59105.2,0
2025-12-03 09:45:00+05:30,59103.9,59153.7,59004.2,59043.1,0
2025-12-03 10:15:00+05:30,59043.1,59048.7,58970.05,58976.5,0
2025-12-03 10:45:00+05:30,58976.45,58999.5,58931.05,58977.4,0
2025-12-03 11:15:00+05:30,58977.75,59139.15,58925.7,59089.9,0
2025-12-03 11:45:00+05:30,59093.5,59190.0,59042.95,59158.5,0
2025-12-03 12:15:00+05:30,59156.55,59162.85,59062.55,59093.65,0
2025-12-03 12:45:00+05:30,59090.7,59110.7,59065.2,59083.45,0
2025-12-03 13:15:00+05:30,59082.45,59145.5,59068.8,59068.8,0
2025-12-03 13:45:00+05:30,59073.95,59130.05,59007.55,59114.0,0
2025-12-03 14:15:00+05:30,59113.3,59167.85,59077.55,59144.7,0
2025-12-03 14:45:00+05:30,59146.55,59414.9,59141.95,59378.45,0
2025-12-03 15:15:00+05:30,59379.1,59398.25,59333.15,59333.15,0
2025-12-04 09:15:00+05:30,59287.1,59414.0,59180.35,59378.95,0
2025-12-04 09:45:00+05:30,59378.1,59414.55,59312.15,59395.35,0
2025-12-04 10:15:00+05:30,59395.2,59548.7,59390.05,59534.75,0
2025-12-04 10:45:00+05:30,59533.6,59539.3,59392.4,59408.8,0
2025-12-04 11:15:00+05:30,59410.35,59412.1,59268.1,59288.45,0
2025-12-04 11:45:00+05:30,59286.65,59305.85,59225.45,59250.25,0
2025-12-04 12:15:00+05:30,59252.55,59290.5,59196.85,59218.05,0
2025-12-04 12:45:00+05:30,59219.4,59219.4,59133.4,59180.1,0
2025-12-04 13:15:00+05:30,59179.4,59242.7,59062.15,59110.2,0
2025-12-04 13:45:00+05:30,59108.9,59210.1,59079.35,59154.8,0
2025-12-04 14:15:00+05:30,59158.15,59182.85,59126.15,59150.35,0
2025-12-04 14:45:00+05:30,59148.6,59314.5,59123.75,59283.45,0
2025-12-04 15:15:00+05:30,59280.2,59335.55,59251.75,59272.7,0
2025-12-05 09:15:00+05:30,59133.2,59392.2,59106.55,59325.7,0
2025-12-05 09:45:00+05:30,59328.05,59658.65,59305.5,59557.15,0
2025-12-05 10:15:00+05:30,59558.65,59679.35,59345.05,59499.3,0
2025-12-05 10:45:00+05:30,59502.3,59607.25,59481.9,59601.55,0
2025-12-05 11:15:00+05:30,59604.0,59638.8,59552.0,59630.3,0
2025-12-05 11:45:00+05:30,59628.8,59643.65,59517.05,59520.15,0
2025-12-05 12:15:00+05:30,59518.35,59724.0,59505.0,59710.75,0
2025-12-05 12:45:00+05:30,59708.4,59762.75,59691.65,59723.15,0
2025-12-05 13:15:00+05:30,59727.7,59774.4,59702.85,59761.75,0
2025-12-05 13:45:00+05:30,59751.55,59777.35,59629.7,59711.35,0
2025-12-05 14:15:00+05:30,59711.6,59747.8,59674.65,59685.8,0
2025-12-05 14:45:00+05:30,59682.1,59799.15,59599.55,59778.95,0
2025-12-05 15:15:00+05:30,59778.45,59806.6,59711.3,59735.8,0
2025-12-08 09:15:00+05:30,59672.05,59713.15,59527.25,59580.2,0
2025-12-08 09:45:00+05:30,59577.2,59581.8,59462.45,59547.25,0
2025-12-08 10:15:00+05:30,59549.4,59620.65,59508.7,59546.3,0
2025-12-08 10:45:00+05:30,59544.45,59567.85,59395.5,59436.85,0
2025-12-08 11:15:00+05:30,59435.65,59436.05,59346.4,59400.8,0
2025-12-08 11:45:00+05:30,59399.65,59445.3,59355.95,59363.25,0
2025-12-08 12:15:00+05:30,59371.5,59406.0,59231.5,59235.75,0
2025-12-08 12:45:00+05:30,59235.55,59360.15,59233.5,59342.25,0
2025-12-08 13:15:00+05:30,59342.35,59344.85,59068.45,59134.85,0
2025-12-08 13:45:00+05:30,59135.35,59180.0,59084.35,59105.1,0
2025-12-08 14:15:00+05:30,59103.7,59171.3,59030.6,59170.7,0
2025-12-08 14:45:00+05:30,59168.6,59310.5,59153.75,59249.55,0
2025-12-08 15:15:00+05:30,59248.7,59258.35,59110.8,59147.3,0
2025-12-09 09:15:00+05:30,58918.85,59083.3,58878.45,58933.1,0
2025-12-09 09:45:00+05:30,58934.35,59103.45,58892.45,59055.1,0
2025-12-09 10:15:00+05:30,59056.0,59186.6,59022.05,59105.05,0
2025-12-09 10:45:00+05:30,59105.05,59265.2,59063.4,59246.55,0
2025-12-09 11:15:00+05:30,59246.5,59262.75,59124.7,59124.7,0
2025-12-09 11:45:00+05:30,59128.4,59284.85,59102.55,59249.7,0
2025-12-09 12:15:00+05:30,59249.7,59317.65,59186.55,59219.55,0
2025-12-09 12:45:00+05:30,59215.65,59266.05,59158.9,59227.4,0
2025-12-09 13:15:00+05:30,59231.85,59334.2,59213.65,59312.75,0
2025-12-09 13:45:00+05:30,59309.95,59358.25,59244.15,59275.85,0
2025-12-09 14:15:00+05:30,59273.8,59282.85,59193.75,59202.95,0
2025-12-09 14:45:00+05:30,59204.55,59275.55,59170.6,59217.35,0
2025-12-09 15:15:00+05:30,59219.05,59230.95,59187.0,59212.1,0
2025-12-10 09:15:00+05:30,59281.55,59440.9,59185.55,59396.5,0
2025-12-10 09:45:00+05:30,59397.4,59430.05,59330.8,59375.45,0
2025-12-10 10:15:00+05:30,59379.25,59427.7,59352.2,59386.8,0
2025-12-10 10:45:00+05:30,59388.8,59390.6,59146.0,59212.9,0
2025-12-10 11:15:00+05:30,59214.55,59226.1,58998.7,59011.4,0
2025-12-10 11:45:00+05:30,59011.0,59087.4,58973.75,59046.5,0
2025-12-10 12:15:00+05:30,59048.85,59062.55,58897.5,58905.45,0
2025-12-10 12:45:00+05:30,58907.05,58992.45,58893.35,58964.8,0
2025-12-10 13:15:00+05:30,58963.9,59091.9,58941.6,59038.5,0
2025-12-10 13:45:00+05:30,59039.45,59047.95,58869.85,58892.75,0
2025-12-10 14:15:00+05:30,58891.5,59003.15,58853.9,58927.0,0
2025-12-10 14:45:00+05:30,58930.55,59009.55,58916.6,58963.7,0
2025-12-10 15:15:00+05:30,58964.95,58979.5,58910.3,58938.3,0
2025-12-11 09:15:00+05:30,58966.2,59117.25,58799.9,58848.25,0
2025-12-11 09:45:00+05:30,58847.85,59082.2,58804.6,59082.2,0
2025-12-11 10:15:00+05:30,59083.85,59216.9,59077.95,59173.5,0
2025-12-11 10:45:00+05:30,59179.45,59247.35,59078.85,59143.25,0
2025-12-11 11:15:00+05:30,59140.05,59241.35,59130.8,59224.65,0
2025-12-11 11:45:00+05:30,59224.8,59417.4,59199.45,59345.5,0
2025-12-11 12:15:00+05:30,59352.1,59423.35,59303.55,59351.3,0
2025-12-11 12:45:00+05:30,59359.65,59370.15,59139.9,59181.8,0
2025-12-11 13:15:00+05:30,59177.8,59279.4,59157.9,59237.85,0
2025-12-11 13:45:00+05:30,59236.0,59302.25,59174.7,59209.3,0
2025-12-11 14:15:00+05:30,59209.3,59326.05,59204.4,59204.4,0
2025-12-11 14:45:00+05:30,59208.55,59240.45,59135.65,59201.1,0
2025-12-11 15:15:00+05:30,59200.9,59225.3,59177.5,59204.6,0
2025-12-12 09:15:00+05:30,59401.5,59532.35,59337.8,59520.2,0
2025-12-12 09:45:00+05:30,59523.8,59545.7,59419.8,59441.7,0
2025-12-12 10:15:00+05:30,59448.7,59482.55,59259.55,59274.5,0
2025-12-12 10:45:00+05:30,59276.1,59326.8,59224.85,59285.4,0
2025-12-12 11:15:00+05:30,59285.4,59443.9,59282.6,59405.75,0
2025-12-12 11:45:00+05:30,59404.2,59441.0,59328.3,59382.25,0
2025-12-12 12:15:00+05:30,59382.25,59418.4,59352.9,59369.45,0
2025-12-12 12:45:00+05:30,59370.75,59387.9,59315.9,59378.7,0
2025-12-12 13:15:00+05:30,59378.4,59381.2,59310.6,59343.65,0
2025-12-12 13:45:00+05:30,59344.85,59439.95,59328.15,59389.15,0
2025-12-12 14:15:00+05:30,59388.1,59407.5,59336.45,59358.55,0
2025-12-12 14:45:00+05:30,59358.8,59418.75,59335.65,59408.1,0
2025-12-12 15:15:00+05:30,59405.45,59426.15,59367.15,59396.8,0
2025-12-15 09:15:00+05:30,59053.7,59357.3,59052.3,59120.35,0
2025-12-15 09:45:00+05:30,59115.6,59214.9,59097.55,59212.25,0
2025-12-15 10:15:00+05:30,59213.85,59263.15,59138.2,59182.1,0
2025-12-15 10:45:00+05:30,59183.15,59299.0,59179.15,59257.55,0
2025-12-15 11:15:00+05:30,59259.6,59312.1,59223.8,59254.35,0
2025-12-15 11:45:00+05:30,59254.35,59516.85,59247.8,59459.75,0
2025-12-15 12:15:00+05:30,59462.6,59501.95,59432.55,59438.3,0
2025-12-15 12:45:00+05:30,59438.1,59533.0,59413.5,59527.1,0
2025-12-15 13:15:00+05:30,59527.75,59528.35,59449.0,59455.9,0
2025-12-15 13:45:00+05:30,59454.15,59507.25,59405.9,59436.8,0
2025-12-15 14:15:00+05:30,59437.4,59516.45,59430.9,59513.15,0
2025-12-15 14:45:00+05:30,59515.15,59528.9,59454.7,59469.9,0
2025-12-15 15:15:00+05:30,59469.8,59473.1,59414.55,59444.7,0
2025-12-16 09:15:00+05:30,59288.75,59335.25,59087.3,59176.85,0
2025-12-16 09:45:00+05:30,59174.9,59179.6,59041.1,59122.7,0
2025-12-16 10:15:00+05:30,59130.7,59165.9,59086.6,59148.7,0
2025-12-16 10:45:00+05:30,59147.1,59147.1,59068.3,59084.35,0
2025-12-16 11:15:00+05:30,59081.8,59119.75,58998.75,59008.7,0
2025-12-16 11:45:00+05:30,59009.25,59104.8,58983.05,59072.85,0
2025-12-16 12:15:00+05:30,59072.1,59138.25,59050.95,59111.15,0
2025-12-16 12:45:00+05:30,59109.6,59112.7,59025.55,59053.6,0
2025-12-16 13:15:00+05:30,59053.5,59124.95,59025.05,59097.15,0
2025-12-16 13:45:00+05:30,59094.35,59169.0,59018.5,59034.6,0
2025-12-16 14:15:00+05:30,59036.05,59093.95,58991.65,59053.8,0
2025-12-16 14:45:00+05:30,59055.95,59117.25,59017.9,59018.8,0
2025-12-16 15:15:00+05:30,59021.35,59030.5,58966.35,59010.6,0
2025-12-17 09:15:00+05:30,59072.8,59127.2,58930.65,58969.45,0
2025-12-17 09:45:00+05:30,58970.9,59014.5,58893.95,58956.0,0
2025-12-17 10:15:00+05:30,58959.1,58989.35,58864.4,58892.5,0
2025-12-17 10:45:00+05:30,58891.3,58978.05,58874.9,58970.85,0
2025-12-17 11:15:00+05:30,58969.8,59010.3,58897.6,58943.65,0
2025-12-17 11:45:00+05:30,58943.35,59020.5,58889.95,58899.55,0
2025-12-17 12:15:00+05:30,58901.0,58941.25,58868.35,58896.05,0
2025-12-17 12:45:00+05:30,58898.3,58951.7,58840.1,58847.85,0
2025-12-17 13:15:00+05:30,58847.0,58945.8,58815.2,58832.85,0
2025-12-17 13:45:00+05:30,58834.6,58867.75,58801.4,58863.9,0
2025-12-17 14:15:00+05:30,58865.6,58954.3,58855.85,58890.05,0
2025-12-17 14:45:00+05:30,58888.4,58953.0,58874.85,58921.05,0
2025-12-17 15:15:00+05:30,58923.75,58988.85,58892.95,58961.5,0
2025-12-18 09:15:00+05:30,58712.7,58895.05,58712.7,58782.8,0
2025-12-18 09:45:00+05:30,58785.75,59003.8,58737.65,58989.8,0
2025-12-18 10:15:00+05:30,58992.45,59173.95,58980.1,59143.85,0
2025-12-18 10:45:00+05:30,59144.65,59174.95,59058.25,59096.75,0
2025-12-18 11:15:00+05:30,59099.55,59147.05,59049.25,59081.2,0
2025-12-18 11:45:00+05:30,59084.4,59176.2,59068.8,59166.65,0
2025-12-18 12:15:00+05:30,59166.3,59201.35,59105.4,59186.8,0
2025-12-18 12:45:00+05:30,59185.0,59211.0,59103.05,59112.2,0
2025-12-18 13:15:00+05:30,59114.75,59126.4,59039.0,59040.45,0
2025-12-18 13:45:00+05:30,59041.25,59092.0,58950.75,58961.95,0
2025-12-18 14:15:00+05:30,58962.95,59001.9,58888.05,58925.45,0
2025-12-18 14:45:00+05:30,58926.9,58960.65,58882.15,58933.9,0
2025-12-18 15:15:00+05:30,58932.95,58938.7,58877.55,58905.25,0
2025-12-19 09:15:00+05:30,59047.4,59134.75,58947.0,59075.75,0
2025-12-19 09:45:00+05:30,59077.55,59094.65,58979.15,59018.05,0
2025-12-19 10:15:00+05:30,59018.15,59121.15,59003.95,59095.8,0
2025-12-19 10:45:00+05:30,59097.95,59113.7,58977.95,59009.6,0
2025-12-19 11:15:00+05:30,59009.5,59030.25,58938.05,58944.95,0
2025-12-19 11:45:00+05:30,58941.8,59042.35,58897.5,59007.5,0
2025-12-19 12:15:00+05:30,59010.15,59029.05,58974.8,59018.0,0
2025-12-19 12:45:00+05:30,59021.55,59035.65,58924.5,58952.15,0
2025-12-19 13:15:00+05:30,58949.75,59096.6,58935.85,59096.6,0
2025-12-19 13:45:00+05:30,59094.65,59125.25,59058.95,59070.25,0
2025-12-19 14:15:00+05:30,59069.55,59134.05,59063.0,59113.75,0
2025-12-19 14:45:00+05:30,59113.1,59140.55,59047.45,59080.0,0
2025-12-19 15:15:00+05:30,59080.8,59083.0,59026.7,59046.8,0
2025-12-22 09:15:00+05:30,59224.75,59371.2,59155.5,59293.65,0
2025-12-22 09:45:00+05:30,59291.55,59352.75,59275.65,59307.85,0
2025-12-22 10:15:00+05:30,59307.4,59318.85,59226.8,59263.0,0
2025-12-22 10:45:00+05:30,59263.3,59316.15,59228.0,59239.45,0
2025-12-22 11:15:00+05:30,59238.2,59294.3,59232.75,59262.9,0
2025-12-22 11:45:00+05:30,59263.7,59312.9,59246.55,59281.2,0
2025-12-22 12:15:00+05:30,59280.2,59312.45,59214.65,59216.65,0
2025-12-22 12:45:00+05:30,59216.1,59276.45,59183.6,59265.6,0
2025-12-22 13:15:00+05:30,59273.8,59313.05,59249.95,59278.0,0
2025-12-22 13:45:00+05:30,59282.65,59324.5,59250.85,59283.15,0
2025-12-22 14:15:00+05:30,59284.2,59339.45,59245.45,59291.2,0
2025-12-22 14:45:00+05:30,59291.8,59330.25,59270.3,59313.5,0
2025-12-22 15:15:00+05:30,59314.05,59316.05,59274.25,59284.1,0
2025-12-23 09:15:00+05:30,59334.35,59402.35,59219.7,59231.55,0
2025-12-23 09:45:00+05:30,59232.55,59377.9,59216.75,59361.5,0
2025-12-23 10:15:00+05:30,59361.5,59368.05,59278.85,59320.25,0
2025-12-23 10:45:00+05:30,59322.55,59352.8,59289.0,59319.9,0
2025-12-23 11:15:00+05:30,59321.9,59338.25,59247.0,59255.75,0
2025-12-23 11:45:00+05:30,59259.3,59303.8,59230.8,59275.0,0
2025-12-23 12:15:00+05:30,59278.2,59286.45,59230.4,59255.95,0
2025-12-23 12:45:00+05:30,59256.15,59325.55,59251.75,59303.15,0
2025-12-23 13:15:00+05:30,59303.45,59346.0,59292.95,59305.95,0
2025-12-23 13:45:00+05:30,59307.5,59343.35,59290.3,59330.85,0
2025-12-23 14:15:00+05:30,59332.95,59370.15,59263.85,59263.85,0
2025-12-23 14:45:00+05:30,59263.4,59340.85,59255.2,59328.7,0
2025-12-23 15:15:00+05:30,59325.45,59331.25,59255.4,59276.55,0
2025-12-24 09:15:00+05:30,59322.95,59478.15,59251.65,59446.95,0
2025-12-24 09:45:00+05:30,59452.85,59468.85,59370.55,59416.7,0
2025-12-24 10:15:00+05:30,59413.15,59452.7,59379.25,59379.25,0
2025-12-24 10:45:00+05:30,59386.6,59422.1,59359.25,59398.55,0
2025-12-24 11:15:00+05:30,59396.9,59411.95,59338.35,59346.45,0
2025-12-24 11:45:00+05:30,59347.3,59363.35,59319.1,59343.35,0
2025-12-24 12:15:00+05:30,59336.8,59364.5,59305.45,59308.85,0
2025-12-24 12:45:00+05:30,59309.15,59336.3,59239.5,59251.45,0
2025-12-24 13:15:00+05:30,59252.75,59254.0,59158.55,59199.25,0
2025-12-24 13:45:00+05:30,59197.6,59234.0,59163.75,59201.55,0
2025-12-24 14:15:00+05:30,59207.8,59230.75,59162.7,59213.6,0
2025-12-24 14:45:00+05:30,59217.55,59255.55,59161.75,59201.75,0
2025-12-24 15:15:00+05:30,59202.3,59211.0,59118.25,59135.4,0
2025-12-26 09:15:00+05:30,59092.85,59180.65,59072.45,59091.2,0
2025-12-26 09:45:00+05:30,59091.4,59154.6,59088.3,59115.3,0
2025-12-26 10:15:00+05:30,59110.7,59163.25,59097.05,59156.05,0
2025-12-26 10:45:00+05:30,59155.45,59165.3,59070.8,59078.75,0
2025-12-26 11:15:00+05:30,59078.7,59086.3,58994.05,59017.15,0
2025-12-26 11:45:00+05:30,59018.15,59054.65,59008.0,59045.85,0
2025-12-26 12:15:00+05:30,59043.8,59073.3,58983.2,59000.0,0
2025-12-26 12:45:00+05:30,59008.95,59036.3,58976.35,59034.15,0
2025-12-26 13:15:00+05:30,59033.25,59065.05,59024.75,59047.95,0
2025-12-26 13:45:00+05:30,59045.35,59058.9,58998.65,59011.85,0
2025-12-26 14:15:00+05:30,59009.5,59024.0,58947.05,58970.25,0
2025-12-26 14:45:00+05:30,58978.7,59039.5,58952.9,59011.55,0
2025-12-26 15:15:00+05:30,59014.5,59033.0,58970.45,58994.45,0
2025-12-29 09:15:00+05:30,59007.05,59140.4,58976.05,59062.45,0
2025-12-29 09:45:00+05:30,59059.95,59084.85,58916.65,58979.55,0
2025-12-29 10:15:00+05:30,58971.65,58986.65,58896.25,58909.25,0
2025-12-29 10:45:00+05:30,58904.7,58934.8,58856.3,58869.6,0
2025-12-29 11:15:00+05:30,58871.05,58880.4,58815.5,58853.05,0
2025-12-29 11:45:00+05:30,58855.15,58877.7,58810.35,58841.95,0
2025-12-29 12:15:00+05:30,58838.1,58858.25,58813.6,58840.9,0
2025-12-29 12:45:00+05:30,58841.5,58893.8,58819.45,58855.5,0
2025-12-29 13:15:00+05:30,58858.1,58886.7,58809.55,58876.45,0
2025-12-29 13:45:00+05:30,58876.7,58968.1,58865.3,58909.9,0
2025-12-29 14:15:00+05:30,58913.75,58997.1,58872.2,58964.1,0
2025-12-29 14:45:00+05:30,58965.55,58974.4,58887.35,58928.5,0
2025-12-29 15:15:00+05:30,58923.5,58963.4,58916.75,58953.95,0
2025-12-30 09:15:00+05:30,58885.95,58961.45,58737.6,58844.75,0
2025-12-30 09:45:00+05:30,58844.55,58964.35,58767.85,58944.65,0
2025-12-30 10:15:00+05:30,58943.05,59076.1,58932.2,58934.2,0
2025-12-30 10:45:00+05:30,58935.85,58985.7,58883.35,58924.4,0
2025-12-30 11:15:00+05:30,58925.15,58984.0,58899.85,58982.7,0
2025-12-30 11:45:00+05:30,58981.05,58993.6,58860.55,58872.05,0
2025-12-30 12:15:00+05:30,58875.45,58960.15,58864.8,58931.6,0
2025-12-30 12:45:00+05:30,58932.45,58976.15,58883.2,58922.9,0
2025-12-30 13:15:00+05:30,58923.95,59063.5,58914.75,59057.5,0
2025-12-30 13:45:00+05:30,59053.35,59116.2,59023.9,59087.75,0
2025-12-30 14:15:00+05:30,59087.35,59135.35,59018.55,59115.3,0
2025-12-30 14:45:00+05:30,59119.2,59251.45,59064.1,59196.0,0
2025-12-30 15:15:00+05:30,59198.1,59272.7,59156.4,59253.95,0
2025-12-31 09:15:00+05:30,59194.6,59414.05,59187.1,59253.2,0
2025-12-31 09:45:00+05:30,59247.7,59354.05,59243.15,59349.4,0
2025-12-31 10:15:00+05:30,59355.25,59450.1,59313.7,59439.65,0
2025-12-31 10:45:00+05:30,59443.05,59496.65,59394.3,59453.2,0
2025-12-31 11:15:00+05:30,59450.85,59490.85,59400.35,59456.75,0
2025-12-31 11:45:00+05:30,59460.95,59527.1,59445.0,59514.6,0
2025-12-31 12:15:00+05:30,59514.1,59625.75,59511.1,59619.2,0
2025-12-31 12:45:00+05:30,59621.5,59742.35,59615.65,59705.5,0
2025-12-31 13:15:00+05:30,59705.55,59734.8,59616.7,59675.25,0
2025-12-31 13:45:00+05:30,59670.65,59748.6,59670.45,59729.95,0
2025-12-31 14:15:00+05:30,59727.25,59766.2,59658.35,59752.9,0
2025-12-31 14:45:00+05:30,59756.45,59757.45,59541.85,59584.55,0
2025-12-31 15:15:00+05:30,59587.0,59637.2,59557.8,59619.35,0
2026-01-01 09:15:00+05:30,59674.8,59720.0,59569.65,59706.0,0
2026-01-01 09:45:00+05:30,59707.8,59713.5,59631.65,59658.2,0
2026-01-01 10:15:00+05:30,59661.05,59739.15,59573.1,59719.0,0
2026-01-01 10:45:00+05:30,59719.7,59743.2,59666.6,59714.85,0
2026-01-01 11:15:00+05:30,59714.9,59738.3,59687.05,59690.3,0
2026-01-01 11:45:00+05:30,59691.8,59704.1,59624.45,59628.0,0
2026-01-01 12:15:00+05:30,59629.4,59698.8,59600.9,59660.6,0
2026-01-01 12:45:00+05:30,59660.85,59699.6,59643.05,59680.4,0
2026-01-01 13:15:00+05:30,59680.8,59703.5,59628.35,59678.95,0
2026-01-01 13:45:00+05:30,59681.3,59727.1,59666.9,59712.8,0
2026-01-01 14:15:00+05:30,59711.95,59730.5,59669.05,59686.4,0
2026-01-01 14:45:00+05:30,59690.45,59735.8,59668.5,59691.1,0
2026-01-01 15:15:00+05:30,59686.6,59721.75,59670.2,59707.55,0
2026-01-02 09:15:00+05:30,59757.4,60047.55,59738.25,60046.0,0
2026-01-02 09:45:00+05:30,60040.55,60062.75,59985.3,60015.65,0
2026-01-02 10:15:00+05:30,60013.85,60033.7,59978.05,60030.15,0
2026-01-02 10:45:00+05:30,60030.7,60031.85,59979.75,60015.05,0
2026-01-02 11:15:00+05:30,60011.05,60111.5,59994.85,60093.3,0
2026-01-02 11:45:00+05:30,60092.25,60147.2,60071.1,60145.4,0
2026-01-02 12:15:00+05:30,60143.9,60152.35,60083.65,60106.65,0
2026-01-02 12:45:00+05:30,60099.1,60130.15,60066.75,60106.25,0
2026-01-02 13:15:00+05:30,60106.3,60150.6,60094.2,60106.95,0
2026-01-02 13:45:00+05:30,60103.05,60126.0,60078.85,60104.9,0
2026-01-02 14:15:00+05:30,60105.95,60133.15,60002.1,60006.55,0
2026-01-02 14:45:00+05:30,60007.45,60126.15,59978.15,60110.85,0
2026-01-02 15:15:00+05:30,60107.35,60203.75,60102.35,60174.75,0
2026-01-05 09:15:00+05:30,60360.4,60437.35,60122.35,60222.7,0
2026-01-05 09:45:00+05:30,60224.5,60354.45,60176.05,60345.6,0
2026-01-05 10:15:00+05:30,60341.95,60357.0,60276.5,60317.35,0
2026-01-05 10:45:00+05:30,60317.05,60353.9,60270.8,60314.55,0
2026-01-05 11:15:00+05:30,60314.65,60319.75,60184.5,60266.8,0
2026-01-05 11:45:00+05:30,60267.85,60278.8,60200.5,60250.55,0
2026-01-05 12:15:00+05:30,60253.25,60272.2,60196.6,60208.35,0
2026-01-05 12:45:00+05:30,60208.15,60243.9,60127.15,60131.95,0
2026-01-05 13:15:00+05:30,60127.6,60151.6,60023.65,60067.0,0
2026-01-05 13:45:00+05:30,60065.7,60065.7,59859.8,59907.2,0
2026-01-05 14:15:00+05:30,59908.4,60061.85,59887.2,60055.35,0
2026-01-05 14:45:00+05:30,60056.0,60125.1,60020.75,60051.25,0
2026-01-05 15:15:00+05:30,60052.55,60056.05,59988.45,60055.5,0
2026-01-06 09:15:00+05:30,59957.8,60252.85,59834.3,60165.35,0
2026-01-06 09:45:00+05:30,60167.3,60303.15,60159.15,60276.75,0
2026-01-06 10:15:00+05:30,60274.85,60305.0,60193.45,60252.75,0
2026-01-06 10:45:00+05:30,60249.95,60280.3,60204.55,60226.7,0
2026-01-06 11:15:00+05:30,60225.3,60238.5,60090.4,60229.55,0
2026-01-06 11:45:00+05:30,60229.0,60260.6,60171.25,60230.0,0
2026-01-06 12:15:00+05:30,60228.3,60251.8,60158.3,60176.7,0
2026-01-06 12:45:00+05:30,60177.25,60241.2,60121.1,60197.15,0
2026-01-06 13:15:00+05:30,60193.7,60198.05,60076.35,60138.85,0
2026-01-06 13:45:00+05:30,60137.6,60175.6,60053.8,60076.6,0
2026-01-06 14:15:00+05:30,60076.45,60091.75,60006.15,60076.7,0
2026-01-06 14:45:00+05:30,60076.7,60143.0,60070.15,60136.8,0
2026-01-06 15:15:00+05:30,60134.9,60141.35,60095.8,60095.8,0
2026-01-07 09:15:00+05:30,60039.7,60052.85,59892.1,59900.55,0
2026-01-07 09:45:00+05:30,59901.45,59947.9,59861.35,59912.45,0
2026-01-07 10:15:00+05:30,59910.4,59984.05,59864.6,59952.6,0
2026-01-07 10:45:00+05:30,59952.7,60027.9,59919.5,59987.05,0
2026-01-07 11:15:00+05:30,59989.3,60065.4,59962.9,59998.15,0
2026-01-07 11:45:00+05:30,59999.0,60022.6,59896.1,59906.8,0
2026-01-07 12:15:00+05:30,59908.1,59938.6,59849.9,59858.1,0
2026-01-07 12:45:00+05:30,59859.0,59896.65,59841.05,59895.05,0
2026-01-07 13:15:00+05:30,59894.85,59900.4,59760.65,59800.15,0
2026-01-07 13:45:00+05:30,59801.45,59866.6,59770.0,59833.8,0
2026-01-07 14:15:00+05:30,59837.05,59944.5,59822.2,59930.3,0
2026-01-07 14:45:00+05:30,59932.1,60026.0,59894.7,60017.5,0
2026-01-07 15:15:00+05:30,60017.9,60026.0,59959.8,59976.85,0
2026-01-08 09:15:00+05:30,59893.15,60112.85,59777.6,60054.55,0
2026-01-08 09:45:00+05:30,60054.8,60060.8,59926.15,59959.55,0
2026-01-08 10:15:00+05:30,59961.75,60022.6,59909.7,59957.8,0
2026-01-08 10:45:00+05:30,59956.45,59994.0,59749.5,59786.3,0
2026-01-08 11:15:00+05:30,59785.85,59805.15,59689.7,59763.1,0
2026-01-08 11:45:00+05:30,59764.25,59770.75,59564.8,59701.15,0
2026-01-08 12:15:00+05:30,59697.45,59745.65,59649.0,59679.35,0
2026-01-08 12:45:00+05:30,59680.55,59732.2,59608.3,59716.75,0
2026-01-08 13:15:00+05:30,59713.65,59717.45,59635.45,59683.1,0
2026-01-08 13:45:00+05:30,59681.95,59781.75,59679.0,59779.25,0
2026-01-08 14:15:00+05:30,59777.95,59827.6,59708.65,59779.4,0
2026-01-08 14:45:00+05:30,59783.15,59793.15,59670.1,59688.3,0
2026-01-08 15:15:00+05:30,59688.35,59691.6,59621.9,59676.7,0
2026-01-09 09:15:00+05:30,59558.15,59739.65,59409.05,59516.8,0
2026-01-09 09:45:00+05:30,59511.4,59619.5,59465.15,59542.75,0
2026-01-09 10:15:00+05:30,59544.6,59625.15,59491.45,59542.55,0
2026-01-09 10:45:00+05:30,59543.45,59580.95,59420.15,59428.5,0
2026-01-09 11:15:00+05:30,59427.1,59486.25,59363.55,59390.75,0
2026-01-09 11:45:00+05:30,59390.9,59415.2,59343.55,59352.5,0
2026-01-09 12:15:00+05:30,59353.05,59388.4,59229.0,59263.85,0
2026-01-09 12:45:00+05:30,59262.45,59333.4,59230.55,59273.95,0
2026-01-09 13:15:00+05:30,59272.8,59329.1,59234.6,59253.15,0
2026-01-09 13:45:00+05:30,59254.75,59272.5,59197.25,59205.6,0
2026-01-09 14:15:00+05:30,59208.75,59238.1,59154.2,59211.85,0
2026-01-09 14:45:00+05:30,59211.65,59309.7,59191.95,59268.45,0
2026-01-09 15:15:00+05:30,59270.6,59273.15,59215.45,59269.35,0
2026-01-12 09:15:00+05:30,59217.25,59322.15,58982.75,59046.1,0
2026-01-12 09:45:00+05:30,59047.3,59147.95,59022.65,59043.25,0
2026-01-12 10:15:00+05:30,59043.05,59177.7,59036.65,59087.6,0
2026-01-12 10:45:00+05:30,59082.9,59125.1,59009.85,59013.45,0
2026-01-12 11:15:00+05:30,59014.65,59023.2,58874.65,58886.1,0
2026-01-12 11:45:00+05:30,58886.85,59072.85,58864.2,59072.0,0
2026-01-12 12:15:00+05:30,59074.55,59540.95,59046.75,59498.45,0
2026-01-12 12:45:00+05:30,59498.55,59536.0,59357.3,59498.35,0
2026-01-12 13:15:00+05:30,59494.3,59521.6,59396.3,59450.65,0
2026-01-12 13:45:00+05:30,59451.35,59484.9,59394.15,59409.2,0
2026-01-12 14:15:00+05:30,59410.75,59477.15,59303.75,59388.95,0
2026-01-12 14:45:00+05:30,59388.3,59507.0,59380.3,59424.05,0
2026-01-12 15:15:00+05:30,59423.25,59541.1,59422.9,59534.05,0
2026-01-13 09:15:00+05:30,59767.55,59767.55,59463.75,59529.5,0
2026-01-13 09:45:00+05:30,59529.1,59635.25,59464.9,59552.85,0
2026-01-13 10:15:00+05:30,59552.85,59697.75,59530.15,59592.05,0
2026-01-13 10:45:00+05:30,59587.3,59681.85,59553.95,59663.1,0
2026-01-13 11:15:00+05:30,59663.25,59728.65,59622.4,59684.15,0
2026-01-13 11:45:00+05:30,59681.75,59693.2,59537.45,59541.85,0
2026-01-13 12:15:00+05:30,59538.9,59606.85,59511.95,59541.3,0
2026-01-13 12:45:00+05:30,59539.4,59541.55,59324.55,59403.4,0
2026-01-13 13:15:00+05:30,59404.6,59457.3,59362.05,59437.2,0
2026-01-13 13:45:00+05:30,59437.2,59495.2,59313.0,59343.3,0
2026-01-13 14:15:00+05:30,59343.2,59506.65,59312.05,59481.3,0
2026-01-13 14:45:00+05:30,59481.55,59652.8,59475.4,59575.9,0
2026-01-13 15:15:00+05:30,59574.4,59607.75,59535.7,59542.35,0
2026-01-14 09:15:00+05:30,59330.35,59667.3,59324.2,59527.85,0
2026-01-14 09:45:00+05:30,59524.7,59623.4,59479.1,59483.85,0
2026-01-14 10:15:00+05:30,59483.3,59504.6,59366.65,59395.9,0
2026-01-14 10:45:00+05:30,59401.85,59596.05,59364.95,59575.0,0
2026-01-14 11:15:00+05:30,59577.1,59708.6,59553.5,59616.5,0
2026-01-14 11:45:00+05:30,59615.8,59661.0,59567.4,59577.0,0
2026-01-14 12:15:00+05:30,59578.2,59670.45,59549.05,59606.35,0
2026-01-14 12:45:00+05:30,59608.9,59752.25,59601.55,59730.75,0
2026-01-14 13:15:00+05:30,59732.9,59796.65,59623.9,59630.0,0
2026-01-14 13:45:00+05:30,59631.5,59658.8,59543.85,59627.3,0
2026-01-14 14:15:00+05:30,59629.9,59639.1,59457.0,59612.1,0
2026-01-14 14:45:00+05:30,59612.4,59717.0,59558.0,59564.7,0
2026-01-14 15:15:00+05:30,59580.6,59586.25,59546.3,59575.8,0
2026-01-16 09:15:00+05:30,59590.35,59854.15,59510.5,59849.65,0
2026-01-16 09:45:00+05:30,59849.65,60026.7,59843.35,60008.45,0
2026-01-16 10:15:00+05:30,60006.85,60160.85,60004.5,60064.8,0
2026-01-16 10:45:00+05:30,60064.15,60112.1,59993.0,60022.9,0
2026-01-16 11:15:00+05:30,60021.15,60118.7,60005.5,60026.45,0
2026-01-16 11:45:00+05:30,60026.1,60096.6,59998.45,60084.35,0
2026-01-16 12:15:00+05:30,60085.1,60094.85,59899.1,60047.3,0
2026-01-16 12:45:00+05:30,60050.65,60055.7,59927.85,59980.5,0
2026-01-16 13:15:00+05:30,59981.0,60079.8,59916.75,60033.85,0
2026-01-16 13:45:00+05:30,60031.5,60083.4,59969.35,60035.75,0
2026-01-16 14:15:00+05:30,60035.75,60112.45,59999.7,60092.45,0
2026-01-16 14:45:00+05:30,60093.05,60120.5,60046.85,60074.7,0
2026-01-16 15:15:00+05:30,60075.7,60235.15,60058.5,60110.5,0
2026-01-19 09:15:00+05:30,60093.3,60107.5,59744.2,59744.2,0
2026-01-19 09:45:00+05:30,59748.4,59814.05,59594.6,59668.85,0
2026-01-19 10:15:00+05:30,59664.5,59770.95,59655.85,59688.8,0
2026-01-19 10:45:00+05:30,59691.05,59809.3,59677.85,59726.75,0
2026-01-19 11:15:00+05:30,59727.1,59767.5,59681.15,59755.5,0
2026-01-19 11:45:00+05:30,59761.85,59802.3,59700.5,59769.65,0
2026-01-19 12:15:00+05:30,59770.1,59855.7,59766.15,59826.5,0
2026-01-19 12:45:00+05:30,59826.3,59903.45,59783.3,59857.65,0
2026-01-19 13:15:00+05:30,59852.7,59911.6,59774.1,59818.95,0
2026-01-19 13:45:00+05:30,59819.6,59989.25,59806.35,59849.1,0
2026-01-19 14:15:00+05:30,59848.55,59935.85,59834.25,59920.05,0
2026-01-19 14:45:00+05:30,59918.4,59974.8,59888.55,59910.5,0
2026-01-19 15:15:00+05:30,59910.8,59919.4,59798.45,59829.9,0
2026-01-20 09:15:00+05:30,59851.4,59993.5,59694.65,59722.7,0
2026-01-20 09:45:00+05:30,59723.95,59747.15,59621.95,59666.65,0
2026-01-20 10:15:00+05:30,59672.6,59760.95,59652.9,59693.1,0
2026-01-20 10:45:00+05:30,59695.3,59711.9,59630.5,59697.9,0
2026-01-20 11:15:00+05:30,59696.6,59739.05,59667.25,59728.05,0
2026-01-20 11:45:00+05:30,59729.3,59840.1,59673.65,59702.1,0
2026-01-20 12:15:00+05:30,59706.2,59727.1,59629.7,59634.1,0
2026-01-20 12:45:00+05:30,59633.05,59702.95,59623.1,59674.95,0
2026-01-20 13:15:00+05:30,59674.8,59721.25,59561.25,59589.5,0
2026-01-20 13:45:00+05:30,59587.85,59604.4,59482.6,59488.1,0
2026-01-20 14:15:00+05:30,59488.65,59600.85,59474.65,59524.2,0
2026-01-20 14:45:00+05:30,59523.95,59553.1,59382.6,59388.45,0
2026-01-20 15:15:00+05:30,59384.8,59452.0,59283.95,59372.3,0
2026-01-21 09:15:00+05:30,59142.0,59447.35,59122.65,59210.05,0
2026-01-21 09:45:00+05:30,59207.8,59239.3,58970.3,58983.25,0
2026-01-21 10:15:00+05:30,58976.6,58992.3,58759.4,58762.0,0
2026-01-21 10:45:00+05:30,58760.1,58765.0,58278.6,58627.1,0
2026-01-21 11:15:00+05:30,58629.4,58651.75,58514.45,58539.95,0
2026-01-21 11:45:00+05:30,58541.15,58778.2,58539.35,58773.75,0
2026-01-21 12:15:00+05:30,58773.65,59005.3,58671.0,58951.75,0
2026-01-21 12:45:00+05:30,58954.35,59270.2,58948.25,59019.9,0
2026-01-21 13:15:00+05:30,59027.3,59065.9,58859.1,58914.05,0
2026-01-21 13:45:00+05:30,58913.65,58940.6,58735.2,58764.05,0
2026-01-21 14:15:00+05:30,58768.35,58922.55,58732.3,58851.55,0
2026-01-21 14:45:00+05:30,58857.15,58900.45,58763.95,58778.45,0
2026-01-21 15:15:00+05:30,58776.35,58821.0,58728.1,58741.2,0
2026-01-22 09:15:00+05:30,59194.25,59573.1,59087.3,59490.9,0
2026-01-22 09:45:00+05:30,59486.25,59533.15,59299.2,59333.3,0
2026-01-22 10:15:00+05:30,59332.75,59353.2,58944.25,59105.7,0
2026-01-22 10:45:00+05:30,59107.4,59114.95,58862.45,58904.15,0
2026-01-22 11:15:00+05:30,58900.2,59067.25,58875.15,58891.85,0
2026-01-22 11:45:00+05:30,58889.1,59009.9,58823.05,58989.65,0
2026-01-22 12:15:00+05:30,58990.7,59151.55,58945.8,59088.3,0
2026-01-22 12:45:00+05:30,59093.6,59127.15,58899.0,58957.2,0
2026-01-22 13:15:00+05:30,58956.4,59079.8,58927.25,59032.0,0
2026-01-22 13:45:00+05:30,59030.65,59132.65,58994.1,59015.65,0
2026-01-22 14:15:00+05:30,59015.05,59238.05,58979.65,59174.5,0
2026-01-22 14:45:00+05:30,59173.8,59230.05,59058.55,59215.0,0
2026-01-22 15:15:00+05:30,59211.95,59310.35,59207.55,59257.55,0
2026-01-23 09:15:00+05:30,59305.15,59400.15,59090.25,59098.95,0
2026-01-23 09:45:00+05:30,59100.35,59160.2,59027.1,59082.0,0
2026-01-23 10:15:00+05:30,59086.45,59211.25,59032.8,59140.75,0
2026-01-23 10:45:00+05:30,59139.7,59242.8,59081.2,59209.2,0
2026-01-23 11:15:00+05:30,59207.9,59215.35,58956.15,58987.85,0
2026-01-23 11:45:00+05:30,58988.2,59008.35,58895.5,58931.65,0
2026-01-23 12:15:00+05:30,58927.85,59073.55,58927.85,59054.0,0
2026-01-23 12:45:00+05:30,59053.05,59124.65,58933.45,58986.7,0
2026-01-23 13:15:00+05:30,58987.35,58993.95,58580.85,58585.0,0
2026-01-23 13:45:00+05:30,58585.15,58621.9,58515.6,58537.2,0
2026-01-23 14:15:00+05:30,58539.9,58655.4,58445.9,58616.85,0
2026-01-23 14:45:00+05:30,58620.15,58651.7,58485.7,58517.05,0
2026-01-23 15:15:00+05:30,58518.5,58554.1,58346.25,58501.1,0
2026-01-27 09:15:00+05:30,58366.05,58649.3,58121.6,58647.95,0
2026-01-27 09:45:00+05:30,58645.3,58701.1,58512.25,58680.95,0
2026-01-27 10:15:00+05:30,58683.8,58780.05,58438.1,58455.1,0
2026-01-27 10:45:00+05:30,58454.9,58613.4,58375.55,58561.35,0
2026-01-27 11:15:00+05:30,58562.05,58856.75,58534.65,58843.9,0
2026-01-27 11:45:00+05:30,58835.7,58859.2,58618.0,58741.05,0
2026-01-27 12:15:00+05:30,58743.4,58793.25,58631.6,58666.75,0
2026-01-27 12:45:00+05:30,58668.7,58766.6,58589.25,58723.95,0
2026-01-27 13:15:00+05:30,58719.6,58824.15,58620.75,58684.8,0
2026-01-27 13:45:00+05:30,58687.65,58788.95,58634.7,58724.45,0
2026-01-27 14:15:00+05:30,58724.8,58933.15,58683.55,58892.05,0
2026-01-27 14:45:00+05:30,58892.75,59220.3,58892.75,59153.45,0
2026-01-27 15:15:00+05:30,59150.8,59436.8,59148.25,59348.25,0
2026-01-28 09:15:00+05:30,59575.65,59659.15,59445.7,59482.6,0
2026-01-28 09:45:00+05:30,59485.4,59575.3,59401.9,59447.45,0
2026-01-28 10:15:00+05:30,59444.45,59564.85,59390.3,59522.95,0
2026-01-28 10:45:00+05:30,59522.95,59626.6,59501.6,59568.85,0
2026-01-28 11:15:00+05:30,59570.25,59699.9,59555.25,59560.8,0
2026-01-28 11:45:00+05:30,59559.85,59623.1,59532.2,59554.85,0
2026-01-28 12:15:00+05:30,59554.85,59570.35,59463.45,59523.2,0
2026-01-28 12:45:00+05:30,59524.05,59537.15,59438.4,59512.7,0
2026-01-28 13:15:00+05:30,59514.5,59563.15,59287.8,59297.25,0
2026-01-28 13:45:00+05:30,59295.2,59383.8,59245.75,59304.4,0
2026-01-28 14:15:00+05:30,59304.25,59421.85,59240.1,59411.0,0
2026-01-28 14:45:00+05:30,59411.75,59624.25,59411.75,59574.35,0
2026-01-28 15:15:00+05:30,59571.7,59619.75,59551.7,59574.8,0
2026-01-29 09:15:00+05:30,59416.25,59504.55,59339.0,59477.8,0
2026-01-29 09:45:00+05:30,59475.35,59604.8,59405.1,59560.0,0
2026-01-29 10:15:00+05:30,59560.45,59603.35,59493.75,59530.7,0
2026-01-29 10:45:00+05:30,59530.95,59717.55,59518.3,59697.65,0
2026-01-29 11:15:00+05:30,59696.4,59765.7,59635.85,59679.4,0
2026-01-29 11:45:00+05:30,59680.3,59737.55,59611.4,59718.1,0
2026-01-29 12:15:00+05:30,59718.75,59819.7,59705.85,59742.6,0
2026-01-29 12:45:00+05:30,59747.75,59921.1,59727.45,59864.4,0
2026-01-29 13:15:00+05:30,59870.05,59917.25,59778.55,59915.25,0
2026-01-29 13:45:00+05:30,59920.3,59977.35,59872.2,59942.3,0
2026-01-29 14:15:00+05:30,59943.0,60016.05,59899.95,60000.6,0
2026-01-29 14:45:00+05:30,60000.6,60060.7,59884.0,59909.05,0
2026-01-29 15:15:00+05:30,59903.9,60017.2,59883.45,59980.4,0
2026-01-30 09:15:00+05:30,59542.25,59791.4,59535.4,59731.2,0
2026-01-30 09:45:00+05:30,59728.85,59895.5,59710.5,59894.6,0
2026-01-30 10:15:00+05:30,59894.0,59906.9,59765.5,59832.15,0
2026-01-30 10:45:00+05:30,59829.85,59879.7,59731.85,59752.75,0
2026-01-30 11:15:00+05:30,59752.75,59853.25,59685.7,59804.9,0
2026-01-30 11:45:00+05:30,59801.0,59818.3,59699.8,59815.2,0
2026-01-30 12:15:00+05:30,59814.65,59864.5,59759.45,59773.5,0
2026-01-30 12:45:00+05:30,59772.85,59793.7,59602.7,59604.25,0
2026-01-30 13:15:00+05:30,59603.2,59743.9,59501.8,59728.15,0
2026-01-30 13:45:00+05:30,59730.35,59804.6,59665.3,59777.75,0
2026-01-30 14:15:00+05:30,59777.9,59782.55,59661.2,59678.1,0
2026-01-30 14:45:00+05:30,59671.9,59775.85,59579.05,59614.05,0
2026-01-30 15:15:00+05:30,59612.4,59687.9,59557.65,59577.6,0
2026-02-01 09:15:00+05:30,59607.65,59638.7,59514.9,59590.0,0
2026-02-01 09:45:00+05:30,59591.85,59632.75,59390.5,59606.1,0
2026-02-01 10:15:00+05:30,59603.95,59796.35,59591.95,59714.95,0
2026-02-01 10:45:00+05:30,59716.05,59838.1,59671.4,59727.35,0
2026-02-01 11:15:00+05:30,59721.6,59865.7,59514.25,59531.45,0
2026-02-01 11:45:00+05:30,59530.5,59564.9,59197.1,59261.15,0
2026-02-01 12:15:00+05:30,59265.15,59273.95,57783.2,58856.8,0
2026-02-01 12:45:00+05:30,58842.85,59025.3,58707.1,58958.6,0
2026-02-01 13:15:00+05:30,58960.55,59053.8,58749.1,58826.4,0
2026-02-01 13:45:00+05:30,58828.1,58885.75,58696.1,58758.8,0
2026-02-01 14:15:00+05:30,58754.45,58919.55,58711.3,58780.65,0
2026-02-01 14:45:00+05:30,58778.1,58826.55,58465.75,58482.4,0
2026-02-01 15:15:00+05:30,58481.15,58485.7,58248.75,58353.75,0
2026-02-02 09:15:00+05:30,58239.3,58519.95,57916.2,58292.7,0
2026-02-02 09:45:00+05:30,58297.65,58477.1,58100.2,58254.05,0
2026-02-02 10:15:00+05:30,58251.3,58320.65,58172.2,58174.05,0
2026-02-02 10:45:00+05:30,58174.85,58209.15,57829.85,57974.45,0
2026-02-02 11:15:00+05:30,57971.9,58170.5,57848.5,58146.95,0
2026-02-02 11:45:00+05:30,58148.15,58261.25,58077.65,58250.1,0
2026-02-02 12:15:00+05:30,58250.1,58343.25,58115.85,58139.85,0
2026-02-02 12:45:00+05:30,58141.8,58289.4,58117.95,58207.65,0
2026-02-02 13:15:00+05:30,58206.4,58324.65,58004.5,58319.85,0
2026-02-02 13:45:00+05:30,58316.65,58438.0,58232.65,58317.15,0
2026-02-02 14:15:00+05:30,58317.9,58382.25,58232.2,58282.15,0
2026-02-02 14:45:00+05:30,58278.8,58635.9,58267.65,58604.6,0
2026-02-02 15:15:00+05:30,58609.7,58687.05,58552.7,58602.5,0
2026-02-03 09:15:00+05:30,61411.2,61764.85,59932.2,59946.6,0
2026-02-03 09:45:00+05:30,59944.2,60124.45,59793.2,59891.8,0
2026-02-03 10:15:00+05:30,59896.3,60205.7,59896.3,60142.3,0
2026-02-03 10:45:00+05:30,60143.7,60228.8,60081.35,60131.45,0
2026-02-03 11:15:00+05:30,60129.9,60264.15,60116.15,60215.7,0
2026-02-03 11:45:00+05:30,60215.8,60232.85,60138.85,60165.15,0
2026-02-03 12:15:00+05:30,60164.85,60185.55,60049.65,60113.1,0
2026-02-03 12:45:00+05:30,60115.8,60158.4,60087.8,60136.55,0
2026-02-03 13:15:00+05:30,60134.15,60191.85,60030.85,60175.1,0
2026-02-03 13:45:00+05:30,60175.8,60189.2,60072.7,60165.7,0
2026-02-03 14:15:00+05:30,60168.8,60184.75,60071.9,60097.65,0
2026-02-03 14:45:00+05:30,60097.8,60161.1,59973.95,60035.2,0
2026-02-03 15:15:00+05:30,60031.8,60107.95,59972.4,59986.7,0
2026-02-04 09:15:00+05:30,60163.35,60287.95,59891.75,60267.4,0
2026-02-04 09:45:00+05:30,60268.45,60327.1,60203.85,60264.4,0
2026-02-04 10:15:00+05:30,60265.85,60283.5,60137.55,60190.8,0
2026-02-04 10:45:00+05:30,60189.0,60278.75,60172.6,60200.7,0
2026-02-04 11:15:00+05:30,60201.4,60219.05,60136.3,60181.35,0
2026-02-04 11:45:00+05:30,60184.45,60247.85,60143.5,60235.9,0
2026-02-04 12:15:00+05:30,60235.35,60254.4,60152.8,60161.3,0
2026-02-04 12:45:00+05:30,60160.05,60208.95,60102.0,60196.3,0
2026-02-04 13:15:00+05:30,60197.2,60304.5,60176.95,60262.5,0
2026-02-04 13:45:00+05:30,60262.5,60330.3,60218.5,60329.0,0
2026-02-04 14:15:00+05:30,60325.45,60389.4,60314.25,60363.2,0
2026-02-04 14:45:00+05:30,60364.85,60369.1,60242.6,60269.9,0
2026-02-04 15:15:00+05:30,60271.35,60288.5,60135.3,60148.1,0
2026-02-05 09:15:00+05:30,60315.35,60328.3,60098.85,60132.2,0
2026-02-05 09:45:00+05:30,60131.25,60182.0,60064.0,60170.55,0
2026-02-05 10:15:00+05:30,60170.05,60250.9,60018.0,60021.15,0
2026-02-05 10:45:00+05:30,60019.05,60103.55,59990.8,60072.95,0
2026-02-05 11:15:00+05:30,60070.05,60107.7,60012.9,60095.4,0
2026-02-05 11:45:00+05:30,60096.75,60107.75,60006.35,60013.4,0
2026-02-05 12:15:00+05:30,60015.75,60039.8,59963.35,59998.65,0
2026-02-05 12:45:00+05:30,60000.95,60049.15,59973.6,60005.4,0
2026-02-05 13:15:00+05:30,60005.8,60069.15,59975.95,60032.65,0
2026-02-05 13:45:00+05:30,60034.75,60048.95,59912.05,59950.7,0
2026-02-05 14:15:00+05:30,59951.15,59981.65,59881.05,59950.5,0
2026-02-05 14:45:00+05:30,59953.45,60121.55,59942.35,60082.45,0
2026-02-05 15:15:00+05:30,60083.55,60087.15,60007.0,60055.25,0
2026-02-06 09:15:00+05:30,59967.1,60119.95,59924.15,59955.2,0
2026-02-06 09:45:00+05:30,59951.55,60032.35,59873.45,59915.85,0
2026-02-06 10:15:00+05:30,59916.95,60002.1,59644.55,59677.9,0
2026-02-06 10:45:00+05:30,59680.95,59821.45,59659.25,59818.9,0
2026-02-06 11:15:00+05:30,59817.85,60011.7,59769.95,59941.55,0
2026-02-06 11:45:00+05:30,59939.7,59994.8,59827.35,59887.55,0
2026-02-06 12:15:00+05:30,59890.55,59897.95,59717.9,59799.7,0
2026-02-06 12:45:00+05:30,59802.8,59865.95,59782.7,59795.95,0
2026-02-06 13:15:00+05:30,59796.65,59876.4,59768.25,59831.1,0
2026-02-06 13:45:00+05:30,59834.15,60004.5,59819.7,59946.15,0
2026-02-06 14:15:00+05:30,59946.6,60019.65,59927.65,59998.5,0
2026-02-06 14:45:00+05:30,59999.2,60143.3,59974.45,60132.4,0
2026-02-06 15:15:00+05:30,60130.8,60149.9,60078.5,60112.8,0
2026-02-09 09:15:00+05:30,60805.2,60876.2,60495.7,60617.75,0
2026-02-09 09:45:00+05:30,60617.05,60695.35,60593.8,60643.85,0
2026-02-09 10:15:00+05:30,60638.9,60691.3,60572.65,60676.6,0
2026-02-09 10:45:00+05:30,60679.95,60712.7,60633.8,60654.0,0
2026-02-09 11:15:00+05:30,60654.0,60677.8,60616.0,60646.45,0
2026-02-09 11:45:00+05:30,60644.0,60654.4,60604.75,60629.7,0
2026-02-09 12:15:00+05:30,60630.85,60650.15,60564.8,60582.35,0
2026-02-09 12:45:00+05:30,60581.9,60631.7,60516.2,60587.85,0
2026-02-09 13:15:00+05:30,60588.75,60615.9,60543.9,60604.1,0
2026-02-09 13:45:00+05:30,60605.5,60616.65,60560.3,60593.5,0
2026-02-09 14:15:00+05:30,60593.8,60674.65,60581.7,60591.45,0
2026-02-09 14:45:00+05:30,60597.75,60685.2,60593.25,60665.75,0
2026-02-09 15:15:00+05:30,60665.85,60700.35,60638.25,60666.8,0
2026-02-10 09:15:00+05:30,60740.8,60760.6,60608.8,60699.3,0
2026-02-10 09:45:00+05:30,60702.2,60732.6,60597.95,60682.45,0
2026-02-10 10:15:00+05:30,60682.8,60787.95,60673.7,60760.45,0
2026-02-10 10:45:00+05:30,60759.8,60774.3,60719.4,60753.15,0
2026-02-10 11:15:00+05:30,60752.35,60763.4,60701.7,60737.5,0
2026-02-10 11:45:00+05:30,60739.45,60745.95,60704.2,60732.4,0
2026-02-10 12:15:00+05:30,60732.3,60757.45,60712.8,60752.65,0
2026-02-10 12:45:00+05:30,60748.7,60797.55,60726.35,60771.5,0
2026-02-10 13:15:00+05:30,60769.75,60781.9,60622.2,60663.35,0
2026-02-10 13:45:00+05:30,60666.5,60672.15,60531.55,60645.1,0
2026-02-10 14:15:00+05:30,60647.05,60695.0,60617.3,60641.25,0
2026-02-10 14:45:00+05:30,60642.2,60709.45,60607.2,60634.4,0
2026-02-10 15:15:00+05:30,60633.3,60655.15,60550.85,60568.25,0
2026-02-11 09:15:00+05:30,60670.25,60727.1,60444.65,60466.35,0
2026-02-11 09:45:00+05:30,60465.55,60595.55,60451.4,60504.6,0
2026-02-11 10:15:00+05:30,60503.05,60691.4,60493.35,60656.35,0
2026-02-11 10:45:00+05:30,60648.05,60695.65,60581.25,60671.1,0
2026-02-11 11:15:00+05:30,60673.75,60751.0,60637.0,60675.95,0
2026-02-11 11:45:00+05:30,60679.55,60715.35,60638.6,60651.0,0
2026-02-11 12:15:00+05:30,60650.95,60675.2,60613.8,60637.1,0
2026-02-11 12:45:00+05:30,60637.5,60704.55,60616.9,60660.75,0
2026-02-11 13:15:00+05:30,60663.35,60752.2,60655.35,60712.75,0
2026-02-11 13:45:00+05:30,60714.5,60747.25,60682.1,60736.35,0
2026-02-11 14:15:00+05:30,60736.35,60766.15,60679.95,60723.55,0
2026-02-11 14:45:00+05:30,60723.3,60779.95,60713.7,60773.65,0
2026-02-11 15:15:00+05:30,60777.3,60777.3,60717.4,60743.95,0
2026-02-12 09:15:00+05:30,60786.15,60829.85,60678.75,60789.7,0
2026-02-12 09:45:00+05:30,60787.0,60856.75,60763.75,60843.05,0
2026-02-12 10:15:00+05:30,60852.35,60862.5,60777.65,60791.85,0
2026-02-12 10:45:00+05:30,60792.15,60864.4,60772.1,60819.15,0
2026-02-12 11:15:00+05:30,60816.7,60819.8,60717.95,60794.0,0
2026-02-12 11:45:00+05:30,60792.4,60797.55,60685.9,60711.05,0
2026-02-12 12:15:00+05:30,60711.8,60774.3,60703.65,60727.3,0
2026-02-12 12:45:00+05:30,60730.75,60827.5,60727.0,60782.45,0
2026-02-12 13:15:00+05:30,60784.65,60844.8,60771.7,60799.55,0
2026-02-12 13:45:00+05:30,60800.6,60823.1,60728.6,60779.4,0
2026-02-12 14:15:00+05:30,60784.75,60785.7,60678.4,60690.1,0
2026-02-12 14:45:00+05:30,60687.9,60818.55,60597.65,60750.6,0
2026-02-12 15:15:00+05:30,60749.55,60761.95,60696.35,60707.8,0
2026-02-13 09:15:00+05:30,60504.4,60621.9,60436.8,60511.15,0
2026-02-13 09:45:00+05:30,60507.95,60544.05,60415.95,60421.0,0
2026-02-13 10:15:00+05:30,60420.7,60462.1,60359.7,60434.0,0
2026-02-13 10:45:00+05:30,60430.25,60431.45,60271.85,60314.6,0
2026-02-13 11:15:00+05:30,60315.0,60324.85,60253.35,60299.95,0
2026-02-13 11:45:00+05:30,60303.4,60319.9,60256.25,60301.95,0
2026-02-13 12:15:00+05:30,60301.3,60409.4,60288.35,60343.6,0
2026-02-13 12:45:00+05:30,60341.9,60382.9,60271.15,60352.05,0
2026-02-13 13:15:00+05:30,60351.15,60360.5,60252.2,60301.45,0
2026-02-13 13:45:00+05:30,60300.6,60320.45,60233.75,60297.15,0
2026-02-13 14:15:00+05:30,60300.95,60311.95,60267.3,60284.75,0
2026-02-13 14:45:00+05:30,60280.8,60304.3,60242.85,60247.85,0
2026-02-13 15:15:00+05:30,60242.35,60263.25,60073.55,60169.7,0
2026-02-16 09:15:00+05:30,59947.8,60319.05,59861.1,60222.0,0
2026-02-16 09:45:00+05:30,60227.25,60440.15,60154.45,60440.15,0
2026-02-16 10:15:00+05:30,60439.45,60472.15,60353.75,60367.05,0
2026-02-16 10:45:00+05:30,60368.95,60475.5,60360.1,60431.35,0
2026-02-16 11:15:00+05:30,60429.4,60489.1,60374.0,60419.1,0
2026-02-16 11:45:00+05:30,60417.75,60498.5,60394.1,60477.3,0
2026-02-16 12:15:00+05:30,60478.35,60751.1,60457.9,60701.35,0
2026-02-16 12:45:00+05:30,60702.15,60733.0,60629.9,60703.5,0
2026-02-16 13:15:00+05:30,60705.4,60801.85,60668.4,60788.85,0
2026-02-16 13:45:00+05:30,60791.6,60807.55,60678.1,60782.8,0
2026-02-16 14:15:00+05:30,60777.65,60849.25,60771.65,60848.7,0
2026-02-16 14:45:00+05:30,60848.85,60990.75,60831.1,60931.5,0
2026-02-16 15:15:00+05:30,60933.95,61011.3,60913.65,60993.85,0
2026-02-17 09:15:00+05:30,60821.15,60886.1,60560.0,60748.65,0
2026-02-17 09:45:00+05:30,60746.45,60879.65,60669.7,60878.2,0
2026-02-17 10:15:00+05:30,60878.65,61177.2,60863.6,60967.65,0
2026-02-17 10:45:00+05:30,60968.3,61058.15,60924.45,61029.9,0
2026-02-17 11:15:00+05:30,61029.55,61145.95,61000.85,61060.95,0
2026-02-17 11:45:00+05:30,61062.8,61162.85,61059.45,61137.5,0
2026-02-17 12:15:00+05:30,61138.1,61185.45,61080.05,61162.05,0
2026-02-17 12:45:00+05:30,61162.75,61196.35,61102.75,61151.45,0
2026-02-17 13:15:00+05:30,61151.85,61241.6,61115.35,61188.4,0
2026-02-17 13:45:00+05:30,61189.6,61202.85,61044.4,61054.25,0
2026-02-17 14:15:00+05:30,61052.3,61191.55,61034.75,61162.45,0
2026-02-17 14:45:00+05:30,61161.85,61206.75,61094.8,61158.15,0
2026-02-17 15:15:00+05:30,61158.1,61200.35,61133.05,61144.15,0
2026-02-18 09:15:00+05:30,61255.35,61309.3,61100.9,61291.55,0
2026-02-18 09:45:00+05:30,61293.5,61293.5,61149.5,61222.35,0
2026-02-18 10:15:00+05:30,61228.35,61260.55,61186.2,61187.8,0
2026-02-18 10:45:00+05:30,61186.15,61278.4,61177.25,61229.3,0
2026-02-18 11:15:00+05:30,61230.6,61292.0,61174.65,61265.15,0
2026-02-18 11:45:00+05:30,61268.45,61295.9,61245.85,61285.2,0
2026-02-18 12:15:00+05:30,61284.6,61356.8,61253.45,61336.1,0
2026-02-18 12:45:00+05:30,61333.95,61356.3,61305.8,61342.5,0
2026-02-18 13:15:00+05:30,61343.45,61382.0,61294.5,61329.7,0
2026-02-18 13:45:00+05:30,61323.15,61377.65,61246.3,61374.95,0
2026-02-18 14:15:00+05:30,61375.1,61514.8,61361.65,61496.55,0
2026-02-18 14:45:00+05:30,61498.65,61596.85,61471.55,61554.3,0
2026-02-18 15:15:00+05:30,61552.9,61571.85,61520.4,61520.4,0
2026-02-19 09:15:00+05:30,61660.85,61678.8,61414.4,61461.2,0
2026-02-19 09:45:00+05:30,61461.35,61519.65,61369.8,61378.35,0
2026-02-19 10:15:00+05:30,61378.9,61403.65,61255.25,61326.3,0
2026-02-19 10:45:00+05:30,61326.75,61378.75,61279.75,61322.15,0
2026-02-19 11:15:00+05:30,61321.6,61341.1,61210.75,61234.7,0
2026-02-19 11:45:00+05:30,61237.25,61237.85,61066.55,61069.8,0
2026-02-19 12:15:00+05:30,61066.5,61156.6,60959.6,60994.3,0
2026-02-19 12:45:00+05:30,60986.4,61125.3,60963.6,61098.65,0
2026-02-19 13:15:00+05:30,61096.65,61116.5,60996.1,61040.75,0
2026-02-19 13:45:00+05:30,61041.55,61056.55,60911.05,60986.3,0
2026-02-19 14:15:00+05:30,60988.3,61061.0,60877.6,60878.9,0
2026-02-19 14:45:00+05:30,60877.65,60899.15,60710.6,60723.65,0
2026-02-19 15:15:00+05:30,60729.1,60741.15,60592.9,60660.75,0
2026-02-20 09:15:00+05:30,60627.85,61000.5,60562.35,60982.8,0
2026-02-20 09:45:00+05:30,60981.9,61112.75,60979.95,61006.6,0
2026-02-20 10:15:00+05:30,61006.45,61201.5,61003.1,61177.85,0
2026-02-20 10:45:00+05:30,61185.2,61214.5,61094.8,61106.85,0
2026-02-20 11:15:00+05:30,61116.35,61224.8,61116.35,61185.85,0
2026-02-20 11:45:00+05:30,61182.2,61224.1,61146.85,61176.55,0
2026-02-20 12:15:00+05:30,61178.05,61360.5,61176.35,61233.55,0
2026-02-20 12:45:00+05:30,61231.15,61254.75,60961.25,61030.3,0
2026-02-20 13:15:00+05:30,61029.55,61231.0,60987.3,61160.1,0
2026-02-20 13:45:00+05:30,61165.85,61263.4,61154.05,61245.45,0
2026-02-20 14:15:00+05:30,61248.15,61287.7,61165.85,61232.85,0
2026-02-20 14:45:00+05:30,61234.75,61320.65,61136.15,61176.35,0
2026-02-20 15:15:00+05:30,61176.15,61204.45,61096.15,61140.35,0
2026-02-23 09:15:00+05:30,61145.55,61517.8,61067.7,61241.85,0
2026-02-23 09:45:00+05:30,61244.95,61337.25,61161.1,61300.4,0
2026-02-23 10:15:00+05:30,61301.4,61360.75,61165.75,61168.4,0
2026-02-23 10:45:00+05:30,61168.85,61294.35,61116.15,61284.1,0
2026-02-23 11:15:00+05:30,61278.25,61287.5,61164.75,61183.25,0
2026-02-23 11:45:00+05:30,61183.05,61210.1,61101.65,61152.6,0
2026-02-23 12:15:00+05:30,61152.7,61192.5,61052.85,61180.15,0
2026-02-23 12:45:00+05:30,61181.15,61208.9,61075.9,61075.9,0
2026-02-23 13:15:00+05:30,61080.2,61194.55,61029.15,61149.1,0
2026-02-23 13:45:00+05:30,61147.65,61155.8,61044.1,61081.8,0
2026-02-23 14:15:00+05:30,61078.9,61279.15,61060.75,61161.65,0
2026-02-23 14:45:00+05:30,61165.6,61291.35,61158.05,61269.25,0
2026-02-23 15:15:00+05:30,61269.25,61305.85,61242.5,61275.0,0
2026-02-24 09:15:00+05:30,61392.1,61392.1,61109.15,61212.9,0
2026-02-24 09:45:00+05:30,61212.8,61337.1,61206.45,61211.2,0
2026-02-24 10:15:00+05:30,61204.85,61316.85,61188.35,61261.15,0
2026-02-24 10:45:00+05:30,61266.45,61297.45,61175.35,61286.45,0
2026-02-24 11:15:00+05:30,61288.65,61435.65,61262.25,61329.6,0
2026-02-24 11:45:00+05:30,61325.2,61329.25,61184.45,61222.7,0
2026-02-24 12:15:00+05:30,61225.35,61225.45,60995.8,61015.4,0
2026-02-24 12:45:00+05:30,61017.15,61076.7,60925.05,61047.05,0
2026-02-24 13:15:00+05:30,61047.15,61048.55,60801.85,60924.35,0
2026-02-24 13:45:00+05:30,60925.4,61120.1,60893.85,61118.85,0
2026-02-24 14:15:00+05:30,61118.8,61156.65,60980.6,60981.8,0
2026-02-24 14:45:00+05:30,60981.8,61134.7,60939.1,61024.45,0
2026-02-24 15:15:00+05:30,61025.5,61117.65,61018.45,61072.45,0
2026-02-25 09:15:00+05:30,61175.05,61317.55,61145.2,61206.5,0
2026-02-25 09:45:00+05:30,61213.3,61275.0,61166.85,61231.45,0
2026-02-25 10:15:00+05:30,61231.85,61300.25,61181.45,61184.7,0
2026-02-25 10:45:00+05:30,61185.7,61192.65,61083.55,61130.9,0
2026-02-25 11:15:00+05:30,61129.8,61160.1,61081.6,61106.7,0
2026-02-25 11:45:00+05:30,61114.95,61157.7,61067.05,61085.3,0
2026-02-25 12:15:00+05:30,61086.35,61151.7,60940.2,60978.15,0
2026-02-25 12:45:00+05:30,60978.35,60980.15,60834.15,60891.45,0
2026-02-25 13:15:00+05:30,60894.7,60977.45,60849.85,60885.8,0
2026-02-25 13:45:00+05:30,60890.1,60945.95,60816.75,60897.5,0
2026-02-25 14:15:00+05:30,60897.5,61020.4,60886.6,60962.35,0
2026-02-25 14:45:00+05:30,60960.8,61103.75,60933.6,61039.4,0
2026-02-25 15:15:00+05:30,61036.4,61067.6,60997.1,61012.35,0
2026-02-26 09:15:00+05:30,61193.9,61249.7,61061.3,61206.05,0
2026-02-26 09:45:00+05:30,61210.85,61222.6,61098.95,61159.3,0
2026-02-26 10:15:00+05:30,61160.0,61170.4,61038.55,61094.55,0
2026-02-26 10:45:00+05:30,61096.85,61147.7,61027.15,61088.75,0
2026-02-26 11:15:00+05:30,61088.95,61146.6,61000.7,61023.2,0
2026-02-26 11:45:00+05:30,61021.25,61098.4,60954.85,60957.35,0
2026-02-26 12:15:00+05:30,60966.2,60985.0,60813.3,60948.6,0
2026-02-26 12:45:00+05:30,60946.8,60959.45,60850.05,60888.8,0
2026-02-26 13:15:00+05:30,60889.5,60989.2,60862.75,60956.8,0
2026-02-26 13:45:00+05:30,60960.3,60978.75,60863.4,60958.1,0
2026-02-26 14:15:00+05:30,60964.25,61141.5,60932.1,61141.5,0
2026-02-26 14:45:00+05:30,61141.7,61284.75,61127.1,61187.3,0
2026-02-26 15:15:00+05:30,61190.05,61219.95,61064.3,61097.0,0
2026-02-27 09:15:00+05:30,61057.45,61086.45,60839.0,60849.65,0
2026-02-27 09:45:00+05:30,60854.55,60854.55,60684.7,60717.45,0
2026-02-27 10:15:00+05:30,60714.05,60838.0,60664.45,60737.3,0
2026-02-27 10:45:00+05:30,60739.4,60774.95,60693.05,60773.0,0
2026-02-27 11:15:00+05:30,60776.7,60790.0,60633.6,60696.5,0
2026-02-27 11:45:00+05:30,60696.55,60818.0,60695.8,60719.15,0
2026-02-27 12:15:00+05:30,60716.95,60776.3,60675.6,60704.85,0
2026-02-27 12:45:00+05:30,60708.5,60770.45,60690.05,60715.65,0
2026-02-27 13:15:00+05:30,60715.65,60745.15,60661.5,60723.0,0
2026-02-27 13:45:00+05:30,60724.05,60864.7,60724.05,60780.55,0
2026-02-27 14:15:00+05:30,60777.85,60811.25,60720.6,60764.1,0
2026-02-27 14:45:00+05:30,60765.4,60820.35,60439.0,60526.1,0
2026-02-27 15:15:00+05:30,60526.0,60558.6,60438.95,60482.45,0
2026-03-02 09:15:00+05:30,59204.3,60177.5,59148.0,60111.8,0
2026-03-02 09:45:00+05:30,60115.1,60122.05,59853.1,59907.2,0
2026-03-02 10:15:00+05:30,59906.35,59922.8,59736.8,59740.7,0
2026-03-02 10:45:00+05:30,59736.0,59884.15,59723.35,59836.25,0
2026-03-02 11:15:00+05:30,59839.85,59871.75,59797.55,59854.6,0
2026-03-02 11:45:00+05:30,59854.3,59887.0,59721.3,59723.65,0
2026-03-02 12:15:00+05:30,59719.6,59786.2,59630.65,59635.2,0
2026-03-02 12:45:00+05:30,59635.2,59719.8,59594.95,59625.85,0
2026-03-02 13:15:00+05:30,59628.2,59655.0,59503.6,59544.05,0
2026-03-02 13:45:00+05:30,59545.0,59764.5,59345.3,59723.25,0
2026-03-02 14:15:00+05:30,59724.8,59870.3,59615.5,59826.2,0
2026-03-02 14:45:00+05:30,59826.55,59909.7,59709.75,59906.85,0
2026-03-02 15:15:00+05:30,59907.05,59956.7,59838.7,59856.05,0
2026-03-04 09:15:00+05:30,58447.15,58996.95,58393.55,58747.85,0
2026-03-04 09:45:00+05:30,58747.95,58753.6,58508.6,58717.45,0
2026-03-04 10:15:00+05:30,58720.3,58753.9,58537.2,58589.7,0
2026-03-04 10:45:00+05:30,58589.7,58686.55,58452.95,58633.4,0
2026-03-04 11:15:00+05:30,58631.9,58641.35,58484.55,58523.0,0
2026-03-04 11:45:00+05:30,58521.6,58560.35,58479.25,58482.0,0
2026-03-04 12:15:00+05:30,58484.65,58585.5,58468.25,58534.7,0
2026-03-04 12:45:00+05:30,58534.7,58754.0,58511.95,58739.4,0
2026-03-04 13:15:00+05:30,58737.35,58756.1,58609.0,58708.15,0
2026-03-04 13:45:00+05:30,58709.2,58971.2,58622.35,58965.45,0
2026-03-04 14:15:00+05:30,58965.8,59034.75,58829.55,58974.35,0
2026-03-04 14:45:00+05:30,58973.8,59058.4,58679.1,58723.95,0
2026-03-04 15:15:00+05:30,58723.45,58777.0,58657.6,58759.65,0
2026-03-05 09:15:00+05:30,59008.25,59088.7,58809.7,58997.65,0
2026-03-05 09:45:00+05:30,59000.1,59046.1,58882.15,58957.25,0
2026-03-05 10:15:00+05:30,58954.85,59002.0,58846.1,58988.8,0
2026-03-05 10:45:00+05:30,58987.95,59141.0,58904.05,59093.05,0
2026-03-05 11:15:00+05:30,59087.85,59120.15,58852.95,58862.9,0
2026-03-05 11:45:00+05:30,58864.2,58864.2,58686.3,58781.0,0
2026-03-05 12:15:00+05:30,58781.4,58908.55,58716.95,58812.95,0
2026-03-05 12:45:00+05:30,58812.9,58915.0,58748.2,58850.95,0
2026-03-05 13:15:00+05:30,58854.25,58897.05,58664.05,58686.15,0
2026-03-05 13:45:00+05:30,58686.05,58727.6,58544.75,58559.5,0
2026-03-05 14:15:00+05:30,58561.4,58961.15,58506.4,58878.75,0
2026-03-05 14:45:00+05:30,58875.85,59274.35,58846.2,58926.55,0
2026-03-05 15:15:00+05:30,58930.7,59040.25,58885.1,58970.25,0
2026-03-06 09:15:00+05:30,58629.6,58807.15,58456.7,58605.55,0
2026-03-06 09:45:00+05:30,58602.9,58666.8,58406.85,58445.65,0
2026-03-06 10:15:00+05:30,58441.55,58480.9,58336.25,58413.25,0
2026-03-06 10:45:00+05:30,58413.7,58468.7,58332.7,58368.75,0
2026-03-06 11:15:00+05:30,58369.15,58456.1,58303.6,58376.9,0
2026-03-06 11:45:00+05:30,58375.65,58406.15,58289.5,58331.75,0
2026-03-06 12:15:00+05:30,58336.05,58364.2,58235.35,58303.85,0
2026-03-06 12:45:00+05:30,58304.1,58322.85,58242.95,58264.85,0
2026-03-06 13:15:00+05:30,58262.95,58346.75,58223.2,58260.1,0
2026-03-06 13:45:00+05:30,58262.0,58287.9,58156.25,58240.0,0
2026-03-06 14:15:00+05:30,58241.25,58295.4,58053.55,58068.5,0
2026-03-06 14:45:00+05:30,58067.7,58134.45,57727.8,57747.55,0
2026-03-06 15:15:00+05:30,57751.25,57798.8,57696.4,57782.4,0
2026-03-09 09:15:00+05:30,56121.4,56274.15,55272.75,55370.3,0
2026-03-09 09:45:00+05:30,55372.55,55586.8,55270.6,55522.4,0
2026-03-09 10:15:00+05:30,55518.05,55518.05,55276.4,55366.85,0
2026-03-09 10:45:00+05:30,55364.45,55832.15,55297.25,55605.45,0
2026-03-09 11:15:00+05:30,55607.0,55952.75,55542.7,55824.3,0
2026-03-09 11:45:00+05:30,55825.65,55845.0,55635.1,55687.85,0
2026-03-09 12:15:00+05:30,55686.65,55774.05,55627.85,55739.45,0
2026-03-09 12:45:00+05:30,55738.35,55837.25,55653.7,55690.65,0
2026-03-09 13:15:00+05:30,55689.2,55894.9,55642.2,55828.95,0
2026-03-09 13:45:00+05:30,55824.15,55828.65,55642.1,55647.65,0
2026-03-09 14:15:00+05:30,55662.0,55838.95,55596.15,55792.7,0
2026-03-09 14:45:00+05:30,55791.75,56094.0,55767.0,56082.5,0
2026-03-09 15:15:00+05:30,56084.5,56097.5,55987.95,55998.6,0
2026-03-10 09:15:00+05:30,56583.85,56745.65,56387.2,56546.85,0
2026-03-10 09:45:00+05:30,56546.4,56676.35,56429.65,56659.0,0
2026-03-10 10:15:00+05:30,56658.75,56905.55,56655.15,56871.5,0
2026-03-10 10:45:00+05:30,56869.7,56941.5,56773.15,56870.05,0
2026-03-10 11:15:00+05:30,56872.6,56990.9,56824.9,56977.65,0
2026-03-10 11:45:00+05:30,56974.65,56986.7,56776.7,56780.05,0
2026-03-10 12:15:00+05:30,56778.1,56826.2,56658.65,56710.0,0
2026-03-10 12:45:00+05:30,56707.5,56932.6,56696.75,56824.35,0
2026-03-10 13:15:00+05:30,56828.5,56955.45,56745.95,56893.15,0
2026-03-10 13:45:00+05:30,56889.8,57086.45,56852.45,57082.9,0
2026-03-10 14:15:00+05:30,57082.9,57097.05,56790.95,56870.65,0
2026-03-10 14:45:00+05:30,56875.1,56976.95,56808.45,56925.55,0
2026-03-10 15:15:00+05:30,56923.2,57071.35,56921.9,57002.1,0
2026-03-11 09:15:00+05:30,56790.4,56938.4,56605.15,56664.0,0
2026-03-11 09:45:00+05:30,56664.3,56729.45,56517.0,56541.7,0
2026-03-11 10:15:00+05:30,56541.85,56584.45,56365.95,56386.9,0
2026-03-11 10:45:00+05:30,56386.9,56456.3,56306.9,56335.65,0
2026-03-11 11:15:00+05:30,56337.4,56337.55,56022.15,56107.45,0
2026-03-11 11:45:00+05:30,56109.0,56141.25,56015.4,56110.45,0
2026-03-11 12:15:00+05:30,56113.2,56165.7,56005.5,56123.05,0
2026-03-11 12:45:00+05:30,56127.7,56138.3,55943.5,55952.25,0
2026-03-11 13:15:00+05:30,55958.3,56125.05,55897.9,55988.6,0
2026-03-11 13:45:00+05:30,55989.45,56034.0,55926.7,55950.7,0
2026-03-11 14:15:00+05:30,55950.85,56076.85,55845.1,55921.3,0
2026-03-11 14:45:00+05:30,55923.7,55938.35,55712.15,55741.8,0
2026-03-11 15:15:00+05:30,55747.85,55797.7,55631.95,55666.4,0
2026-03-12 09:15:00+05:30,55008.2,55067.35,54760.55,54964.05,0
2026-03-12 09:45:00+05:30,54971.2,55239.1,54923.75,55013.25,0
2026-03-12 10:15:00+05:30,55013.15,55301.75,54975.25,55194.8,0
2026-03-12 10:45:00+05:30,55191.0,55372.65,55132.5,55267.7,0
2026-03-12 11:15:00+05:30,55267.0,55295.95,55053.35,55121.0,0
2026-03-12 11:45:00+05:30,55121.1,55240.05,55047.5,55232.95,0
2026-03-12 12:15:00+05:30,55236.25,55335.15,55134.7,55200.9,0
2026-03-12 12:45:00+05:30,55201.6,55237.05,55065.35,55196.25,0
2026-03-12 13:15:00+05:30,55204.45,55636.95,55168.05,55514.4,0
2026-03-12 13:45:00+05:30,55513.75,55548.5,55243.1,55368.3,0
2026-03-12 14:15:00+05:30,55369.8,55429.95,55162.3,55175.1,0
2026-03-12 14:45:00+05:30,55175.9,55213.7,54997.0,55064.75,0
2026-03-12 15:15:00+05:30,55067.9,55151.95,55062.15,55133.6,0
2026-03-13 09:15:00+05:30,54592.05,54713.75,54361.6,54412.85,0
2026-03-13 09:45:00+05:30,54416.25,54417.5,54115.2,54148.15,0
2026-03-13 10:15:00+05:30,54154.3,54178.05,53990.05,54028.95,0
2026-03-13 10:45:00+05:30,54031.3,54178.95,53962.35,54057.35,0
2026-03-13 11:15:00+05:30,54053.1,54270.2,54014.05,54234.55,0
2026-03-13 11:45:00+05:30,54241.2,54251.4,54049.6,54079.45,0
2026-03-13 12:15:00+05:30,54084.35,54090.75,53765.85,53795.1,0
2026-03-13 12:45:00+05:30,53794.95,53995.25,53780.45,53820.8,0
2026-03-13 13:15:00+05:30,53826.15,53880.25,53685.2,53766.95,0
2026-03-13 13:45:00+05:30,53771.1,53915.1,53675.7,53909.6,0
2026-03-13 14:15:00+05:30,53913.85,54107.0,53848.4,54002.75,0
2026-03-13 14:45:00+05:30,54002.55,54011.65,53730.45,53781.3,0
2026-03-13 15:15:00+05:30,53780.2,53788.15,53684.05,53770.9,0
2026-03-16 09:15:00+05:30,53721.5,54170.5,53630.6,54048.35,0
2026-03-16 09:45:00+05:30,54051.25,54135.85,53800.9,53829.55,0
2026-03-16 10:15:00+05:30,53824.55,53827.05,53489.55,53525.5,0
2026-03-16 10:45:00+05:30,53524.3,53618.5,53258.15,53593.55,0
2026-03-16 11:15:00+05:30,53595.0,53923.65,53583.6,53748.9,0
2026-03-16 11:45:00+05:30,53748.9,53813.9,53651.75,53692.3,0
2026-03-16 12:15:00+05:30,53693.0,53778.9,53569.65,53695.5,0
2026-03-16 12:45:00+05:30,53694.05,53715.7,53518.55,53579.6,0
2026-03-16 13:15:00+05:30,53578.1,53723.35,53578.1,53609.9,0
2026-03-16 13:45:00+05:30,53608.75,53783.25,53563.3,53716.35,0
2026-03-16 14:15:00+05:30,53714.9,54483.85,53670.0,54416.65,0
2026-03-16 14:45:00+05:30,54426.0,54664.15,54330.3,54492.55,0
2026-03-16 15:15:00+05:30,54493.55,54496.1,54228.85,54287.75,0
2026-03-17 09:15:00+05:30,54649.1,54651.0,54113.15,54314.0,0
2026-03-17 09:45:00+05:30,54315.85,54510.5,54249.4,54482.2,0
2026-03-17 10:15:00+05:30,54483.45,54695.4,54292.6,54391.8,0
2026-03-17 10:45:00+05:30,54394.3,54574.55,54365.25,54368.8,0
2026-03-17 11:15:00+05:30,54369.7,54398.9,54182.8,54294.5,0
2026-03-17 11:45:00+05:30,54294.5,54419.9,54241.9,54392.55,0
2026-03-17 12:15:00+05:30,54393.8,54443.2,54260.65,54438.55,0
2026-03-17 12:45:00+05:30,54434.65,54594.65,54416.45,54592.6,0
2026-03-17 13:15:00+05:30,54596.75,54711.95,54518.75,54575.25,0
2026-03-17 13:45:00+05:30,54574.9,54799.95,54569.55,54779.05,0
2026-03-17 14:15:00+05:30,54780.0,54810.25,54568.4,54733.0,0
2026-03-17 14:45:00+05:30,54735.85,54996.0,54692.7,54961.65,0
2026-03-17 15:15:00+05:30,54958.9,54960.1,54816.0,54838.75,0
2026-03-18 09:15:00+05:30,54927.05,55109.3,54812.8,54972.85,0
2026-03-18 09:45:00+05:30,54969.1,55045.55,54689.1,54787.25,0
2026-03-18 10:15:00+05:30,54790.5,55005.6,54769.45,54919.1,0
2026-03-18 10:45:00+05:30,54925.15,55062.0,54904.05,55040.1,0
2026-03-18 11:15:00+05:30,55041.0,55332.55,54985.75,55286.55,0
2026-03-18 11:45:00+05:30,55287.55,55308.9,55195.25,55226.1,0
2026-03-18 12:15:00+05:30,55226.7,55293.6,55145.45,55170.95,0
2026-03-18 12:45:00+05:30,55171.1,55234.65,55123.15,55233.95,0
2026-03-18 13:15:00+05:30,55232.4,55427.5,55219.95,55426.2,0
2026-03-18 13:45:00+05:30,55427.6,55467.15,55342.45,55377.15,0
2026-03-18 14:15:00+05:30,55375.7,55554.15,55337.45,55338.75,0
2026-03-18 14:45:00+05:30,55340.05,55405.9,55298.6,55342.8,0
2026-03-18 15:15:00+05:30,55346.85,55348.05,55229.75,55324.5,0
2026-03-19 09:15:00+05:30,53474.55,54110.55,53437.25,53813.5,0
2026-03-19 09:45:00+05:30,53811.4,53815.65,53562.95,53639.9,0
2026-03-19 10:15:00+05:30,53635.25,53905.45,53551.85,53902.8,0
2026-03-19 10:45:00+05:30,53901.1,53959.15,53739.45,53760.6,0
2026-03-19 11:15:00+05:30,53761.5,53866.25,53675.85,53851.55,0
2026-03-19 11:45:00+05:30,53851.35,54054.7,53832.85,54040.7,0
2026-03-19 12:15:00+05:30,54042.2,54126.65,53984.2,54030.9,0
2026-03-19 12:45:00+05:30,54029.95,54150.3,53923.95,53933.15,0
2026-03-19 13:15:00+05:30,53932.2,53985.85,53850.4,53932.45,0
2026-03-19 13:45:00+05:30,53930.55,53940.7,53660.15,53700.3,0
2026-03-19 14:15:00+05:30,53701.95,53793.35,53602.95,53698.9,0
2026-03-19 14:45:00+05:30,53696.85,53742.05,53240.6,53382.25,0
2026-03-19 15:15:00+05:30,53380.95,53699.85,53366.2,53693.0,0
2026-03-20 09:15:00+05:30,53548.2,54382.45,53548.2,54157.45,0
2026-03-20 09:45:00+05:30,54152.75,54216.85,54015.45,54015.45,0
2026-03-20 10:15:00+05:30,54017.1,54110.0,53911.8,54063.1,0
2026-03-20 10:45:00+05:30,54060.85,54154.2,54031.4,54092.4,0
2026-03-20 11:15:00+05:30,54092.3,54249.3,54010.65,54015.7,0
2026-03-20 11:45:00+05:30,54015.55,54032.45,53770.5,53833.85,0
2026-03-20 12:15:00+05:30,53834.3,53834.3,53509.2,53787.05,0
2026-03-20 12:45:00+05:30,53788.15,53929.8,53759.05,53850.15,0
2026-03-20 13:15:00+05:30,53847.05,53966.15,53768.4,53776.6,0
2026-03-20 13:45:00+05:30,53781.5,53820.25,53647.6,53715.45,0
2026-03-20 14:15:00+05:30,53711.8,53726.75,53419.15,53421.8,0
2026-03-20 14:45:00+05:30,53423.85,53621.85,53356.4,53383.85,0
2026-03-20 15:15:00+05:30,53385.35,53457.65,53297.55,53453.85,0
2026-03-23 09:15:00+05:30,52576.1,52665.3,52068.8,52186.75,0
2026-03-23 09:45:00+05:30,52188.95,52192.45,51796.3,51826.6,0
2026-03-23 10:15:00+05:30,51825.15,51896.05,51712.2,51770.7,0
2026-03-23 10:45:00+05:30,51772.85,51789.05,51568.4,51746.5,0
2026-03-23 11:15:00+05:30,51748.75,51817.8,51632.05,51665.15,0
2026-03-23 11:45:00+05:30,51662.35,51790.75,51651.0,51708.0,0
2026-03-23 12:15:00+05:30,51706.65,51806.8,51602.5,51729.9,0
2026-03-23 12:45:00+05:30,51730.55,51789.45,51556.45,51607.4,0
2026-03-23 13:15:00+05:30,51608.0,51854.7,51597.35,51847.85,0
2026-03-23 13:45:00+05:30,51841.65,52041.35,51806.9,51942.1,0
2026-03-23 14:15:00+05:30,51941.75,51992.25,51566.85,51789.6,0
2026-03-23 14:45:00+05:30,51783.4,51868.1,51401.2,51410.75,0
2026-03-23 15:15:00+05:30,51407.05,51491.4,51323.6,51446.15,0
2026-03-24 09:15:00+05:30,52384.8,52495.7,52155.2,52196.0,0
2026-03-24 09:45:00+05:30,52194.8,52291.9,51997.2,52075.25,0
2026-03-24 10:15:00+05:30,52077.3,52248.0,51864.55,51977.25,0
2026-03-24 10:45:00+05:30,51978.45,52111.1,51827.5,51976.35,0
2026-03-24 11:15:00+05:30,51983.7,52104.6,51924.65,52037.4,0
2026-03-24 11:45:00+05:30,52038.1,52185.65,51989.3,51993.4,0
2026-03-24 12:15:00+05:30,51994.8,52704.85,51972.15,52620.55,0
2026-03-24 12:45:00+05:30,52620.75,52859.55,52516.2,52768.75,0
2026-03-24 13:15:00+05:30,52765.2,52949.15,52691.6,52887.15,0
2026-03-24 13:45:00+05:30,52889.45,52906.6,52676.3,52809.45,0
2026-03-24 14:15:00+05:30,52814.45,52917.75,52530.75,52587.65,0
2026-03-24 14:45:00+05:30,52584.25,52717.0,52542.8,52548.0,0
2026-03-24 15:15:00+05:30,52549.7,52753.1,52493.15,52745.65,0
2026-03-25 09:15:00+05:30,53024.75,53695.4,53024.75,53689.05,0
2026-03-25 09:45:00+05:30,53686.85,53754.2,53528.9,53718.75,0
2026-03-25 10:15:00+05:30,53713.25,53867.1,53628.05,53850.3,0
2026-03-25 10:45:00+05:30,53851.0,53990.15,53822.8,53987.2,0
2026-03-25 11:15:00+05:30,53985.65,54015.7,53683.0,53794.15,0
2026-03-25 11:45:00+05:30,53792.45,54096.95,53773.4,54090.05,0
2026-03-25 12:15:00+05:30,54095.3,54146.15,53980.0,54059.85,0
2026-03-25 12:45:00+05:30,54062.2,54075.6,53827.05,53900.8,0
2026-03-25 13:15:00+05:30,53899.45,54035.35,53830.85,54027.3,0
2026-03-25 13:45:00+05:30,54030.5,54119.5,53902.9,53907.65,0
2026-03-25 14:15:00+05:30,53915.7,53927.2,53732.75,53853.7,0
2026-03-25 14:45:00+05:30,53851.75,53881.7,53623.85,53676.15,0
2026-03-25 15:15:00+05:30,53676.1,53735.95,53653.35,53689.95,0
2026-03-27 09:15:00+05:30,53244.25,53292.5,52696.0,52791.45,0
2026-03-27 09:45:00+05:30,52783.6,52793.35,52615.2,52629.1,0
2026-03-27 10:15:00+05:30,52632.4,52761.15,52591.15,52658.5,0
2026-03-27 10:45:00+05:30,52656.15,52667.35,52531.15,52591.95,0
2026-03-27 11:15:00+05:30,52591.75,52616.55,52434.75,52528.8,0
2026-03-27 11:45:00+05:30,52528.8,52560.4,52457.9,52492.15,0
2026-03-27 12:15:00+05:30,52487.35,52614.4,52427.65,52613.7,0
2026-03-27 12:45:00+05:30,52607.45,52668.5,52545.15,52615.65,0
2026-03-27 13:15:00+05:30,52617.15,52707.9,52528.35,52545.75,0
2026-03-27 13:45:00+05:30,52546.15,52576.0,52421.95,52504.6,0
2026-03-27 14:15:00+05:30,52502.95,52511.35,52271.75,52306.2,0
2026-03-27 14:45:00+05:30,52304.9,52369.95,52235.5,52309.4,0
2026-03-27 15:15:00+05:30,52308.55,52364.35,52211.2,52364.35,0
2026-03-30 09:15:00+05:30,51527.9,51624.5,50888.15,51212.2,0
2026-03-30 09:45:00+05:30,51212.95,51272.75,50993.2,51104.4,0
2026-03-30 10:15:00+05:30,51101.4,51117.45,50913.55,50921.45,0
2026-03-30 10:45:00+05:30,50917.65,50979.05,50767.0,50808.45,0
2026-03-30 11:15:00+05:30,50804.85,50935.3,50773.55,50807.05,0
2026-03-30 11:45:00+05:30,50802.1,50973.5,50744.6,50931.4,0
2026-03-30 12:15:00+05:30,50926.3,51008.95,50800.9,50910.65,0
2026-03-30 12:45:00+05:30,50910.15,50926.45,50733.2,50774.95,0
2026-03-30 13:15:00+05:30,50772.55,50811.2,50646.55,50662.2,0
2026-03-30 13:45:00+05:30,50665.4,50708.3,50596.25,50612.25,0
2026-03-30 14:15:00+05:30,50608.7,50625.45,50397.9,50461.65,0
2026-03-30 14:45:00+05:30,50456.45,50492.95,50105.25,50297.0,0
2026-03-30 15:15:00+05:30,50297.65,50443.6,50262.4,50403.35,0
2026-04-01 09:15:00+05:30,51433.9,51806.25,51420.2,51528.35,0
2026-04-01 09:45:00+05:30,51530.5,51668.75,51433.75,51451.95,0
2026-04-01 10:15:00+05:30,51452.55,51474.2,51133.55,51242.3,0
2026-04-01 10:45:00+05:30,51243.15,51292.8,51150.6,51225.2,0
2026-04-01 11:15:00+05:30,51224.3,51487.5,51181.7,51455.25,0
2026-04-01 11:45:00+05:30,51454.4,51662.25,51303.55,51644.55,0
2026-04-01 12:15:00+05:30,51644.45,51763.15,51600.15,51717.65,0
2026-04-01 12:45:00+05:30,51719.85,51979.3,51714.6,51975.7,0
2026-04-01 13:15:00+05:30,51977.6,52025.85,51423.1,51470.0,0
2026-04-01 13:45:00+05:30,51472.4,51740.65,51418.75,51732.9,0
2026-04-01 14:15:00+05:30,51738.6,51740.3,51436.1,51479.8,0
2026-04-01 14:45:00+05:30,51476.8,51521.6,51369.8,51418.4,0
2026-04-01 15:15:00+05:30,51417.45,51532.75,51411.5,51526.1,0
2026-04-02 09:15:00+05:30,50625.65,50646.15,50004.3,50227.05,0
2026-04-02 09:45:00+05:30,50228.85,50244.1,50007.3,50172.3,0
2026-04-02 10:15:00+05:30,50173.25,50173.25,50033.45,50092.45,0
2026-04-02 10:45:00+05:30,50092.6,50161.8,49954.85,50111.15,0
2026-04-02 11:15:00+05:30,50115.85,50151.65,50065.05,50094.2,0
2026-04-02 11:45:00+05:30,50097.65,50254.6,50054.85,50133.3,0
2026-04-02 12:15:00+05:30,50137.3,50452.45,50030.85,50439.1,0
2026-04-02 12:45:00+05:30,50440.0,50529.15,50314.4,50398.25,0
2026-04-02 13:15:00+05:30,50398.4,50912.0,50392.4,50879.4,0
2026-04-02 13:45:00+05:30,50877.35,51174.85,50773.5,51174.85,0
2026-04-02 14:15:00+05:30,51170.45,51381.55,51013.8,51029.25,0
2026-04-02 14:45:00+05:30,51035.5,51730.4,50989.85,51674.35,0
2026-04-02 15:15:00+05:30,51674.3,51731.95,51487.45,51556.2,0
2026-04-06 09:15:00+05:30,51747.6,51879.65,51111.1,51593.2,0
2026-04-06 09:45:00+05:30,51592.4,51673.65,51324.9,51474.25,0
2026-04-06 10:15:00+05:30,51490.65,51605.5,51352.55,51603.6,0
2026-04-06 10:45:00+05:30,51604.75,51664.55,51352.95,51417.45,0
2026-04-06 11:15:00+05:30,51418.6,51624.35,51400.7,51597.3,0
2026-04-06 11:45:00+05:30,51595.95,51773.95,51576.1,51659.2,0
2026-04-06 12:15:00+05:30,51659.45,51846.45,51617.75,51723.75,0
2026-04-06 12:45:00+05:30,51724.05,52241.2,51723.5,52224.25,0
2026-04-06 13:15:00+05:30,52224.2,52339.35,52158.45,52203.0,0
2026-04-06 13:45:00+05:30,52202.65,52397.2,52177.65,52394.55,0
2026-04-06 14:15:00+05:30,52395.45,52484.15,52311.85,52412.65,0
2026-04-06 14:45:00+05:30,52416.25,52693.9,52322.95,52676.45,0
2026-04-06 15:15:00+05:30,52675.4,52704.55,52555.95,52585.35,0
2026-04-07 09:15:00+05:30,52258.7,52290.5,51868.45,52020.45,0
2026-04-07 09:45:00+05:30,52023.75,52238.65,52017.8,52183.4,0
2026-04-07 10:15:00+05:30,52181.75,52349.1,52100.15,52272.55,0
2026-04-07 10:45:00+05:30,52273.5,52277.75,51950.95,51986.7,0
2026-04-07 11:15:00+05:30,51986.6,52215.6,51962.35,52125.35,0
2026-04-07 11:45:00+05:30,52128.95,52304.25,52098.85,52174.95,0
2026-04-07 12:15:00+05:30,52175.1,52190.35,52071.0,52158.45,0
2026-04-07 12:45:00+05:30,52158.05,52213.05,52057.0,52158.45,0
2026-04-07 13:15:00+05:30,52162.15,52566.05,52162.15,52559.0,0
2026-04-07 13:45:00+05:30,52560.4,52596.3,52312.45,52455.1,0
2026-04-07 14:15:00+05:30,52464.9,52513.65,52351.45,52458.9,0
2026-04-07 14:45:00+05:30,52461.1,52778.2,52435.0,52684.75,0
2026-04-07 15:15:00+05:30,52684.25,52756.0,52660.55,52706.15,0
2026-04-08 09:15:00+05:30,54904.45,55230.35,54797.5,55180.15,0
2026-04-08 09:45:00+05:30,55177.95,55315.5,55140.95,55181.05,0
2026-04-08 10:15:00+05:30,55184.65,55385.0,55151.5,55347.7,0
2026-04-08 10:45:00+05:30,55342.35,55535.3,55322.9,55489.45,0
2026-04-08 11:15:00+05:30,55488.15,55552.25,55396.05,55425.65,0
2026-04-08 11:45:00+05:30,55422.3,55463.85,55279.55,55419.3,0
2026-04-08 12:15:00+05:30,55422.05,55434.6,55266.3,55402.65,0
2026-04-08 12:45:00+05:30,55401.0,55491.45,55364.5,55426.75,0
2026-04-08 13:15:00+05:30,55426.4,55533.2,55393.95,55433.05,0
2026-04-08 13:45:00+05:30,55430.0,55489.65,55397.75,55422.05,0
2026-04-08 14:15:00+05:30,55422.9,55699.8,55416.5,55667.35,0
2026-04-08 14:45:00+05:30,55673.35,55754.25,55586.15,55678.9,0
2026-04-08 15:15:00+05:30,55678.55,55778.25,55660.95,55757.75,0
2026-04-09 09:15:00+05:30,55505.95,55583.1,55244.55,55267.6,0
2026-04-09 09:45:00+05:30,55267.9,55384.45,55078.85,55349.35,0
2026-04-09 10:15:00+05:30,55349.0,55567.8,55284.8,55297.3,0
2026-04-09 10:45:00+05:30,55302.75,55478.0,55302.75,55372.0,0
2026-04-09 11:15:00+05:30,55372.0,55385.8,55231.5,55269.85,0
2026-04-09 11:45:00+05:30,55269.25,55309.2,55182.35,55230.85,0
2026-04-09 12:15:00+05:30,55230.5,55244.15,55105.95,55126.65,0
2026-04-09 12:45:00+05:30,55134.65,55136.7,54937.65,54961.6,0
2026-04-09 13:15:00+05:30,54959.45,54962.3,54807.7,54829.25,0
2026-04-09 13:45:00+05:30,54824.2,54945.95,54769.7,54826.4,0
2026-04-09 14:15:00+05:30,54823.45,54839.1,54626.85,54742.4,0
2026-04-09 14:45:00+05:30,54742.45,54932.85,54682.0,54884.25,0
2026-04-09 15:15:00+05:30,54881.65,54887.45,54790.3,54820.0,0
2026-04-10 09:15:00+05:30,55182.25,55742.25,55145.25,55698.75,0
2026-04-10 09:45:00+05:30,55695.3,55861.65,55612.4,55849.15,0
2026-04-10 10:15:00+05:30,55859.85,55930.45,55739.65,55809.8,0
2026-04-10 10:45:00+05:30,55809.0,55881.7,55720.4,55849.4,0
2026-04-10 11:15:00+05:30,55848.35,55851.55,55726.05,55765.4,0
2026-04-10 11:45:00+05:30,55763.45,55832.85,55682.1,55767.35,0
2026-04-10 12:15:00+05:30,55763.25,55848.55,55736.6,55761.65,0
2026-04-10 12:45:00+05:30,55754.8,55855.1,55710.05,55808.1,0
2026-04-10 13:15:00+05:30,55807.45,55903.6,55787.15,55892.95,0
2026-04-10 13:45:00+05:30,55888.75,55969.0,55822.5,55881.65,0
2026-04-10 14:15:00+05:30,55885.5,55885.5,55649.95,55757.25,0
2026-04-10 14:45:00+05:30,55753.6,55978.5,55678.15,55921.9,0
2026-04-10 15:15:00+05:30,55923.4,55957.2,55900.1,55929.6,0
2026-04-13 09:15:00+05:30,54646.0,54848.1,54356.2,54677.6,0
2026-04-13 09:45:00+05:30,54679.0,54806.05,54624.45,54741.0,0
2026-04-13 10:15:00+05:30,54743.75,54944.95,54669.55,54911.35,0
2026-04-13 10:45:00+05:30,54909.5,55019.8,54889.95,54954.05,0
2026-04-13 11:15:00+05:30,54953.2,55012.5,54882.55,54953.55,0
2026-04-13 11:45:00+05:30,54955.45,55213.35,54948.05,55209.8,0
2026-04-13 12:15:00+05:30,55208.85,55434.85,55201.05,55428.05,0
2026-04-13 12:45:00+05:30,55428.5,55444.35,55230.45,55391.3,0
2026-04-13 13:15:00+05:30,55394.85,55550.1,55365.0,55492.3,0
2026-04-13 13:45:00+05:30,55498.35,55752.65,55469.65,55575.0,0
2026-04-13 14:15:00+05:30,55583.15,55737.05,55527.0,55647.05,0
2026-04-13 14:45:00+05:30,55647.95,55707.9,55524.95,55639.4,0
2026-04-13 15:15:00+05:30,55640.6,55644.75,55540.75,55571.85,0
2026-04-15 09:15:00+05:30,56343.45,56786.25,56311.55,56448.65,0
2026-04-15 09:45:00+05:30,56447.05,56555.6,56339.6,56503.1,0
2026-04-15 10:15:00+05:30,56502.7,56622.0,56400.0,56418.6,0
2026-04-15 10:45:00+05:30,56419.45,56453.65,56139.9,56143.3,0
2026-04-15 11:15:00+05:30,56143.65,56244.3,56109.2,56225.2,0
2026-04-15 11:45:00+05:30,56225.55,56357.0,56192.1,56326.5,0
2026-04-15 12:15:00+05:30,56326.05,56345.9,56196.2,56244.65,0
2026-04-15 12:45:00+05:30,56247.45,56290.5,56172.0,56288.55,0
2026-04-15 13:15:00+05:30,56291.6,56349.9,56210.8,56280.55,0
2026-04-15 13:45:00+05:30,56282.15,56337.4,56210.05,56293.85,0
2026-04-15 14:15:00+05:30,56291.85,56348.15,56249.9,56326.7,0
2026-04-15 14:45:00+05:30,56321.4,56430.9,56290.95,56297.35,0
2026-04-15 15:15:00+05:30,56299.05,56300.95,56223.6,56258.85,0
2026-04-16 09:15:00+05:30,56657.25,56834.25,56490.8,56507.0,0
2026-04-16 09:45:00+05:30,56509.25,56615.5,56443.65,56603.35,0
2026-04-16 10:15:00+05:30,56604.95,56636.2,56491.35,56554.7,0
2026-04-16 10:45:00+05:30,56555.05,56623.95,56498.7,56535.9,0
2026-04-16 11:15:00+05:30,56536.4,56574.4,56312.3,56332.35,0
2026-04-16 11:45:00+05:30,56326.4,56326.4,56052.75,56146.2,0
2026-04-16 12:15:00+05:30,56140.85,56162.1,55971.5,55998.35,0
2026-04-16 12:45:00+05:30,56000.05,56039.0,55898.25,55936.7,0
2026-04-16 13:15:00+05:30,55939.2,56041.4,55912.25,56035.05,0
2026-04-16 13:45:00+05:30,56032.1,56172.3,56021.15,56100.45,0
2026-04-16 14:15:00+05:30,56101.9,56299.3,56073.0,56256.45,0
2026-04-16 14:45:00+05:30,56259.45,56324.0,56018.65,56069.0,0
2026-04-16 15:15:00+05:30,56068.6,56089.15,55998.55,56036.4,0
2026-04-17 09:15:00+05:30,56072.4,56227.85,55841.65,56069.35,0
2026-04-17 09:45:00+05:30,56069.95,56267.25,56054.7,56207.85,0
2026-04-17 10:15:00+05:30,56211.2,56309.15,56152.85,56162.35,0
2026-04-17 10:45:00+05:30,56159.1,56202.2,56106.4,56165.9,0
2026-04-17 11:15:00+05:30,56167.8,56321.35,56165.6,56294.55,0
2026-04-17 11:45:00+05:30,56294.05,56375.5,56201.15,56311.3,0
2026-04-17 12:15:00+05:30,56313.15,56387.7,56308.95,56353.9,0
2026-04-17 12:45:00+05:30,56352.3,56392.8,56313.15,56376.3,0
2026-04-17 13:15:00+05:30,56376.3,56469.6,56328.75,56437.7,0
2026-04-17 13:45:00+05:30,56436.0,56460.1,56393.45,56422.5,0
2026-04-17 14:15:00+05:30,56419.15,56590.75,56413.45,56575.35,0
2026-04-17 14:45:00+05:30,56572.8,56628.7,56495.3,56570.3,0
2026-04-17 15:15:00+05:30,56569.4,56625.6,56541.55,56625.6,0
2026-04-20 09:15:00+05:30,56704.05,56909.5,56356.55,56647.55,0
2026-04-20 09:45:00+05:30,56647.95,56854.85,56599.85,56823.65,0
2026-04-20 10:15:00+05:30,56820.95,57045.2,56799.95,57027.85,0
2026-04-20 10:45:00+05:30,57026.45,57055.25,56905.7,56913.25,0
2026-04-20 11:15:00+05:30,56917.55,57085.1,56914.1,57013.35,0
2026-04-20 11:45:00+05:30,57015.0,57035.6,56849.2,56868.1,0
2026-04-20 12:15:00+05:30,56868.15,56996.8,56823.1,56952.5,0
2026-04-20 12:45:00+05:30,56953.35,57011.0,56692.4,56749.2,0
2026-04-20 13:15:00+05:30,56750.25,56774.65,56505.75,56654.8,0
2026-04-20 13:45:00+05:30,56656.7,56674.25,56589.85,56649.35,0
2026-04-20 14:15:00+05:30,56649.85,56763.9,56643.1,56669.95,0
2026-04-20 14:45:00+05:30,56672.1,56722.0,56603.75,56625.15,0
2026-04-20 15:15:00+05:30,56625.05,56625.05,56491.9,56551.3,0
2026-04-21 09:15:00+05:30,56823.6,57093.6,56696.3,57073.5,0
2026-04-21 09:45:00+05:30,57073.85,57238.85,57071.7,57174.05,0
2026-04-21 10:15:00+05:30,57174.4,57287.9,57120.65,57277.35,0
2026-04-21 10:45:00+05:30,57273.5,57321.7,57230.0,57287.9,0
2026-04-21 11:15:00+05:30,57284.3,57288.8,57193.8,57222.25,0
2026-04-21 11:45:00+05:30,57222.25,57309.5,57160.05,57280.55,0
2026-04-21 12:15:00+05:30,57282.5,57298.95,57203.1,57290.0,0
2026-04-21 12:45:00+05:30,57288.8,57357.65,57238.35,57330.45,0
2026-04-21 13:15:00+05:30,57332.4,57393.7,57288.95,57320.85,0
2026-04-21 13:45:00+05:30,57317.65,57428.25,57306.5,57362.75,0
2026-04-21 14:15:00+05:30,57360.75,57421.35,57281.0,57298.25,0
2026-04-21 14:45:00+05:30,57292.05,57456.3,57271.7,57399.6,0
2026-04-21 15:15:00+05:30,57394.8,57429.35,57311.65,57351.8,0
2026-04-22 09:15:00+05:30,57163.35,57400.25,57055.25,57166.0,0
2026-04-22 09:45:00+05:30,57167.1,57243.05,57002.15,57121.65,0
2026-04-22 10:15:00+05:30,57117.25,57309.4,57071.0,57299.1,0
2026-04-22 10:45:00+05:30,57295.3,57409.1,57284.8,57345.6,0
2026-04-22 11:15:00+05:30,57346.1,57438.2,57343.7,57370.1,0
2026-04-22 11:45:00+05:30,57370.85,57411.35,57286.55,57320.85,0
2026-04-22 12:15:00+05:30,57316.7,57348.75,57263.5,57318.05,0
2026-04-22 12:45:00+05:30,57321.2,57373.5,57273.25,57334.45,0
2026-04-22 13:15:00+05:30,57333.35,57361.75,57230.9,57356.0,0
2026-04-22 13:45:00+05:30,57358.8,57397.5,57251.8,57278.0,0
2026-04-22 14:15:00+05:30,57274.15,57315.25,57211.75,57235.85,0
2026-04-22 14:45:00+05:30,57234.85,57242.3,57103.35,57108.4,0
2026-04-22 15:15:00+05:30,57111.15,57127.4,57078.45,57114.9,0
2026-04-23 09:15:00+05:30,56608.95,56789.5,56491.25,56704.75,0
2026-04-23 09:45:00+05:30,56706.75,56868.7,56679.55,56767.7,0
2026-04-23 10:15:00+05:30,56770.5,56808.55,56626.0,56629.95,0
2026-04-23 10:45:00+05:30,56630.2,56630.25,56522.2,56557.55,0
2026-04-23 11:15:00+05:30,56561.75,56611.15,56507.75,56513.35,0
2026-04-23 11:45:00+05:30,56510.75,56597.3,56494.2,56570.8,0
2026-04-23 12:15:00+05:30,56568.65,56590.5,56357.15,56407.1,0
2026-04-23 12:45:00+05:30,56406.25,56406.45,56241.4,56396.95,0
2026-04-23 13:15:00+05:30,56397.4,56510.2,56297.85,56326.55,0
2026-04-23 13:45:00+05:30,56323.3,56379.75,56253.45,56263.35,0
2026-04-23 14:15:00+05:30,56268.95,56316.85,56217.15,56245.75,0
2026-04-23 14:45:00+05:30,56247.7,56424.15,56233.5,56272.45,0
2026-04-23 15:15:00+05:30,56264.25,56318.5,56248.7,56314.15,0
2026-04-24 09:15:00+05:30,56170.2,56460.5,55977.3,55977.3,0
2026-04-24 09:45:00+05:30,55983.45,56075.7,55850.2,56042.1,0
2026-04-24 10:15:00+05:30,56036.15,56037.45,55906.7,55923.15,0
2026-04-24 10:45:00+05:30,55923.1,56019.15,55896.95,55925.55,0
2026-04-24 11:15:00+05:30,55922.6,56045.15,55910.2,55983.05,0
2026-04-24 11:45:00+05:30,55982.6,56127.25,55938.3,56115.5,0
2026-04-24 12:15:00+05:30,56115.25,56139.5,55939.95,55947.2,0
2026-04-24 12:45:00+05:30,55942.9,56029.3,55880.45,55917.45,0
2026-04-24 13:15:00+05:30,55917.4,55945.65,55760.1,55766.4,0
2026-04-24 13:45:00+05:30,55765.25,55867.7,55750.4,55833.5,0
2026-04-24 14:15:00+05:30,55832.75,56163.95,55830.85,56160.45,0
2026-04-24 14:45:00+05:30,56158.4,56172.75,55976.1,56074.55,0
2026-04-24 15:15:00+05:30,56071.0,56191.45,56064.0,56097.0,0
2026-04-27 09:15:00+05:30,56162.6,56474.95,56138.4,56237.45,0
2026-04-27 09:45:00+05:30,56235.15,56348.8,56212.85,56234.0,0
2026-04-27 10:15:00+05:30,56231.55,56327.1,55968.4,56057.45,0
2026-04-27 10:45:00+05:30,56055.0,56214.65,56017.0,56112.0,0
2026-04-27 11:15:00+05:30,56113.35,56163.95,55911.1,55982.2,0
2026-04-27 11:45:00+05:30,55978.55,56103.0,55966.65,56065.4,0
2026-04-27 12:15:00+05:30,56064.45,56167.9,56036.15,56087.4,0
2026-04-27 12:45:00+05:30,56084.7,56271.45,56058.2,56269.95,0
2026-04-27 13:15:00+05:30,56272.7,56412.6,56222.85,56356.05,0
2026-04-27 13:45:00+05:30,56355.55,56407.55,56287.95,56349.55,0
2026-04-27 14:15:00+05:30,56347.3,56374.35,56226.75,56274.6,0
2026-04-27 14:45:00+05:30,56277.45,56336.75,56242.3,56294.55,0
2026-04-27 15:15:00+05:30,56294.7,56307.7,56241.0,56302.1,0
