date,open,high,low,close,volume
2025-04-28 09:15:00+05:30,24070.25,24227.8,24054.05,24176.6,0
2025-04-28 09:45:00+05:30,24175.75,24279.3,24174.3,24275.85,0
2025-04-28 10:15:00+05:30,24276.0,24283.0,24229.35,24245.35,0
2025-04-28 10:45:00+05:30,24245.45,24282.9,24227.75,24235.0,0
2025-04-28 11:15:00+05:30,24236.2,24280.45,24210.75,24276.55,0
2025-04-28 11:45:00+05:30,24276.55,24297.9,24261.3,24289.65,0
2025-04-28 12:15:00+05:30,24292.3,24352.1,24286.95,24336.45,0
2025-04-28 12:45:00+05:30,24339.5,24355.1,24313.5,24339.0,0
2025-04-28 13:15:00+05:30,24341.85,24351.55,24319.9,24341.95,0
2025-04-28 13:45:00+05:30,24344.6,24352.3,24325.9,24350.6,0
2025-04-28 14:15:00+05:30,24352.6,24353.7,24265.45,24273.65,0
2025-04-28 14:45:00+05:30,24276.45,24341.3,24260.9,24324.1,0
2025-04-28 15:15:00+05:30,24325.6,24337.75,24309.55,24312.9,0
2025-04-29 09:15:00+05:30,24370.7,24457.65,24303.9,24316.6,0
2025-04-29 09:45:00+05:30,24317.85,24396.15,24290.75,24351.55,0
2025-04-29 10:15:00+05:30,24351.3,24354.1,24305.5,24321.5,0
2025-04-29 10:45:00+05:30,24321.85,24369.85,24317.95,24356.05,0
2025-04-29 11:15:00+05:30,24356.55,24360.35,24334.95,24354.4,0
2025-04-29 11:45:00+05:30,24354.65,24355.8,24302.45,24316.6,0
2025-04-29 12:15:00+05:30,24316.4,24347.95,24304.1,24341.85,0
2025-04-29 12:45:00+05:30,24338.8,24369.5,24330.6,24356.85,0
2025-04-29 13:15:00+05:30,24355.45,24376.05,24341.35,24353.9,0
2025-04-29 13:45:00+05:30,24352.7,24375.5,24347.65,24365.95,0
2025-04-29 14:15:00+05:30,24366.9,24368.3,24339.0,24356.45,0
2025-04-29 14:45:00+05:30,24356.2,24358.0,24324.45,24326.45,0
2025-04-29 15:15:00+05:30,24326.2,24348.5,24310.6,24325.45,0
2025-04-30 09:15:00+05:30,24342.05,24365.7,24268.8,24348.5,0
2025-04-30 09:45:00+05:30,24346.3,24395.2,24346.3,24353.75,0
2025-04-30 10:15:00+05:30,24353.8,24362.95,24290.4,24321.2,0
2025-04-30 10:45:00+05:30,24321.5,24354.45,24317.9,24329.95,0
2025-04-30 11:15:00+05:30,24330.5,24371.6,24326.45,24332.3,0
2025-04-30 11:45:00+05:30,24331.9,24353.7,24313.55,24344.95,0
2025-04-30 12:15:00+05:30,24344.3,24365.0,24339.45,24356.5,0
2025-04-30 12:45:00+05:30,24357.1,24360.1,24326.7,24333.8,0
2025-04-30 13:15:00+05:30,24333.75,24350.8,24327.45,24349.5,0
2025-04-30 13:45:00+05:30,24348.8,24353.25,24334.55,24340.65,0
2025-04-30 14:15:00+05:30,24340.0,24344.25,24324.15,24339.5,0
2025-04-30 14:45:00+05:30,24338.85,24396.15,24338.3,24348.85,0
2025-04-30 15:15:00+05:30,24349.8,24353.15,24198.75,24334.2,0
2025-04-30 15:45:00+05:30,24334.2,24334.2,24334.2,24334.2,0
2025-05-02 09:15:00+05:30,24311.9,24551.25,24305.85,24529.85,0
2025-05-02 09:45:00+05:30,24530.6,24589.15,24516.7,24581.95,0
2025-05-02 10:15:00+05:30,24581.85,24587.25,24468.6,24502.05,0
2025-05-02 10:45:00+05:30,24502.05,24507.2,24404.7,24422.9,0
2025-05-02 11:15:00+05:30,24424.65,24443.05,24319.75,24336.1,0
2025-05-02 11:45:00+05:30,24336.05,24365.0,24299.8,24315.0,0
2025-05-02 12:15:00+05:30,24314.05,24314.15,24238.5,24283.3,0
2025-05-02 12:45:00+05:30,24282.8,24310.85,24266.2,24297.0,0
2025-05-02 13:15:00+05:30,24297.05,24412.2,24296.25,24392.35,0
2025-05-02 13:45:00+05:30,24391.95,24405.8,24359.0,24373.55,0
2025-05-02 14:15:00+05:30,24372.45,24389.2,24286.9,24326.65,0
2025-05-02 14:45:00+05:30,24325.35,24397.75,24319.1,24367.15,0
2025-05-02 15:15:00+05:30,24365.45,24368.15,24309.85,24313.65,0
2025-05-05 09:15:00+05:30,24419.5,24477.9,24400.65,24449.15,0
2025-05-05 09:45:00+05:30,24449.8,24511.3,24439.4,24479.1,0
2025-05-05 10:15:00+05:30,24479.8,24526.4,24468.3,24522.65,0
2025-05-05 10:45:00+05:30,24521.6,24523.55,24459.65,24486.2,0
2025-05-05 11:15:00+05:30,24487.2,24495.9,24436.15,24447.05,0
2025-05-05 11:45:00+05:30,24447.25,24459.75,24414.45,24448.7,0
2025-05-05 12:15:00+05:30,24448.7,24460.6,24430.0,24456.1,0
2025-05-05 12:45:00+05:30,24455.65,24477.0,24441.7,24451.05,0
2025-05-05 13:15:00+05:30,24451.25,24476.05,24434.05,24473.65,0
2025-05-05 13:45:00+05:30,24473.85,24492.9,24469.5,24472.9,0
2025-05-05 14:15:00+05:30,24473.9,24492.15,24455.0,24475.95,0
2025-05-05 14:45:00+05:30,24475.7,24487.0,24442.15,24448.3,0
2025-05-05 15:15:00+05:30,24448.6,24475.2,24447.5,24459.5,0
2025-05-06 09:15:00+05:30,24500.75,24509.65,24421.0,24458.1,0
2025-05-06 09:45:00+05:30,24457.65,24459.5,24379.8,24389.7,0
2025-05-06 10:15:00+05:30,24388.7,24399.2,24369.1,24397.05,0
2025-05-06 10:45:00+05:30,24397.6,24406.15,24384.7,24387.95,0
2025-05-06 11:15:00+05:30,24388.1,24390.35,24356.75,24361.15,0
2025-05-06 11:45:00+05:30,24359.8,24396.85,24357.35,24392.2,0
2025-05-06 12:15:00+05:30,24390.4,24402.05,24378.1,24385.35,0
2025-05-06 12:45:00+05:30,24384.05,24394.2,24367.05,24383.25,0
2025-05-06 13:15:00+05:30,24382.8,24396.05,24376.0,24391.6,0
2025-05-06 13:45:00+05:30,24390.05,24408.4,24379.05,24389.05,0
2025-05-06 14:15:00+05:30,24387.25,24390.65,24361.9,24379.9,0
2025-05-06 14:45:00+05:30,24377.5,24400.65,24355.5,24387.65,0
2025-05-06 15:15:00+05:30,24387.7,24389.25,24331.8,24335.9,0
2025-05-07 09:15:00+05:30,24233.3,24449.6,24220.0,24402.85,0
2025-05-07 09:45:00+05:30,24402.1,24404.55,24290.3,24304.1,0
2025-05-07 10:15:00+05:30,24303.5,24372.85,24285.0,24355.9,0
2025-05-07 10:45:00+05:30,24356.9,24373.75,24324.75,24372.6,0
2025-05-07 11:15:00+05:30,24372.5,24430.4,24372.5,24408.95,0
2025-05-07 11:45:00+05:30,24408.8,24408.8,24349.75,24374.85,0
2025-05-07 12:15:00+05:30,24374.65,24398.25,24365.65,24388.35,0
2025-05-07 12:45:00+05:30,24388.65,24400.4,24354.95,24362.05,0
2025-05-07 13:15:00+05:30,24362.0,24372.65,24345.35,24355.9,0
2025-05-07 13:45:00+05:30,24355.7,24422.95,24346.15,24406.9,0
2025-05-07 14:15:00+05:30,24410.95,24426.05,24367.85,24414.7,0
2025-05-07 14:45:00+05:30,24416.15,24424.05,24394.4,24407.05,0
2025-05-07 15:15:00+05:30,24406.8,24425.05,24403.8,24409.3,0
2025-05-08 09:15:00+05:30,24431.5,24447.25,24373.45,24391.5,0
2025-05-08 09:45:00+05:30,24391.9,24402.2,24373.85,24391.55,0
2025-05-08 10:15:00+05:30,24391.55,24412.3,24384.35,24398.9,0
2025-05-08 10:45:00+05:30,24398.8,24407.8,24390.3,24398.05,0
2025-05-08 11:15:00+05:30,24397.45,24415.8,24397.45,24408.55,0
2025-05-08 11:45:00+05:30,24407.45,24410.2,24396.7,24403.4,0
2025-05-08 12:15:00+05:30,24403.25,24411.2,24395.35,24397.15,0
2025-05-08 12:45:00+05:30,24396.2,24403.9,24381.05,24385.95,0
2025-05-08 13:15:00+05:30,24384.85,24386.7,24330.45,24337.45,0
2025-05-08 13:45:00+05:30,24336.65,24361.1,24313.5,24316.95,0
2025-05-08 14:15:00+05:30,24317.55,24357.3,24314.8,24338.2,0
2025-05-08 14:45:00+05:30,24338.05,24339.9,24244.0,24309.15,0
2025-05-08 15:15:00+05:30,24308.45,24310.9,24150.2,24273.8,0
2025-05-08 15:45:00+05:30,24273.8,24273.8,24273.8,24273.8,0
2025-05-09 09:15:00+05:30,23935.75,24164.25,23935.75,24090.5,0
2025-05-09 09:45:00+05:30,24092.25,24111.7,23949.2,24060.65,0
2025-05-09 10:15:00+05:30,24061.2,24086.75,24007.75,24009.25,0
2025-05-09 10:45:00+05:30,24008.65,24019.0,23976.65,24012.85,0
2025-05-09 11:15:00+05:30,24012.3,24121.3,23999.45,24057.55,0
2025-05-09 11:45:00+05:30,24055.9,24060.85,24013.95,24049.7,0
2025-05-09 12:15:00+05:30,24049.85,24054.55,24004.85,24006.85,0
2025-05-09 12:45:00+05:30,24006.8,24045.6,23992.8,24009.25,0
2025-05-09 13:15:00+05:30,24008.8,24024.7,23961.7,23980.65,0
2025-05-09 13:45:00+05:30,23980.35,24013.5,23972.85,24005.05,0
2025-05-09 14:15:00+05:30,24004.6,24032.75,23960.95,23987.3,0
2025-05-09 14:45:00+05:30,23986.15,24025.7,23985.65,24000.55,0
2025-05-09 15:15:00+05:30,23999.3,24046.9,23997.35,24038.65,0
2025-05-12 09:15:00+05:30,24420.1,24633.6,24378.85,24591.7,0
2025-05-12 09:45:00+05:30,24592.85,24737.8,24592.4,24682.65,0
2025-05-12 10:15:00+05:30,24682.3,24723.55,24673.3,24699.75,0
2025-05-12 10:45:00+05:30,24699.95,24714.85,24669.1,24702.85,0
2025-05-12 11:15:00+05:30,24703.2,24745.75,24698.55,24728.2,0
2025-05-12 11:45:00+05:30,24728.2,24731.2,24711.35,24721.3,0
2025-05-12 12:15:00+05:30,24723.3,24806.3,24690.35,24790.0,0
2025-05-12 12:45:00+05:30,24789.9,24807.05,24772.35,24789.15,0
2025-05-12 13:15:00+05:30,24789.15,24850.4,24789.0,24843.95,0
2025-05-12 13:45:00+05:30,24845.2,24866.95,24830.1,24866.2,0
2025-05-12 14:15:00+05:30,24866.25,24907.2,24854.75,24862.35,0
2025-05-12 14:45:00+05:30,24862.2,24930.4,24858.2,24907.45,0
2025-05-12 15:15:00+05:30,24906.05,24944.8,24904.75,24920.25,0
2025-05-13 09:15:00+05:30,24864.05,24973.8,24675.6,24745.2,0
2025-05-13 09:45:00+05:30,24747.25,24789.45,24677.6,24770.85,0
2025-05-13 10:15:00+05:30,24771.1,24797.6,24634.9,24700.8,0
2025-05-13 10:45:00+05:30,24701.15,24837.8,24683.1,24724.55,0
2025-05-13 11:15:00+05:30,24725.05,24817.9,24723.25,24740.9,0
2025-05-13 11:45:00+05:30,24739.45,24771.45,24693.9,24755.45,0
2025-05-13 12:15:00+05:30,24755.55,24772.0,24640.2,24644.05,0
2025-05-13 12:45:00+05:30,24644.5,24665.25,24597.6,24630.8,0
2025-05-13 13:15:00+05:30,24633.4,24637.0,24588.35,24614.5,0
2025-05-13 13:45:00+05:30,24613.45,24617.85,24576.0,24590.45,0
2025-05-13 14:15:00+05:30,24590.25,24617.5,24560.7,24601.15,0
2025-05-13 14:45:00+05:30,24599.85,24636.85,24559.15,24560.0,0
2025-05-13 15:15:00+05:30,24561.05,24594.3,24547.5,24578.35,0
2025-05-13 15:45:00+05:30,24578.35,24578.35,24578.35,24578.35,0
2025-05-14 09:15:00+05:30,24613.8,24745.5,24581.75,24742.8,0
2025-05-14 09:45:00+05:30,24742.85,24758.55,24690.8,24758.15,0
2025-05-14 10:15:00+05:30,24757.4,24767.55,24711.25,24733.8,0
2025-05-14 10:45:00+05:30,24734.0,24740.1,24683.45,24700.95,0
2025-05-14 11:15:00+05:30,24699.65,24724.9,24681.1,24686.25,0
2025-05-14 11:45:00+05:30,24686.55,24686.55,24633.05,24677.1,0
2025-05-14 12:15:00+05:30,24677.25,24679.65,24609.35,24629.7,0
2025-05-14 12:45:00+05:30,24629.9,24643.0,24535.55,24636.05,0
2025-05-14 13:15:00+05:30,24636.45,24660.95,24604.35,24628.5,0
2025-05-14 13:45:00+05:30,24628.55,24638.2,24596.75,24615.0,0
2025-05-14 14:15:00+05:30,24614.55,24665.65,24577.7,24625.55,0
2025-05-14 14:45:00+05:30,24624.95,24675.2,24618.4,24669.55,0
2025-05-14 15:15:00+05:30,24669.95,24696.75,24651.3,24685.75,0
2025-05-15 09:15:00+05:30,24694.45,24706.75,24538.2,24546.9,0
2025-05-15 09:45:00+05:30,24545.3,24585.55,24494.45,24561.7,0
2025-05-15 10:15:00+05:30,24562.2,24807.75,24533.2,24745.9,0
2025-05-15 10:45:00+05:30,24745.35,24790.15,24600.6,24617.25,0
2025-05-15 11:15:00+05:30,24617.25,24683.2,24601.15,24635.85,0
2025-05-15 11:45:00+05:30,24636.15,24707.9,24614.05,24661.05,0
2025-05-15 12:15:00+05:30,24662.05,24740.05,24626.3,24643.55,0
2025-05-15 12:45:00+05:30,24643.3,24888.9,24636.15,24886.3,0
2025-05-15 13:15:00+05:30,24887.15,25003.05,24848.8,24986.25,0
2025-05-15 13:45:00+05:30,24987.35,25106.05,24987.25,25091.0,0
2025-05-15 14:15:00+05:30,25091.5,25116.25,25044.35,25087.45,0
2025-05-15 14:45:00+05:30,25089.15,25089.15,25040.0,25056.4,0
2025-05-15 15:15:00+05:30,25055.2,25063.45,25035.3,25035.3,0
2025-05-16 09:15:00+05:30,25064.65,25070.0,24983.15,25017.1,0
2025-05-16 09:45:00+05:30,25017.25,25030.7,24975.8,25005.15,0
2025-05-16 10:15:00+05:30,25005.65,25040.85,24983.7,24996.6,0
2025-05-16 10:45:00+05:30,24996.75,25004.6,24953.05,24975.45,0
2025-05-16 11:15:00+05:30,24975.15,24997.9,24958.7,24981.3,0
2025-05-16 11:45:00+05:30,24981.15,24992.0,24971.4,24976.05,0
2025-05-16 12:15:00+05:30,24974.65,25004.6,24968.8,25001.55,0
2025-05-16 12:45:00+05:30,25001.5,25018.5,24986.85,25006.8,0
2025-05-16 13:15:00+05:30,25006.75,25034.8,24997.25,25001.25,0
2025-05-16 13:45:00+05:30,24999.9,25032.95,24994.45,25019.95,0
2025-05-16 14:15:00+05:30,25019.6,25025.05,24992.35,25014.95,0
2025-05-16 14:45:00+05:30,25014.4,25034.5,25005.3,25024.2,0
2025-05-16 15:15:00+05:30,25025.45,25025.6,25002.7,25013.1,0
2025-05-19 09:15:00+05:30,25005.35,25058.7,24965.8,25009.25,0
2025-05-19 09:45:00+05:30,25008.75,25049.4,24994.55,25040.85,0
2025-05-19 10:15:00+05:30,25040.2,25062.95,25001.95,25003.35,0
2025-05-19 10:45:00+05:30,25003.75,25045.85,24999.45,25027.05,0
2025-05-19 11:15:00+05:30,25026.55,25043.1,25006.95,25008.8,0
2025-05-19 11:45:00+05:30,25008.1,25025.1,24979.1,24987.5,0
2025-05-19 12:15:00+05:30,24987.4,25017.5,24972.25,25003.4,0
2025-05-19 12:45:00+05:30,25003.2,25018.6,24975.95,24980.55,0
2025-05-19 13:15:00+05:30,24980.45,25006.1,24974.7,24981.5,0
2025-05-19 13:45:00+05:30,24982.6,24985.45,24919.3,24940.35,0
2025-05-19 14:15:00+05:30,24940.2,24960.55,24932.55,24940.2,0
2025-05-19 14:45:00+05:30,24941.3,24958.5,24916.65,24945.65,0
2025-05-19 15:15:00+05:30,24945.35,24951.65,24927.45,24935.35,0
2025-05-20 09:15:00+05:30,24996.2,25010.35,24913.9,24915.75,0
2025-05-20 09:45:00+05:30,24916.15,24916.15,24863.4,24899.4,0
2025-05-20 10:15:00+05:30,24899.5,24935.15,24879.0,24927.0,0
2025-05-20 10:45:00+05:30,24927.25,24967.25,24905.95,24920.75,0
2025-05-20 11:15:00+05:30,24921.05,24921.05,24865.05,24870.3,0
2025-05-20 11:45:00+05:30,24870.3,24887.9,24844.55,24859.2,0
2025-05-20 12:15:00+05:30,24862.0,24876.2,24849.9,24859.6,0
2025-05-20 12:45:00+05:30,24860.65,24865.05,24780.65,24790.7,0
2025-05-20 13:15:00+05:30,24790.45,24795.1,24750.65,24762.2,0
2025-05-20 13:45:00+05:30,24761.8,24784.55,24728.1,24738.35,0
2025-05-20 14:15:00+05:30,24737.1,24745.6,24676.6,24681.9,0
2025-05-20 14:45:00+05:30,24681.65,24707.05,24669.7,24693.1,0
2025-05-20 15:15:00+05:30,24692.85,24713.85,24672.05,24713.85,0
2025-05-21 09:15:00+05:30,24744.25,24817.05,24692.65,24796.65,0
2025-05-21 09:45:00+05:30,24795.7,24870.2,24794.3,24869.2,0
2025-05-21 10:15:00+05:30,24869.85,24946.2,24869.85,24916.1,0
2025-05-21 10:45:00+05:30,24916.2,24936.05,24858.05,24896.95,0
2025-05-21 11:15:00+05:30,24896.3,24914.4,24833.6,24853.05,0
2025-05-21 11:45:00+05:30,24853.15,24854.85,24727.1,24733.45,0
2025-05-21 12:15:00+05:30,24735.45,24808.5,24685.35,24780.3,0
2025-05-21 12:45:00+05:30,24780.15,24804.15,24736.3,24800.05,0
2025-05-21 13:15:00+05:30,24800.2,24839.35,24758.5,24762.8,0
2025-05-21 13:45:00+05:30,24762.6,24799.2,24740.8,24799.2,0
2025-05-21 14:15:00+05:30,24799.1,24819.6,24780.65,24785.55,0
2025-05-21 14:45:00+05:30,24786.1,24829.85,24785.95,24809.4,0
2025-05-21 15:15:00+05:30,24809.25,24819.95,24794.85,24813.45,0
2025-05-21 15:45:00+05:30,24813.45,24813.45,24813.45,24813.45,0
2025-05-22 09:15:00+05:30,24733.95,24737.5,24541.6,24589.95,0
2025-05-22 09:45:00+05:30,24590.5,24631.7,24556.65,24606.05,0
2025-05-22 10:15:00+05:30,24606.45,24628.6,24571.15,24605.55,0
2025-05-22 10:45:00+05:30,24606.8,24613.05,24588.15,24594.6,0
2025-05-22 11:15:00+05:30,24594.65,24604.3,24543.05,24560.65,0
2025-05-22 11:45:00+05:30,24558.9,24607.5,24557.6,24572.8,0
2025-05-22 12:15:00+05:30,24572.75,24574.65,24548.9,24558.7,0
2025-05-22 12:45:00+05:30,24558.65,24559.0,24509.1,24539.65,0
2025-05-22 13:15:00+05:30,24540.45,24556.6,24518.2,24524.2,0
2025-05-22 13:45:00+05:30,24524.65,24539.55,24515.05,24529.8,0
2025-05-22 14:15:00+05:30,24529.3,24577.55,24462.4,24557.55,0
2025-05-22 14:45:00+05:30,24557.8,24639.85,24512.7,24606.25,0
2025-05-22 15:15:00+05:30,24606.35,24647.15,24597.5,24637.0,0
2025-05-23 09:15:00+05:30,24639.5,24784.8,24614.05,24781.4,0
2025-05-23 09:45:00+05:30,24780.95,24826.65,24763.25,24818.1,0
2025-05-23 10:15:00+05:30,24817.45,24820.55,24748.55,24813.7,0
2025-05-23 10:45:00+05:30,24814.1,24909.05,24807.9,24890.1,0
2025-05-23 11:15:00+05:30,24890.8,24903.4,24854.15,24868.6,0
2025-05-23 11:45:00+05:30,24871.3,24872.9,24804.3,24834.75,0
2025-05-23 12:15:00+05:30,24834.7,24901.35,24828.85,24869.8,0
2025-05-23 12:45:00+05:30,24870.0,24902.0,24870.0,24877.45,0
2025-05-23 13:15:00+05:30,24876.7,24898.4,24841.7,24851.0,0
2025-05-23 13:45:00+05:30,24850.35,24894.05,24838.05,24869.1,0
2025-05-23 14:15:00+05:30,24868.85,24884.15,24833.75,24835.65,0
2025-05-23 14:45:00+05:30,24834.75,24864.0,24819.3,24850.75,0
2025-05-23 15:15:00+05:30,24850.5,24862.1,24842.9,24845.15,0
2025-05-26 09:15:00+05:30,24919.35,25055.95,24900.5,25043.55,0
2025-05-26 09:45:00+05:30,25041.25,25079.2,25035.15,25044.15,0
2025-05-26 10:15:00+05:30,25043.9,25048.25,24910.5,24969.4,0
2025-05-26 10:45:00+05:30,24970.2,24992.3,24950.95,24972.75,0
2025-05-26 11:15:00+05:30,24972.75,25024.4,24954.1,24973.7,0
2025-05-26 11:45:00+05:30,24973.65,25011.35,24972.4,24989.8,0
2025-05-26 12:15:00+05:30,24987.8,25013.8,24968.4,24968.4,0
2025-05-26 12:45:00+05:30,24967.35,24992.1,24939.45,24981.9,0
2025-05-26 13:15:00+05:30,24980.6,25009.2,24967.85,25001.2,0
2025-05-26 13:45:00+05:30,25000.7,25013.35,24976.75,25001.0,0
2025-05-26 14:15:00+05:30,24999.6,25004.85,24969.25,24993.95,0
2025-05-26 14:45:00+05:30,24993.3,25019.65,24983.15,25004.45,0
2025-05-26 15:15:00+05:30,25002.9,25006.8,24992.6,24996.35,0
2025-05-27 09:15:00+05:30,24956.65,24976.1,24765.75,24825.7,0
2025-05-27 09:45:00+05:30,24826.05,24827.35,24737.7,24777.1,0
2025-05-27 10:15:00+05:30,24776.9,24798.85,24751.35,24761.3,0
2025-05-27 10:45:00+05:30,24762.55,24960.2,24754.25,24877.65,0
2025-05-27 11:15:00+05:30,24880.65,25062.9,24880.65,24968.95,0
2025-05-27 11:45:00+05:30,24968.15,24977.05,24908.0,24957.45,0
2025-05-27 12:15:00+05:30,24957.4,24962.75,24819.95,24860.4,0
2025-05-27 12:45:00+05:30,24857.35,24881.3,24800.8,24829.85,0
2025-05-27 13:15:00+05:30,24830.0,24849.3,24804.2,24847.4,0
2025-05-27 13:45:00+05:30,24847.5,24871.85,24744.55,24767.6,0
2025-05-27 14:15:00+05:30,24768.25,24784.95,24704.1,24780.65,0
2025-05-27 14:45:00+05:30,24781.25,24842.7,24767.1,24831.8,0
2025-05-27 15:15:00+05:30,24832.6,24843.3,24816.55,24837.7,0
2025-05-28 09:15:00+05:30,24832.5,24864.25,24743.05,24807.25,0
2025-05-28 09:45:00+05:30,24806.3,24814.8,24752.95,24760.5,0
2025-05-28 10:15:00+05:30,24760.0,24772.5,24737.05,24752.7,0
2025-05-28 10:45:00+05:30,24752.1,24801.9,24751.65,24768.05,0
2025-05-28 11:15:00+05:30,24767.75,24783.85,24746.35,24756.35,0
2025-05-28 11:45:00+05:30,24756.35,24780.7,24752.25,24761.7,0
2025-05-28 12:15:00+05:30,24762.2,24799.15,24759.05,24795.1,0
2025-05-28 12:45:00+05:30,24795.25,24827.05,24789.3,24791.35,0
2025-05-28 13:15:00+05:30,24791.1,24797.1,24765.7,24776.7,0
2025-05-28 13:45:00+05:30,24776.9,24795.2,24761.1,24788.55,0
2025-05-28 14:15:00+05:30,24788.35,24798.0,24769.05,24782.0,0
2025-05-28 14:45:00+05:30,24780.9,24786.1,24748.4,24748.5,0
2025-05-28 15:15:00+05:30,24749.5,24757.45,24740.05,24757.15,0
2025-05-29 09:15:00+05:30,24825.1,24889.7,24779.7,24808.75,0
2025-05-29 09:45:00+05:30,24808.9,24848.05,24780.8,24801.75,0
2025-05-29 10:15:00+05:30,24802.45,24806.15,24741.1,24743.2,0
2025-05-29 10:45:00+05:30,24742.95,24768.05,24714.15,24723.55,0
2025-05-29 11:15:00+05:30,24722.2,24748.3,24708.65,24732.6,0
2025-05-29 11:45:00+05:30,24732.2,24747.8,24728.4,24732.05,0
2025-05-29 12:15:00+05:30,24732.0,24757.7,24677.3,24700.55,0
2025-05-29 12:45:00+05:30,24700.25,24772.9,24697.2,24760.75,0
2025-05-29 13:15:00+05:30,24760.35,24773.7,24742.8,24754.75,0
2025-05-29 13:45:00+05:30,24754.1,24760.45,24717.8,24725.6,0
2025-05-29 14:15:00+05:30,24725.6,24767.6,24718.05,24756.3,0
2025-05-29 14:45:00+05:30,24755.95,24853.75,24738.35,24850.75,0
2025-05-29 15:15:00+05:30,24850.45,24892.6,24837.1,24880.85,0
2025-05-30 09:15:00+05:30,24812.6,24863.95,24780.0,24819.1,0
2025-05-30 09:45:00+05:30,24819.0,24833.55,24784.0,24794.75,0
2025-05-30 10:15:00+05:30,24795.8,24795.8,24721.8,24737.6,0
2025-05-30 10:45:00+05:30,24738.35,24772.3,24717.4,24754.3,0
2025-05-30 11:15:00+05:30,24755.7,24787.95,24745.0,24745.4,0
2025-05-30 11:45:00+05:30,24746.4,24768.4,24728.7,24741.8,0
2025-05-30 12:15:00+05:30,24743.1,24756.8,24729.35,24737.15,0
2025-05-30 12:45:00+05:30,24737.05,24768.9,24737.05,24758.6,0
2025-05-30 13:15:00+05:30,24758.55,24783.2,24750.75,24771.65,0
2025-05-30 13:45:00+05:30,24771.55,24801.7,24753.6,24753.6,0
2025-05-30 14:15:00+05:30,24753.75,24786.8,24751.1,24769.45,0
2025-05-30 14:45:00+05:30,24770.1,24784.1,24729.8,24751.65,0
2025-05-30 15:15:00+05:30,24751.75,24757.15,24731.1,24736.65,0
2025-06-02 09:15:00+05:30,24669.7,24717.55,24526.15,24571.6,0
2025-06-02 09:45:00+05:30,24571.6,24606.8,24556.95,24581.75,0
2025-06-02 10:15:00+05:30,24581.95,24633.35,24554.2,24629.4,0
2025-06-02 10:45:00+05:30,24630.2,24638.85,24609.6,24623.25,0
2025-06-02 11:15:00+05:30,24624.55,24657.85,24611.6,24625.5,0
2025-06-02 11:45:00+05:30,24626.95,24673.25,24621.25,24665.55,0
2025-06-02 12:15:00+05:30,24665.75,24739.75,24665.75,24723.85,0
2025-06-02 12:45:00+05:30,24723.7,24737.05,24683.1,24702.9,0
2025-06-02 13:15:00+05:30,24703.4,24732.9,24698.5,24728.25,0
2025-06-02 13:45:00+05:30,24729.4,24732.5,24682.15,24693.85,0
2025-06-02 14:15:00+05:30,24694.3,24705.6,24654.8,24667.65,0
2025-06-02 14:45:00+05:30,24668.85,24754.4,24656.75,24724.0,0
2025-06-02 15:15:00+05:30,24723.5,24724.75,24666.6,24690.35,0
2025-06-03 09:15:00+05:30,24786.3,24845.1,24601.3,24646.8,0
2025-06-03 09:45:00+05:30,24646.45,24685.5,24619.15,24661.7,0
2025-06-03 10:15:00+05:30,24662.4,24766.45,24612.1,24642.85,0
2025-06-03 10:45:00+05:30,24642.5,24664.75,24587.7,24590.2,0
2025-06-03 11:15:00+05:30,24590.25,24662.6,24571.6,24594.25,0
2025-06-03 11:45:00+05:30,24596.1,24641.8,24588.9,24615.35,0
2025-06-03 12:15:00+05:30,24614.85,24648.95,24583.75,24628.15,0
2025-06-03 12:45:00+05:30,24627.8,24628.7,24502.15,24541.45,0
2025-06-03 13:15:00+05:30,24540.5,24572.7,24516.5,24539.9,0
2025-06-03 13:45:00+05:30,24542.0,24579.55,24531.7,24577.15,0
2025-06-03 14:15:00+05:30,24576.4,24601.7,24559.95,24586.05,0
2025-06-03 14:45:00+05:30,24586.4,24588.65,24534.4,24535.2,0
2025-06-03 15:15:00+05:30,24535.5,24550.65,24524.45,24538.4,0
2025-06-04 09:15:00+05:30,24560.45,24612.75,24536.5,24553.85,0
2025-06-04 09:45:00+05:30,24552.85,24591.1,24530.45,24578.75,0
2025-06-04 10:15:00+05:30,24578.95,24609.6,24569.6,24600.8,0
2025-06-04 10:45:00+05:30,24601.25,24603.8,24577.05,24581.55,0
2025-06-04 11:15:00+05:30,24582.05,24601.55,24572.0,24592.7,0
2025-06-04 11:45:00+05:30,24592.65,24607.95,24583.2,24607.75,0
2025-06-04 12:15:00+05:30,24607.5,24609.15,24582.2,24600.6,0
2025-06-04 12:45:00+05:30,24600.3,24620.1,24593.05,24600.25,0
2025-06-04 13:15:00+05:30,24600.4,24611.95,24588.8,24605.7,0
2025-06-04 13:45:00+05:30,24605.75,24632.0,24603.25,24616.55,0
2025-06-04 14:15:00+05:30,24616.55,24625.8,24608.65,24615.15,0
2025-06-04 14:45:00+05:30,24615.8,24644.25,24610.55,24616.9,0
2025-06-04 15:15:00+05:30,24617.65,24622.05,24604.1,24612.0,0
2025-06-05 09:15:00+05:30,24691.2,24753.1,24613.1,24747.15,0
2025-06-05 09:45:00+05:30,24746.85,24761.5,24724.4,24732.25,0
2025-06-05 10:15:00+05:30,24733.0,24741.15,24709.65,24718.35,0
2025-06-05 10:45:00+05:30,24717.8,24723.5,24690.9,24708.8,0
2025-06-05 11:15:00+05:30,24708.1,24754.2,24707.85,24728.75,0
2025-06-05 11:45:00+05:30,24728.2,24874.9,24713.8,24869.55,0
2025-06-05 12:15:00+05:30,24871.35,24899.85,24798.5,24817.95,0
2025-06-05 12:45:00+05:30,24818.3,24831.6,24770.4,24776.95,0
2025-06-05 13:15:00+05:30,24776.35,24790.2,24711.35,24730.6,0
2025-06-05 13:45:00+05:30,24730.95,24758.45,24693.1,24713.55,0
2025-06-05 14:15:00+05:30,24713.8,24764.45,24701.1,24751.55,0
2025-06-05 14:45:00+05:30,24750.35,24780.65,24727.1,24752.55,0
2025-06-05 15:15:00+05:30,24752.85,24775.4,24745.45,24761.1,0
2025-06-06 09:15:00+05:30,24748.7,24763.35,24685.4,24687.35,0
2025-06-06 09:45:00+05:30,24687.55,24817.1,24671.45,24750.6,0
2025-06-06 10:15:00+05:30,24750.25,24925.95,24735.75,24912.5,0
2025-06-06 10:45:00+05:30,24912.55,24983.9,24909.4,24983.05,0
2025-06-06 11:15:00+05:30,24982.65,25008.25,24960.55,25006.35,0
2025-06-06 11:45:00+05:30,25006.6,25029.5,24993.4,24998.85,0
2025-06-06 12:15:00+05:30,24998.55,24999.55,24966.0,24981.1,0
2025-06-06 12:45:00+05:30,24981.7,24991.05,24968.0,24969.05,0
2025-06-06 13:15:00+05:30,24969.45,24997.7,24962.35,24981.75,0
2025-06-06 13:45:00+05:30,24982.15,24994.5,24972.2,24990.0,0
2025-06-06 14:15:00+05:30,24989.7,25021.75,24986.25,24988.45,0
2025-06-06 14:45:00+05:30,24988.85,25013.4,24983.2,25002.1,0
2025-06-06 15:15:00+05:30,25002.1,25010.05,24992.65,25000.3,0
2025-06-09 09:15:00+05:30,25160.1,25160.1,25077.15,25108.4,0
2025-06-09 09:45:00+05:30,25109.25,25124.35,25089.4,25119.15,0
2025-06-09 10:15:00+05:30,25119.8,25134.9,25110.0,25134.45,0
2025-06-09 10:45:00+05:30,25135.35,25142.7,25121.6,25121.6,0
2025-06-09 11:15:00+05:30,25121.1,25128.2,25107.4,25112.25,0
2025-06-09 11:45:00+05:30,25112.95,25118.65,25102.3,25116.55,0
2025-06-09 12:15:00+05:30,25116.3,25127.85,25104.95,25117.25,0
2025-06-09 12:45:00+05:30,25117.45,25118.4,25103.45,25109.1,0
2025-06-09 13:15:00+05:30,25109.3,25117.1,25098.45,25109.75,0
2025-06-09 13:45:00+05:30,25110.25,25116.05,25088.35,25090.4,0
2025-06-09 14:15:00+05:30,25090.7,25107.25,25083.5,25102.35,0
2025-06-09 14:45:00+05:30,25102.0,25106.45,25092.35,25103.2,0
2025-06-09 15:15:00+05:30,25103.1,25110.95,25099.4,25103.1,0
2025-06-10 09:15:00+05:30,25196.05,25199.3,25055.45,25109.05,0
2025-06-10 09:45:00+05:30,25108.2,25157.95,25103.6,25156.9,0
2025-06-10 10:15:00+05:30,25156.5,25163.75,25127.55,25149.2,0
2025-06-10 10:45:00+05:30,25148.75,25150.4,25099.8,25127.7,0
2025-06-10 11:15:00+05:30,25127.8,25136.65,25115.5,25134.8,0
2025-06-10 11:45:00+05:30,25134.8,25150.5,25132.4,25133.5,0
2025-06-10 12:15:00+05:30,25133.5,25138.65,25120.0,25136.5,0
2025-06-10 12:45:00+05:30,25136.05,25142.75,25125.5,25130.5,0
2025-06-10 13:15:00+05:30,25127.65,25140.85,25121.15,25129.15,0
2025-06-10 13:45:00+05:30,25128.9,25137.1,25121.7,25127.55,0
2025-06-10 14:15:00+05:30,25126.4,25129.25,25104.35,25112.8,0
2025-06-10 14:45:00+05:30,25112.9,25122.5,25086.15,25104.7,0
2025-06-10 15:15:00+05:30,25103.95,25111.8,25087.7,25091.5,0
2025-06-11 09:15:00+05:30,25134.15,25150.4,25081.3,25126.2,0
2025-06-11 09:45:00+05:30,25125.8,25158.95,25112.45,25146.35,0
2025-06-11 10:15:00+05:30,25147.15,25173.75,25132.4,25173.3,0
2025-06-11 10:45:00+05:30,25173.15,25188.85,25167.3,25180.8,0
2025-06-11 11:15:00+05:30,25180.45,25203.95,25179.25,25187.8,0
2025-06-11 11:45:00+05:30,25187.55,25215.95,25184.55,25205.95,0
2025-06-11 12:15:00+05:30,25206.2,25220.4,25186.3,25199.55,0
2025-06-11 12:45:00+05:30,25198.8,25222.4,25196.85,25208.05,0
2025-06-11 13:15:00+05:30,25207.95,25214.2,25155.3,25155.65,0
2025-06-11 13:45:00+05:30,25155.25,25155.25,25108.15,25127.85,0
2025-06-11 14:15:00+05:30,25127.3,25153.3,25125.8,25135.2,0
2025-06-11 14:45:00+05:30,25134.65,25157.6,25132.4,25144.95,0
2025-06-11 15:15:00+05:30,25145.0,25146.7,25124.95,25126.8,0
2025-06-12 09:15:00+05:30,25164.45,25196.2,25099.95,25103.5,0
2025-06-12 09:45:00+05:30,25103.45,25126.55,25064.8,25096.8,0
2025-06-12 10:15:00+05:30,25096.6,25115.75,25041.55,25044.65,0
2025-06-12 10:45:00+05:30,25043.7,25065.15,25037.55,25046.15,0
2025-06-12 11:15:00+05:30,25045.85,25092.75,25020.4,25035.6,0
2025-06-12 11:45:00+05:30,25035.65,25044.1,25009.35,25039.15,0
2025-06-12 12:15:00+05:30,25039.35,25062.8,25033.15,25057.2,0
2025-06-12 12:45:00+05:30,25057.45,25074.5,25021.65,25041.1,0
2025-06-12 13:15:00+05:30,25041.2,25045.45,24906.8,24911.9,0
2025-06-12 13:45:00+05:30,24912.75,24926.6,24825.9,24847.4,0
2025-06-12 14:15:00+05:30,24847.55,24912.5,24844.5,24891.7,0
2025-06-12 14:45:00+05:30,24891.65,24920.95,24884.6,24887.55,0
2025-06-12 15:15:00+05:30,24887.35,24887.35,24850.8,24856.0,0
2025-06-13 09:15:00+05:30,24473.0,24653.15,24473.0,24621.2,0
2025-06-13 09:45:00+05:30,24620.35,24654.8,24593.45,24644.15,0
2025-06-13 10:15:00+05:30,24642.5,24684.15,24625.2,24673.95,0
2025-06-13 10:45:00+05:30,24671.85,24692.5,24650.45,24653.75,0
2025-06-13 11:15:00+05:30,24652.75,24693.75,24639.75,24679.3,0
2025-06-13 11:45:00+05:30,24678.7,24702.1,24673.15,24688.95,0
2025-06-13 12:15:00+05:30,24688.8,24724.6,24687.45,24690.8,0
2025-06-13 12:45:00+05:30,24688.5,24695.8,24674.45,24686.0,0
2025-06-13 13:15:00+05:30,24685.2,24736.9,24680.65,24735.05,0
2025-06-13 13:45:00+05:30,24733.6,24754.35,24704.8,24715.85,0
2025-06-13 14:15:00+05:30,24714.35,24724.9,24686.35,24687.65,0
2025-06-13 14:45:00+05:30,24687.85,24728.45,24650.9,24725.6,0
2025-06-13 15:15:00+05:30,24725.15,24744.95,24709.75,24735.55,0
2025-06-16 09:15:00+05:30,24732.35,24817.65,24703.6,24765.0,0
2025-06-16 09:45:00+05:30,24767.3,24771.95,24706.15,24763.7,0
2025-06-16 10:15:00+05:30,24763.6,24870.4,24763.25,24869.7,0
2025-06-16 10:45:00+05:30,24872.2,24930.65,24859.3,24906.75,0
2025-06-16 11:15:00+05:30,24906.75,24912.8,24874.25,24908.85,0
2025-06-16 11:45:00+05:30,24909.35,24925.05,24889.6,24916.9,0
2025-06-16 12:15:00+05:30,24917.3,24953.05,24891.65,24940.6,0
2025-06-16 12:45:00+05:30,24941.25,24948.15,24915.3,24934.4,0
2025-06-16 13:15:00+05:30,24934.35,24966.65,24929.6,24947.9,0
2025-06-16 13:45:00+05:30,24947.6,24967.1,24927.65,24961.5,0
2025-06-16 14:15:00+05:30,24961.65,24965.75,24928.5,24936.7,0
2025-06-16 14:45:00+05:30,24935.85,24952.2,24929.25,24950.7,0
2025-06-16 15:15:00+05:30,24951.55,24957.95,24936.45,24940.95,0
2025-06-17 09:15:00+05:30,24977.85,24982.05,24862.1,24880.4,0
2025-06-17 09:45:00+05:30,24880.9,24884.75,24846.45,24851.7,0
2025-06-17 10:15:00+05:30,24851.75,24908.4,24850.25,24900.45,0
2025-06-17 10:45:00+05:30,24900.7,24901.3,24866.7,24878.8,0
2025-06-17 11:15:00+05:30,24878.8,24899.85,24868.65,24894.95,0
2025-06-17 11:45:00+05:30,24894.55,24896.6,24854.0,24855.7,0
2025-06-17 12:15:00+05:30,24855.05,24864.05,24841.35,24844.1,0
2025-06-17 12:45:00+05:30,24843.4,24849.95,24813.7,24839.45,0
2025-06-17 13:15:00+05:30,24839.8,24852.7,24830.6,24849.2,0
2025-06-17 13:45:00+05:30,24848.95,24866.25,24839.55,24862.35,0
2025-06-17 14:15:00+05:30,24862.25,24869.25,24836.75,24852.0,0
2025-06-17 14:45:00+05:30,24852.4,24867.35,24841.4,24862.4,0
2025-06-17 15:15:00+05:30,24859.5,24868.45,24833.85,24841.5,0
2025-06-18 09:15:00+05:30,24788.35,24944.45,24776.9,24937.8,0
2025-06-18 09:45:00+05:30,24937.0,24947.55,24901.65,24916.95,0
2025-06-18 10:15:00+05:30,24917.25,24928.85,24842.45,24871.5,0
2025-06-18 10:45:00+05:30,24871.75,24872.15,24826.0,24837.95,0
2025-06-18 11:15:00+05:30,24837.8,24837.8,24766.9,24804.75,0
2025-06-18 11:45:00+05:30,24805.75,24821.75,24776.8,24816.35,0
2025-06-18 12:15:00+05:30,24815.8,24817.5,24780.9,24782.3,0
2025-06-18 12:45:00+05:30,24782.3,24803.3,24760.65,24800.5,0
2025-06-18 13:15:00+05:30,24799.85,24814.95,24789.7,24790.75,0
2025-06-18 13:45:00+05:30,24791.3,24795.15,24765.6,24776.9,0
2025-06-18 14:15:00+05:30,24777.2,24797.35,24750.45,24787.05,0
2025-06-18 14:45:00+05:30,24787.7,24829.65,24783.9,24813.05,0
2025-06-18 15:15:00+05:30,24813.25,24823.3,24794.95,24798.75,0
2025-06-19 09:15:00+05:30,24803.25,24842.0,24738.1,24839.6,0
2025-06-19 09:45:00+05:30,24840.7,24863.1,24812.95,24833.2,0
2025-06-19 10:15:00+05:30,24832.4,24839.5,24796.45,24813.05,0
2025-06-19 10:45:00+05:30,24813.35,24824.65,24802.45,24814.55,0
2025-06-19 11:15:00+05:30,24814.3,24816.45,24791.25,24799.5,0
2025-06-19 11:45:00+05:30,24799.5,24822.2,24797.75,24811.8,0
2025-06-19 12:15:00+05:30,24811.85,24813.75,24786.8,24792.6,0
2025-06-19 12:45:00+05:30,24792.65,24807.7,24772.2,24794.55,0
2025-06-19 13:15:00+05:30,24794.4,24801.85,24780.55,24789.2,0
2025-06-19 13:45:00+05:30,24789.0,24842.0,24786.7,24832.4,0
2025-06-19 14:15:00+05:30,24833.3,24849.85,24787.75,24804.7,0
2025-06-19 14:45:00+05:30,24804.4,24817.9,24789.75,24791.75,0
2025-06-19 15:15:00+05:30,24791.45,24805.15,24733.4,24744.7,0
2025-06-20 09:15:00+05:30,24787.65,24881.5,24783.65,24874.35,0
2025-06-20 09:45:00+05:30,24874.25,24919.15,24853.0,24919.05,0
2025-06-20 10:15:00+05:30,24918.85,25040.45,24918.85,25001.6,0
2025-06-20 10:45:00+05:30,25002.95,25024.65,24991.4,25016.55,0
2025-06-20 11:15:00+05:30,25016.65,25045.0,25002.9,25019.4,0
2025-06-20 11:45:00+05:30,25019.05,25044.25,25017.75,25040.1,0
2025-06-20 12:15:00+05:30,25039.75,25042.5,24964.05,25000.9,0
2025-06-20 12:45:00+05:30,25000.2,25047.75,24997.85,25038.25,0
2025-06-20 13:15:00+05:30,25038.9,25078.35,25034.55,25047.55,0
2025-06-20 13:45:00+05:30,25047.75,25060.95,25035.7,25049.65,0
2025-06-20 14:15:00+05:30,25050.45,25061.2,25031.4,25046.05,0
2025-06-20 14:45:00+05:30,25045.3,25132.8,25031.75,25116.6,0
2025-06-20 15:15:00+05:30,25116.05,25136.2,25072.8,25079.75,0
2025-06-23 09:15:00+05:30,24939.75,24988.1,24858.75,24871.3,0
2025-06-23 09:45:00+05:30,24871.3,24878.35,24824.85,24863.1,0
2025-06-23 10:15:00+05:30,24863.4,24925.1,24856.75,24919.75,0
2025-06-23 10:45:00+05:30,24920.1,24939.05,24902.6,24928.55,0
2025-06-23 11:15:00+05:30,24929.45,24968.8,24920.35,24963.05,0
2025-06-23 11:45:00+05:30,24962.35,24963.4,24928.8,24941.9,0
2025-06-23 12:15:00+05:30,24941.6,24963.2,24938.3,24961.1,0
2025-06-23 12:45:00+05:30,24960.85,24964.15,24942.1,24963.55,0
2025-06-23 13:15:00+05:30,24962.4,25046.05,24961.8,25021.45,0
2025-06-23 13:45:00+05:30,25020.45,25057.0,25010.5,25015.1,0
2025-06-23 14:15:00+05:30,25013.6,25018.6,24978.0,24985.5,0
2025-06-23 14:45:00+05:30,24985.25,24994.8,24972.5,24979.9,0
2025-06-23 15:15:00+05:30,24980.6,24986.0,24951.7,24958.9,0
2025-06-24 09:15:00+05:30,25179.9,25250.85,25140.25,25176.3,0
2025-06-24 09:45:00+05:30,25176.4,25247.3,25118.5,25232.6,0
2025-06-24 10:15:00+05:30,25233.35,25257.95,25191.25,25213.7,0
2025-06-24 10:45:00+05:30,25214.0,25276.45,25167.1,25256.4,0
2025-06-24 11:15:00+05:30,25256.4,25288.45,25247.9,25281.35,0
2025-06-24 11:45:00+05:30,25282.2,25317.7,25266.7,25308.75,0
2025-06-24 12:15:00+05:30,25307.45,25311.1,25143.95,25181.15,0
2025-06-24 12:45:00+05:30,25181.95,25278.65,25166.0,25182.35,0
2025-06-24 13:15:00+05:30,25183.35,25202.1,25031.5,25043.5,0
2025-06-24 13:45:00+05:30,25044.15,25092.75,24999.7,25040.15,0
2025-06-24 14:15:00+05:30,25042.85,25077.05,25015.9,25054.7,0
2025-06-24 14:45:00+05:30,25055.15,25057.0,25015.5,25041.5,0
2025-06-24 15:15:00+05:30,25042.5,25078.35,25038.85,25071.55,0
2025-06-25 09:15:00+05:30,25150.35,25192.65,25125.05,25188.25,0
2025-06-25 09:45:00+05:30,25188.3,25208.6,25173.05,25173.9,0
2025-06-25 10:15:00+05:30,25174.9,25217.4,25172.65,25201.4,0
2025-06-25 10:45:00+05:30,25201.15,25218.05,25188.15,25195.35,0
2025-06-25 11:15:00+05:30,25195.5,25220.5,25194.3,25210.0,0
2025-06-25 11:45:00+05:30,25209.6,25215.15,25189.95,25194.35,0
2025-06-25 12:15:00+05:30,25194.1,25217.3,25180.3,25205.45,0
2025-06-25 12:45:00+05:30,25206.45,25245.35,25188.65,25240.4,0
2025-06-25 13:15:00+05:30,25242.1,25266.8,25227.35,25257.85,0
2025-06-25 13:45:00+05:30,25259.15,25261.05,25224.3,25246.05,0
2025-06-25 14:15:00+05:30,25247.05,25262.05,25215.75,25245.85,0
2025-06-25 14:45:00+05:30,25246.1,25255.75,25222.65,25248.8,0
2025-06-25 15:15:00+05:30,25248.6,25249.65,25234.65,25236.35,0
2025-06-26 09:15:00+05:30,25268.95,25389.95,25259.9,25347.1,0
2025-06-26 09:45:00+05:30,25346.75,25437.9,25346.75,25386.2,0
2025-06-26 10:15:00+05:30,25385.9,25395.8,25304.05,25306.8,0
2025-06-26 10:45:00+05:30,25306.9,25365.2,25292.5,25337.75,0
2025-06-26 11:15:00+05:30,25337.85,25370.35,25306.35,25318.85,0
2025-06-26 11:45:00+05:30,25318.6,25409.1,25318.35,25396.4,0
2025-06-26 12:15:00+05:30,25399.35,25421.2,25389.95,25402.2,0
2025-06-26 12:45:00+05:30,25403.2,25403.2,25351.3,25392.45,0
2025-06-26 13:15:00+05:30,25393.5,25451.55,25389.3,25442.05,0
2025-06-26 13:45:00+05:30,25442.85,25527.5,25442.6,25515.95,0
2025-06-26 14:15:00+05:30,25517.6,25529.5,25492.6,25505.6,0
2025-06-26 14:45:00+05:30,25509.0,25565.3,25480.35,25542.1,0
2025-06-26 15:15:00+05:30,25541.05,25563.7,25528.6,25530.4,0
2025-06-27 09:15:00+05:30,25576.65,25622.5,25523.55,25535.1,0
2025-06-27 09:45:00+05:30,25535.25,25569.8,25528.45,25567.65,0
2025-06-27 10:15:00+05:30,25568.1,25578.3,25539.6,25570.55,0
2025-06-27 10:45:00+05:30,25571.7,25610.25,25571.05,25606.15,0
2025-06-27 11:15:00+05:30,25607.35,25610.9,25595.65,25608.6,0
2025-06-27 11:45:00+05:30,25608.55,25617.8,25597.45,25612.25,0
2025-06-27 12:15:00+05:30,25612.45,25648.6,25612.1,25638.55,0
2025-06-27 12:45:00+05:30,25638.95,25649.35,25613.05,25616.65,0
2025-06-27 13:15:00+05:30,25617.35,25638.4,25608.8,25625.55,0
2025-06-27 13:45:00+05:30,25626.05,25639.35,25620.35,25634.25,0
2025-06-27 14:15:00+05:30,25634.4,25637.45,25611.25,25633.5,0
2025-06-27 14:45:00+05:30,25633.35,25654.2,25624.25,25633.0,0
2025-06-27 15:15:00+05:30,25632.6,25649.95,25629.6,25632.45,0
2025-06-30 09:15:00+05:30,25661.65,25669.35,25579.15,25590.4,0
2025-06-30 09:45:00+05:30,25589.9,25596.0,25543.7,25586.4,0
2025-06-30 10:15:00+05:30,25586.7,25600.0,25541.6,25544.4,0
2025-06-30 10:45:00+05:30,25544.6,25565.95,25536.7,25547.85,0
2025-06-30 11:15:00+05:30,25547.65,25567.55,25539.0,25561.7,0
2025-06-30 11:45:00+05:30,25561.85,25589.8,25559.9,25585.95,0
2025-06-30 12:15:00+05:30,25586.9,25599.3,25542.45,25542.5,0
2025-06-30 12:45:00+05:30,25542.4,25555.35,25499.1,25505.7,0
2025-06-30 13:15:00+05:30,25506.25,25518.8,25490.5,25503.5,0
2025-06-30 13:45:00+05:30,25502.65,25504.45,25473.3,25489.65,0
2025-06-30 14:15:00+05:30,25490.9,25499.3,25477.6,25495.45,0
2025-06-30 14:45:00+05:30,25495.1,25526.65,25492.25,25525.15,0
2025-06-30 15:15:00+05:30,25524.8,25526.1,25505.35,25507.45,0
2025-07-01 09:15:00+05:30,25551.35,25589.8,25513.8,25580.1,0
2025-07-01 09:45:00+05:30,25580.25,25593.4,25530.5,25531.3,0
2025-07-01 10:15:00+05:30,25530.65,25554.25,25522.85,25542.9,0
2025-07-01 10:45:00+05:30,25542.75,25546.7,25513.3,25524.1,0
2025-07-01 11:15:00+05:30,25524.4,25535.6,25517.2,25521.85,0
2025-07-01 11:45:00+05:30,25523.25,25531.0,25501.8,25524.4,0
2025-07-01 12:15:00+05:30,25524.65,25551.3,25522.45,25538.05,0
2025-07-01 12:45:00+05:30,25538.25,25546.45,25525.95,25531.2,0
2025-07-01 13:15:00+05:30,25531.2,25536.9,25523.2,25528.85,0
2025-07-01 13:45:00+05:30,25528.4,25551.85,25509.2,25551.85,0
2025-07-01 14:15:00+05:30,25552.1,25552.2,25515.05,25526.0,0
2025-07-01 14:45:00+05:30,25527.15,25548.5,25523.95,25537.25,0
2025-07-01 15:15:00+05:30,25537.0,25556.95,25527.0,25533.0,0
2025-07-02 09:15:00+05:30,25588.3,25608.1,25533.35,25535.9,0
2025-07-02 09:45:00+05:30,25535.35,25559.15,25513.05,25526.1,0
2025-07-02 10:15:00+05:30,25525.05,25528.15,25482.5,25491.75,0
2025-07-02 10:45:00+05:30,25491.45,25498.75,25466.7,25477.2,0
2025-07-02 11:15:00+05:30,25477.3,25501.5,25463.4,25485.3,0
2025-07-02 11:45:00+05:30,25485.5,25503.95,25480.1,25499.5,0
2025-07-02 12:15:00+05:30,25499.15,25501.35,25484.65,25493.75,0
2025-07-02 12:45:00+05:30,25494.0,25495.65,25460.35,25463.1,0
2025-07-02 13:15:00+05:30,25463.45,25463.65,25384.6,25396.8,0
2025-07-02 13:45:00+05:30,25397.35,25425.1,25383.95,25415.3,0
2025-07-02 14:15:00+05:30,25417.15,25423.85,25378.75,25398.3,0
2025-07-02 14:45:00+05:30,25399.1,25472.8,25397.05,25459.55,0
2025-07-02 15:15:00+05:30,25459.35,25459.9,25440.05,25442.85,0
2025-07-03 09:15:00+05:30,25505.1,25537.05,25429.75,25497.2,0
2025-07-03 09:45:00+05:30,25497.1,25559.8,25495.2,25543.05,0
2025-07-03 10:15:00+05:30,25542.5,25567.5,25532.15,25547.85,0
2025-07-03 10:45:00+05:30,25548.0,25567.1,25526.45,25554.2,0
2025-07-03 11:15:00+05:30,25554.85,25576.7,25504.1,25512.9,0
2025-07-03 11:45:00+05:30,25512.6,25521.4,25484.85,25503.95,0
2025-07-03 12:15:00+05:30,25503.8,25538.55,25486.45,25518.4,0
2025-07-03 12:45:00+05:30,25518.55,25526.9,25496.6,25507.55,0
2025-07-03 13:15:00+05:30,25506.9,25587.5,25479.75,25570.5,0
2025-07-03 13:45:00+05:30,25570.45,25574.85,25480.0,25492.1,0
2025-07-03 14:15:00+05:30,25491.75,25495.15,25384.35,25405.6,0
2025-07-03 14:45:00+05:30,25408.7,25448.6,25393.3,25397.95,0
2025-07-03 15:15:00+05:30,25399.5,25418.45,25388.65,25397.4,0
2025-07-04 09:15:00+05:30,25428.85,25458.65,25370.55,25394.4,0
2025-07-04 09:45:00+05:30,25393.8,25423.55,25387.3,25410.25,0
2025-07-04 10:15:00+05:30,25409.6,25420.55,25395.75,25413.85,0
2025-07-04 10:45:00+05:30,25413.55,25426.85,25406.7,25423.55,0
2025-07-04 11:15:00+05:30,25424.05,25424.95,25351.1,25360.65,0
2025-07-04 11:45:00+05:30,25359.6,25359.7,25331.65,25352.9,0
2025-07-04 12:15:00+05:30,25351.9,25367.15,25345.45,25360.65,0
2025-07-04 12:45:00+05:30,25361.2,25374.95,25352.45,25370.7,0
2025-07-04 13:15:00+05:30,25370.25,25381.1,25358.45,25372.7,0
2025-07-04 13:45:00+05:30,25372.25,25388.7,25365.8,25384.3,0
2025-07-04 14:15:00+05:30,25384.2,25454.55,25373.5,25454.55,0
2025-07-04 14:45:00+05:30,25453.75,25466.7,25438.85,25462.8,0
2025-07-04 15:15:00+05:30,25462.5,25470.25,25449.3,25467.8,0
2025-07-07 09:15:00+05:30,25450.45,25489.8,25407.25,25451.9,0
2025-07-07 09:45:00+05:30,25451.8,25473.3,25417.05,25436.1,0
2025-07-07 10:15:00+05:30,25436.1,25455.4,25427.45,25449.4,0
2025-07-07 10:45:00+05:30,25450.3,25478.75,25447.55,25457.7,0
2025-07-07 11:15:00+05:30,25458.9,25461.65,25446.8,25452.4,0
2025-07-07 11:45:00+05:30,25453.0,25453.0,25425.2,25430.25,0
2025-07-07 12:15:00+05:30,25430.55,25453.25,25421.25,25450.2,0
2025-07-07 12:45:00+05:30,25448.9,25455.35,25417.15,25448.8,0
2025-07-07 13:15:00+05:30,25447.6,25460.4,25444.05,25452.75,0
2025-07-07 13:45:00+05:30,25451.85,25467.8,25438.7,25452.05,0
2025-07-07 14:15:00+05:30,25453.6,25465.25,25415.85,25425.25,0
2025-07-07 14:45:00+05:30,25425.65,25466.6,25419.55,25459.95,0
2025-07-07 15:15:00+05:30,25459.8,25473.2,25453.35,25454.95,0
2025-07-08 09:15:00+05:30,25427.85,25495.9,25424.15,25471.55,0
2025-07-08 09:45:00+05:30,25472.15,25484.85,25442.95,25448.2,0
2025-07-08 10:15:00+05:30,25448.9,25460.55,25439.8,25446.5,0
2025-07-08 10:45:00+05:30,25446.65,25454.95,25431.05,25436.55,0
2025-07-08 11:15:00+05:30,25436.8,25455.35,25432.3,25436.65,0
2025-07-08 11:45:00+05:30,25436.0,25461.1,25433.7,25449.9,0
2025-07-08 12:15:00+05:30,25450.0,25477.55,25441.6,25468.45,0
2025-07-08 12:45:00+05:30,25468.15,25480.25,25464.9,25474.95,0
2025-07-08 13:15:00+05:30,25474.45,25477.85,25447.15,25469.85,0
2025-07-08 13:45:00+05:30,25469.3,25478.8,25448.85,25460.6,0
2025-07-08 14:15:00+05:30,25460.8,25466.15,25447.45,25452.9,0
2025-07-08 14:45:00+05:30,25455.0,25539.4,25450.75,25536.0,0
2025-07-08 15:15:00+05:30,25536.2,25548.05,25517.3,25523.1,0
2025-07-09 09:15:00+05:30,25514.6,25525.05,25472.05,25483.85,0
2025-07-09 09:45:00+05:30,25482.0,25529.45,25477.65,25527.65,0
2025-07-09 10:15:00+05:30,25527.6,25537.55,25516.15,25526.4,0
2025-07-09 10:45:00+05:30,25526.35,25535.2,25515.75,25534.15,0
2025-07-09 11:15:00+05:30,25534.25,25548.7,25530.4,25531.4,0
2025-07-09 11:45:00+05:30,25531.95,25539.9,25503.25,25537.95,0
2025-07-09 12:15:00+05:30,25539.0,25545.95,25530.7,25533.3,0
2025-07-09 12:45:00+05:30,25532.85,25537.4,25490.5,25525.4,0
2025-07-09 13:15:00+05:30,25525.15,25537.8,25521.8,25526.55,0
2025-07-09 13:45:00+05:30,25526.15,25532.55,25516.85,25530.3,0
2025-07-09 14:15:00+05:30,25530.25,25533.2,25455.15,25469.45,0
2025-07-09 14:45:00+05:30,25469.85,25483.1,25424.35,25478.4,0
2025-07-09 15:15:00+05:30,25479.85,25482.35,25464.4,25464.65,0
2025-07-10 09:15:00+05:30,25511.65,25524.05,25431.3,25438.55,0
2025-07-10 09:45:00+05:30,25438.4,25454.15,25402.65,25413.05,0
2025-07-10 10:15:00+05:30,25412.2,25427.55,25400.25,25412.1,0
2025-07-10 10:45:00+05:30,25411.25,25423.45,25375.15,25397.0,0
2025-07-10 11:15:00+05:30,25397.45,25399.7,25363.7,25373.25,0
2025-07-10 11:45:00+05:30,25372.85,25385.05,25357.2,25368.25,0
2025-07-10 12:15:00+05:30,25370.2,25410.75,25365.65,25389.45,0
2025-07-10 12:45:00+05:30,25389.75,25404.3,25378.05,25382.25,0
2025-07-10 13:15:00+05:30,25382.65,25399.05,25367.6,25367.6,0
2025-07-10 13:45:00+05:30,25367.95,25431.05,25357.1,25393.95,0
2025-07-10 14:15:00+05:30,25394.2,25416.6,25392.85,25408.3,0
2025-07-10 14:45:00+05:30,25407.85,25411.0,25342.4,25362.75,0
2025-07-10 15:15:00+05:30,25362.55,25374.7,25340.45,25348.15,0
2025-07-11 09:15:00+05:30,25255.5,25322.45,25244.0,25315.25,0
2025-07-11 09:45:00+05:30,25315.55,25315.8,25252.4,25256.75,0
2025-07-11 10:15:00+05:30,25256.9,25257.25,25206.0,25210.6,0
2025-07-11 10:45:00+05:30,25210.15,25214.85,25149.25,25179.15,0
2025-07-11 11:15:00+05:30,25179.05,25180.8,25153.15,25166.5,0
2025-07-11 11:45:00+05:30,25166.85,25179.45,25136.75,25166.5,0
2025-07-11 12:15:00+05:30,25166.55,25205.15,25155.7,25184.7,0
2025-07-11 12:45:00+05:30,25185.55,25185.75,25140.5,25155.7,0
2025-07-11 13:15:00+05:30,25155.7,25163.65,25144.0,25147.35,0
2025-07-11 13:45:00+05:30,25147.4,25191.55,25144.45,25168.4,0
2025-07-11 14:15:00+05:30,25168.3,25171.65,25150.4,25166.75,0
2025-07-11 14:45:00+05:30,25167.05,25175.8,25150.15,25150.15,0
2025-07-11 15:15:00+05:30,25149.8,25153.6,25129.0,25140.55,0
2025-07-14 09:15:00+05:30,25149.5,25151.1,25041.9,25090.0,0
2025-07-14 09:45:00+05:30,25089.7,25127.2,25077.0,25119.8,0
2025-07-14 10:15:00+05:30,25120.75,25127.05,25071.85,25088.05,0
2025-07-14 10:45:00+05:30,25087.75,25095.2,25061.85,25063.95,0
2025-07-14 11:15:00+05:30,25063.75,25066.4,25019.75,25033.35,0
2025-07-14 11:45:00+05:30,25034.35,25055.65,25028.55,25045.4,0
2025-07-14 12:15:00+05:30,25046.45,25058.3,25035.75,25055.85,0
2025-07-14 12:45:00+05:30,25057.4,25060.95,25001.95,25026.35,0
2025-07-14 13:15:00+05:30,25027.25,25058.55,25025.5,25048.45,0
2025-07-14 13:45:00+05:30,25049.3,25054.75,25012.9,25046.65,0
2025-07-14 14:15:00+05:30,25046.85,25060.8,25037.2,25049.85,0
2025-07-14 14:45:00+05:30,25051.1,25108.5,25045.35,25079.85,0
2025-07-14 15:15:00+05:30,25080.0,25092.7,25077.1,25087.1,0
2025-07-15 09:15:00+05:30,25089.5,25155.8,25088.45,25101.65,0
2025-07-15 09:45:00+05:30,25101.5,25130.9,25089.25,25128.25,0
2025-07-15 10:15:00+05:30,25128.25,25168.75,25100.8,25160.35,0
2025-07-15 10:45:00+05:30,25159.7,25245.2,25158.15,25221.4,0
2025-07-15 11:15:00+05:30,25221.2,25228.3,25204.15,25223.25,0
2025-07-15 11:45:00+05:30,25223.7,25224.85,25199.55,25205.95,0
2025-07-15 12:15:00+05:30,25206.2,25219.9,25173.1,25215.7,0
2025-07-15 12:45:00+05:30,25216.35,25220.4,25204.2,25204.2,0
2025-07-15 13:15:00+05:30,25204.75,25207.45,25169.55,25182.85,0
2025-07-15 13:45:00+05:30,25183.3,25198.0,25159.5,25184.85,0
2025-07-15 14:15:00+05:30,25185.0,25194.65,25162.45,25178.25,0
2025-07-15 14:45:00+05:30,25178.7,25202.85,25156.05,25201.9,0
2025-07-15 15:15:00+05:30,25201.95,25225.05,25198.1,25219.65,0
2025-07-16 09:15:00+05:30,25196.6,25218.95,25127.75,25154.1,0
2025-07-16 09:45:00+05:30,25155.1,25165.85,25135.0,25141.75,0
2025-07-16 10:15:00+05:30,25141.3,25156.8,25123.3,25127.05,0
2025-07-16 10:45:00+05:30,25127.1,25147.15,25121.05,25145.75,0
2025-07-16 11:15:00+05:30,25145.8,25156.2,25127.75,25153.7,0
2025-07-16 11:45:00+05:30,25152.95,25210.0,25151.4,25179.1,0
2025-07-16 12:15:00+05:30,25179.15,25208.05,25171.4,25204.3,0
2025-07-16 12:45:00+05:30,25204.85,25233.5,25201.8,25214.6,0
2025-07-16 13:15:00+05:30,25214.75,25220.5,25186.0,25214.55,0
2025-07-16 13:45:00+05:30,25213.8,25255.3,25210.15,25243.75,0
2025-07-16 14:15:00+05:30,25243.4,25252.85,25223.15,25233.85,0
2025-07-16 14:45:00+05:30,25234.85,25239.2,25207.25,25207.5,0
2025-07-16 15:15:00+05:30,25209.2,25215.65,25190.6,25198.55,0
2025-07-17 09:15:00+05:30,25230.75,25238.35,25177.5,25191.15,0
2025-07-17 09:45:00+05:30,25191.5,25196.65,25159.55,25160.1,0
2025-07-17 10:15:00+05:30,25162.65,25165.25,25144.0,25148.9,0
2025-07-17 10:45:00+05:30,25148.9,25200.1,25147.7,25178.9,0
2025-07-17 11:15:00+05:30,25177.95,25205.2,25167.1,25196.9,0
2025-07-17 11:45:00+05:30,25197.05,25199.3,25181.15,25184.3,0
2025-07-17 12:15:00+05:30,25184.05,25210.45,25168.45,25193.55,0
2025-07-17 12:45:00+05:30,25193.75,25193.75,25163.65,25167.1,0
2025-07-17 13:15:00+05:30,25168.05,25174.35,25155.55,25168.85,0
2025-07-17 13:45:00+05:30,25168.6,25194.5,25149.25,25156.0,0
2025-07-17 14:15:00+05:30,25156.15,25163.05,25124.3,25138.45,0
2025-07-17 14:45:00+05:30,25138.6,25139.3,25101.0,25120.6,0
2025-07-17 15:15:00+05:30,25120.1,25121.9,25106.25,25109.5,0
2025-07-18 09:15:00+05:30,25108.55,25144.6,25043.15,25044.3,0
2025-07-18 09:45:00+05:30,25043.7,25050.2,25004.65,25013.3,0
2025-07-18 10:15:00+05:30,25013.15,25013.15,24931.4,24942.35,0
2025-07-18 10:45:00+05:30,24941.95,24961.45,24925.25,24958.4,0
2025-07-18 11:15:00+05:30,24958.65,24976.55,24920.45,24922.0,0
2025-07-18 11:45:00+05:30,24921.25,24963.55,24921.25,24933.4,0
2025-07-18 12:15:00+05:30,24933.1,24951.8,24918.65,24936.3,0
2025-07-18 12:45:00+05:30,24936.3,24991.2,24931.05,24949.25,0
2025-07-18 13:15:00+05:30,24949.8,24971.35,24935.55,24968.55,0
2025-07-18 13:45:00+05:30,24969.45,24994.25,24949.3,24969.35,0
2025-07-18 14:15:00+05:30,24968.4,25005.2,24958.1,24964.15,0
2025-07-18 14:45:00+05:30,24964.55,24980.9,24952.95,24971.0,0
2025-07-18 15:15:00+05:30,24970.1,24978.4,24963.3,24967.45,0
2025-07-21 09:15:00+05:30,24999.0,25037.2,24882.3,24938.7,0
2025-07-21 09:45:00+05:30,24939.8,25071.05,24930.95,25052.55,0
2025-07-21 10:15:00+05:30,25052.3,25063.4,25035.45,25051.4,0
2025-07-21 10:45:00+05:30,25051.05,25079.5,25036.5,25065.7,0
2025-07-21 11:15:00+05:30,25065.55,25071.3,25000.1,25019.1,0
2025-07-21 11:45:00+05:30,25019.25,25047.5,25009.55,25044.75,0
2025-07-21 12:15:00+05:30,25044.45,25050.7,25010.0,25045.8,0
2025-07-21 12:45:00+05:30,25045.9,25059.2,25039.3,25046.75,0
2025-07-21 13:15:00+05:30,25047.55,25053.1,25037.35,25041.85,0
2025-07-21 13:45:00+05:30,25042.7,25044.8,24988.1,25024.9,0
2025-07-21 14:15:00+05:30,25024.9,25039.95,25000.0,25030.7,0
2025-07-21 14:45:00+05:30,25030.55,25091.15,25029.55,25088.1,0
2025-07-21 15:15:00+05:30,25089.85,25111.4,25084.25,25093.3,0
2025-07-22 09:15:00+05:30,25166.65,25182.0,25089.4,25109.2,0
2025-07-22 09:45:00+05:30,25110.45,25131.6,25085.6,25111.05,0
2025-07-22 10:15:00+05:30,25111.3,25123.8,25086.3,25087.85,0
2025-07-22 10:45:00+05:30,25087.65,25100.2,25055.1,25072.0,0
2025-07-22 11:15:00+05:30,25072.3,25072.45,25047.0,25062.9,0
2025-07-22 11:45:00+05:30,25062.9,25087.6,25035.55,25075.1,0
2025-07-22 12:15:00+05:30,25075.6,25111.85,25071.1,25110.25,0
2025-07-22 12:45:00+05:30,25109.85,25119.7,25078.85,25092.2,0
2025-07-22 13:15:00+05:30,25092.35,25097.05,25074.15,25080.25,0
2025-07-22 13:45:00+05:30,25079.95,25107.65,25073.5,25086.45,0
2025-07-22 14:15:00+05:30,25086.5,25089.55,25044.85,25064.95,0
2025-07-22 14:45:00+05:30,25064.75,25080.0,25047.9,25058.5,0
2025-07-22 15:15:00+05:30,25059.55,25071.05,25054.95,25064.9,0
2025-07-23 09:15:00+05:30,25139.35,25149.85,25094.55,25096.9,0
2025-07-23 09:45:00+05:30,25097.55,25120.4,25085.5,25109.3,0
2025-07-23 10:15:00+05:30,25108.95,25116.7,25095.95,25114.65,0
2025-07-23 10:45:00+05:30,25115.25,25142.3,25111.25,25127.85,0
2025-07-23 11:15:00+05:30,25128.05,25138.1,25102.8,25125.25,0
2025-07-23 11:45:00+05:30,25125.2,25163.05,25123.5,25151.85,0
2025-07-23 12:15:00+05:30,25150.95,25188.55,25150.4,25172.45,0
2025-07-23 12:45:00+05:30,25172.1,25183.05,25158.65,25159.2,0
2025-07-23 13:15:00+05:30,25159.6,25182.0,25139.95,25169.95,0
2025-07-23 13:45:00+05:30,25170.4,25208.45,25169.25,25208.05,0
2025-07-23 14:15:00+05:30,25208.15,25219.05,25192.0,25210.4,0
2025-07-23 14:45:00+05:30,25210.5,25233.5,25203.05,25229.35,0
2025-07-23 15:15:00+05:30,25228.85,25230.5,25205.8,25209.2,0
2025-07-24 09:15:00+05:30,25243.3,25246.25,25178.9,25187.15,0
2025-07-24 09:45:00+05:30,25187.85,25195.9,25155.15,25158.45,0
2025-07-24 10:15:00+05:30,25158.55,25182.9,25154.4,25169.05,0
2025-07-24 10:45:00+05:30,25168.75,25174.85,25146.85,25148.45,0
2025-07-24 11:15:00+05:30,25147.95,25148.7,25089.65,25099.05,0
2025-07-24 11:45:00+05:30,25099.65,25114.6,25018.7,25049.45,0
2025-07-24 12:15:00+05:30,25049.6,25091.2,25047.25,25078.0,0
2025-07-24 12:45:00+05:30,25078.7,25088.5,25030.65,25066.2,0
2025-07-24 13:15:00+05:30,25066.1,25081.1,25050.45,25077.05,0
2025-07-24 13:45:00+05:30,25077.1,25101.6,25053.85,25091.35,0
2025-07-24 14:15:00+05:30,25091.0,25103.25,25068.5,25074.45,0
2025-07-24 14:45:00+05:30,25074.75,25077.05,25046.9,25069.0,0
2025-07-24 15:15:00+05:30,25068.8,25069.6,25046.3,25051.9,0
2025-07-25 09:15:00+05:30,25010.35,25010.35,24907.45,24926.35,0
2025-07-25 09:45:00+05:30,24926.6,24946.85,24903.15,24903.3,0
2025-07-25 10:15:00+05:30,24903.2,24903.3,24844.45,24873.5,0
2025-07-25 10:45:00+05:30,24872.35,24891.6,24859.7,24868.5,0
2025-07-25 11:15:00+05:30,24868.9,24916.85,24854.8,24865.45,0
2025-07-25 11:45:00+05:30,24865.0,24865.5,24830.85,24844.15,0
2025-07-25 12:15:00+05:30,24844.4,24886.6,24811.65,24864.7,0
2025-07-25 12:45:00+05:30,24865.25,24875.6,24847.35,24857.55,0
2025-07-25 13:15:00+05:30,24857.55,24872.85,24806.35,24863.3,0
2025-07-25 13:45:00+05:30,24863.35,24880.05,24835.9,24839.35,0
2025-07-25 14:15:00+05:30,24839.15,24854.35,24813.85,24832.15,0
2025-07-25 14:45:00+05:30,24832.3,24849.0,24808.4,24844.4,0
2025-07-25 15:15:00+05:30,24844.4,24845.4,24823.05,24832.2,0
2025-07-28 09:15:00+05:30,24782.45,24854.7,24732.7,24785.05,0
2025-07-28 09:45:00+05:30,24782.85,24844.25,24781.15,24844.25,0
2025-07-28 10:15:00+05:30,24844.1,24889.2,24814.75,24819.7,0
2025-07-28 10:45:00+05:30,24820.4,24844.55,24775.8,24807.55,0
2025-07-28 11:15:00+05:30,24807.4,24824.6,24780.35,24799.1,0
2025-07-28 11:45:00+05:30,24800.15,24820.4,24778.95,24782.8,0
2025-07-28 12:15:00+05:30,24782.55,24798.35,24771.25,24771.75,0
2025-07-28 12:45:00+05:30,24771.8,24774.45,24701.0,24707.6,0
2025-07-28 13:15:00+05:30,24707.15,24714.1,24661.1,24668.4,0
2025-07-28 13:45:00+05:30,24668.8,24698.95,24646.6,24675.05,0
2025-07-28 14:15:00+05:30,24676.9,24705.85,24670.2,24704.55,0
2025-07-28 14:45:00+05:30,24703.25,24704.2,24672.2,24679.75,0
2025-07-28 15:15:00+05:30,24679.75,24687.85,24669.6,24673.95,0
2025-07-29 09:15:00+05:30,24609.65,24712.6,24598.6,24694.2,0
2025-07-29 09:45:00+05:30,24694.85,24727.15,24663.85,24664.55,0
2025-07-29 10:15:00+05:30,24665.15,24670.9,24628.05,24642.6,0
2025-07-29 10:45:00+05:30,24642.2,24660.25,24614.3,24658.6,0
2025-07-29 11:15:00+05:30,24658.65,24705.45,24658.65,24675.3,0
2025-07-29 11:45:00+05:30,24676.95,24702.15,24662.95,24695.05,0
2025-07-29 12:15:00+05:30,24695.05,24715.9,24683.7,24697.95,0
2025-07-29 12:45:00+05:30,24698.15,24738.0,24694.9,24734.85,0
2025-07-29 13:15:00+05:30,24734.7,24765.45,24727.2,24758.85,0
2025-07-29 13:45:00+05:30,24758.5,24810.3,24757.75,24798.35,0
2025-07-29 14:15:00+05:30,24799.15,24828.15,24772.7,24791.8,0
2025-07-29 14:45:00+05:30,24792.35,24823.65,24771.8,24813.45,0
2025-07-29 15:15:00+05:30,24814.15,24847.15,24813.5,24830.4,0
2025-07-30 09:15:00+05:30,24890.4,24892.05,24813.9,24877.2,0
2025-07-30 09:45:00+05:30,24876.65,24877.05,24815.05,24843.05,0
2025-07-30 10:15:00+05:30,24843.45,24858.75,24786.4,24799.05,0
2025-07-30 10:45:00+05:30,24799.55,24847.85,24771.95,24846.5,0
2025-07-30 11:15:00+05:30,24847.3,24902.3,24840.9,24869.65,0
2025-07-30 11:45:00+05:30,24868.7,24884.2,24850.1,24852.1,0
2025-07-30 12:15:00+05:30,24851.85,24874.85,24849.6,24857.25,0
2025-07-30 12:45:00+05:30,24857.7,24875.0,24832.65,24849.55,0
2025-07-30 13:15:00+05:30,24849.9,24866.05,24831.6,24862.8,0
2025-07-30 13:45:00+05:30,24864.25,24874.9,24846.15,24859.95,0
2025-07-30 14:15:00+05:30,24860.15,24890.4,24852.85,24872.35,0
2025-07-30 14:45:00+05:30,24870.75,24878.15,24850.45,24858.15,0
2025-07-30 15:15:00+05:30,24860.45,24860.45,24840.75,24844.55,0
2025-07-31 09:15:00+05:30,24642.25,24728.95,24635.0,24707.95,0
2025-07-31 09:45:00+05:30,24707.85,24709.35,24653.6,24673.6,0
2025-07-31 10:15:00+05:30,24673.2,24693.1,24664.25,24693.1,0
2025-07-31 10:45:00+05:30,24693.5,24776.55,24693.05,24747.35,0
2025-07-31 11:15:00+05:30,24746.95,24820.2,24742.05,24813.9,0
2025-07-31 11:45:00+05:30,24814.9,24822.4,24755.9,24819.35,0
2025-07-31 12:15:00+05:30,24819.7,24874.45,24819.25,24856.35,0
2025-07-31 12:45:00+05:30,24856.15,24928.45,24846.25,24900.45,0
2025-07-31 13:15:00+05:30,24900.45,24956.5,24890.1,24921.65,0
2025-07-31 13:45:00+05:30,24921.5,24952.7,24901.3,24926.45,0
2025-07-31 14:15:00+05:30,24924.45,24926.1,24843.05,24879.5,0
2025-07-31 14:45:00+05:30,24878.85,24881.2,24752.5,24762.45,0
2025-07-31 15:15:00+05:30,24762.3,24766.6,24747.55,24765.6,0
2025-08-01 09:15:00+05:30,24734.9,24759.75,24672.2,24709.0,0
2025-08-01 09:45:00+05:30,24708.35,24747.35,24684.65,24745.65,0
2025-08-01 10:15:00+05:30,24745.6,24784.15,24735.1,24769.45,0
2025-08-01 10:45:00+05:30,24769.35,24772.6,24707.1,24710.45,0
2025-08-01 11:15:00+05:30,24710.75,24717.95,24644.05,24646.9,0
2025-08-01 11:45:00+05:30,24647.2,24675.75,24646.15,24654.05,0
2025-08-01 12:15:00+05:30,24654.95,24697.45,24611.05,24635.45,0
2025-08-01 12:45:00+05:30,24636.15,24666.95,24633.0,24655.4,0
2025-08-01 13:15:00+05:30,24656.1,24692.65,24615.6,24668.6,0
2025-08-01 13:45:00+05:30,24669.5,24672.45,24636.9,24651.75,0
2025-08-01 14:15:00+05:30,24651.45,24659.7,24603.6,24619.6,0
2025-08-01 14:45:00+05:30,24620.2,24641.3,24535.05,24545.65,0
2025-08-01 15:15:00+05:30,24544.3,24575.2,24539.9,24572.15,0
2025-08-04 09:15:00+05:30,24596.05,24669.95,24562.85,24598.0,0
2025-08-04 09:45:00+05:30,24598.15,24646.35,24554.0,24624.3,0
2025-08-04 10:15:00+05:30,24623.7,24656.0,24609.2,24641.65,0
2025-08-04 10:45:00+05:30,24641.75,24669.5,24603.8,24664.35,0
2025-08-04 11:15:00+05:30,24664.5,24683.95,24632.55,24669.35,0
2025-08-04 11:45:00+05:30,24669.3,24684.65,24659.55,24676.8,0
2025-08-04 12:15:00+05:30,24676.75,24720.95,24667.3,24692.4,0
2025-08-04 12:45:00+05:30,24692.8,24722.25,24686.75,24698.75,0
2025-08-04 13:15:00+05:30,24698.5,24704.5,24644.1,24701.7,0
2025-08-04 13:45:00+05:30,24701.35,24734.65,24682.2,24719.45,0
2025-08-04 14:15:00+05:30,24721.1,24734.35,24699.75,24699.75,0
2025-08-04 14:45:00+05:30,24698.5,24729.65,24689.1,24719.25,0
2025-08-04 15:15:00+05:30,24719.5,24736.25,24718.55,24726.9,0
2025-08-05 09:15:00+05:30,24720.25,24733.1,24628.25,24631.9,0
2025-08-05 09:45:00+05:30,24631.8,24634.55,24593.15,24618.75,0
2025-08-05 10:15:00+05:30,24618.5,24644.7,24596.85,24615.85,0
2025-08-05 10:45:00+05:30,24616.35,24635.0,24604.15,24635.0,0
2025-08-05 11:15:00+05:30,24633.9,24646.45,24618.45,24632.9,0
2025-08-05 11:45:00+05:30,24633.85,24668.7,24615.7,24658.1,0
2025-08-05 12:15:00+05:30,24658.9,24665.05,24621.7,24649.95,0
2025-08-05 12:45:00+05:30,24649.25,24650.45,24617.0,24627.2,0
2025-08-05 13:15:00+05:30,24628.2,24629.3,24593.0,24609.75,0
2025-08-05 13:45:00+05:30,24609.65,24629.05,24592.0,24612.25,0
2025-08-05 14:15:00+05:30,24611.15,24631.7,24594.6,24624.25,0
2025-08-05 14:45:00+05:30,24624.45,24671.0,24590.3,24667.5,0
2025-08-05 15:15:00+05:30,24667.65,24668.0,24646.4,24649.5,0
2025-08-06 09:15:00+05:30,24641.35,24671.4,24616.15,24621.05,0
2025-08-06 09:45:00+05:30,24620.85,24643.25,24579.7,24605.4,0
2025-08-06 10:15:00+05:30,24605.85,24649.45,24544.15,24564.6,0
2025-08-06 10:45:00+05:30,24564.8,24571.8,24548.2,24561.1,0
2025-08-06 11:15:00+05:30,24561.55,24578.45,24550.3,24566.4,0
2025-08-06 11:45:00+05:30,24566.0,24600.1,24558.3,24587.95,0
2025-08-06 12:15:00+05:30,24587.9,24633.6,24586.2,24600.1,0
2025-08-06 12:45:00+05:30,24600.6,24620.7,24583.25,24618.1,0
2025-08-06 13:15:00+05:30,24617.4,24628.8,24584.8,24615.95,0
2025-08-06 13:45:00+05:30,24615.4,24616.0,24578.55,24583.8,0
2025-08-06 14:15:00+05:30,24583.6,24601.25,24539.2,24560.4,0
2025-08-06 14:45:00+05:30,24560.05,24585.6,24556.35,24576.35,0
2025-08-06 15:15:00+05:30,24577.6,24585.75,24563.4,24569.6,0
2025-08-07 09:15:00+05:30,24464.2,24542.2,24464.2,24504.55,0
2025-08-07 09:45:00+05:30,24503.75,24519.35,24468.0,24476.05,0
2025-08-07 10:15:00+05:30,24476.95,24486.65,24425.1,24435.75,0
2025-08-07 10:45:00+05:30,24435.25,24437.35,24387.55,24411.6,0
2025-08-07 11:15:00+05:30,24410.95,24448.15,24410.3,24423.7,0
2025-08-07 11:45:00+05:30,24423.85,24449.7,24417.1,24442.3,0
2025-08-07 12:15:00+05:30,24440.2,24452.5,24417.85,24434.9,0
2025-08-07 12:45:00+05:30,24434.95,24439.5,24398.7,24403.45,0
2025-08-07 13:15:00+05:30,24402.95,24405.6,24344.15,24385.4,0
2025-08-07 13:45:00+05:30,24386.15,24442.75,24370.05,24427.6,0
2025-08-07 14:15:00+05:30,24427.35,24521.65,24426.6,24515.05,0
2025-08-07 14:45:00+05:30,24514.9,24601.9,24504.25,24592.0,0
2025-08-07 15:15:00+05:30,24592.25,24634.2,24590.05,24626.65,0
2025-08-08 09:15:00+05:30,24544.25,24585.5,24495.95,24499.75,0
2025-08-08 09:45:00+05:30,24500.0,24506.6,24437.55,24449.3,0
2025-08-08 10:15:00+05:30,24448.35,24481.25,24432.7,24437.6,0
2025-08-08 10:45:00+05:30,24437.75,24446.2,24408.3,24440.8,0
2025-08-08 11:15:00+05:30,24441.8,24452.75,24422.3,24431.8,0
2025-08-08 11:45:00+05:30,24432.15,24446.45,24402.25,24423.05,0
2025-08-08 12:15:00+05:30,24422.6,24441.9,24411.6,24436.75,0
2025-08-08 12:45:00+05:30,24436.6,24481.35,24419.55,24435.95,0
2025-08-08 13:15:00+05:30,24435.9,24463.5,24417.85,24457.75,0
2025-08-08 13:45:00+05:30,24457.4,24457.45,24388.15,24413.05,0
2025-08-08 14:15:00+05:30,24412.9,24434.85,24382.7,24417.3,0
2025-08-08 14:45:00+05:30,24418.6,24421.95,24337.5,24344.45,0
2025-08-08 15:15:00+05:30,24350.35,24365.35,24339.2,24350.85,0
2025-08-11 09:15:00+05:30,24371.5,24428.4,24347.45,24381.25,0
2025-08-11 09:45:00+05:30,24381.0,24415.65,24356.3,24410.45,0
2025-08-11 10:15:00+05:30,24410.8,24460.2,24404.35,24448.8,0
2025-08-11 10:45:00+05:30,24448.75,24467.8,24425.35,24442.7,0
2025-08-11 11:15:00+05:30,24443.15,24475.2,24416.85,24417.4,0
2025-08-11 11:45:00+05:30,24417.0,24451.55,24402.1,24445.6,0
2025-08-11 12:15:00+05:30,24445.9,24463.35,24429.05,24460.65,0
2025-08-11 12:45:00+05:30,24461.75,24507.4,24458.55,24475.2,0
2025-08-11 13:15:00+05:30,24476.15,24508.9,24467.9,24505.65,0
2025-08-11 13:45:00+05:30,24506.35,24543.3,24495.0,24539.45,0
2025-08-11 14:15:00+05:30,24540.15,24583.65,24526.0,24557.0,0
2025-08-11 14:45:00+05:30,24556.55,24600.85,24556.4,24585.95,0
2025-08-11 15:15:00+05:30,24585.9,24587.15,24544.55,24562.15,0
2025-08-12 09:15:00+05:30,24563.35,24648.0,24530.75,24644.85,0
2025-08-12 09:45:00+05:30,24645.3,24702.6,24645.3,24662.35,0
2025-08-12 10:15:00+05:30,24662.15,24682.0,24562.25,24583.85,0
2025-08-12 10:45:00+05:30,24583.3,24604.45,24532.7,24544.15,0
2025-08-12 11:15:00+05:30,24544.05,24593.25,24541.75,24561.75,0
2025-08-12 11:45:00+05:30,24561.35,24569.75,24531.45,24561.75,0
2025-08-12 12:15:00+05:30,24561.75,24640.35,24559.1,24631.7,0
2025-08-12 12:45:00+05:30,24633.7,24633.7,24590.0,24597.2,0
2025-08-12 13:15:00+05:30,24597.25,24597.25,24549.5,24564.9,0
2025-08-12 13:45:00+05:30,24564.7,24607.55,24534.85,24542.65,0
2025-08-12 14:15:00+05:30,24544.05,24562.3,24500.55,24507.45,0
2025-08-12 14:45:00+05:30,24506.3,24524.65,24465.65,24490.2,0
2025-08-12 15:15:00+05:30,24490.85,24501.2,24477.75,24485.85,0
2025-08-13 09:15:00+05:30,24586.2,24599.55,24535.25,24570.15,0
2025-08-13 09:45:00+05:30,24571.0,24614.2,24569.8,24581.15,0
2025-08-13 10:15:00+05:30,24580.3,24605.8,24570.3,24572.7,0
2025-08-13 10:45:00+05:30,24572.6,24601.9,24554.4,24583.1,0
2025-08-13 11:15:00+05:30,24583.85,24595.35,24565.35,24567.1,0
2025-08-13 11:45:00+05:30,24567.7,24583.2,24538.9,24578.2,0
2025-08-13 12:15:00+05:30,24578.15,24622.45,24567.65,24620.3,0
2025-08-13 12:45:00+05:30,24620.35,24638.05,24614.95,24621.75,0
2025-08-13 13:15:00+05:30,24622.55,24632.85,24594.65,24628.55,0
2025-08-13 13:45:00+05:30,24627.9,24664.55,24626.35,24658.15,0
2025-08-13 14:15:00+05:30,24658.9,24658.9,24617.85,24643.35,0
2025-08-13 14:45:00+05:30,24643.85,24654.0,24611.65,24614.75,0
2025-08-13 15:15:00+05:30,24615.3,24633.7,24610.15,24630.4,0
2025-08-14 09:15:00+05:30,24607.25,24664.35,24604.6,24657.55,0
2025-08-14 09:45:00+05:30,24657.1,24672.85,24618.0,24630.5,0
2025-08-14 10:15:00+05:30,24630.2,24673.65,24623.65,24656.5,0
2025-08-14 10:45:00+05:30,24656.55,24663.5,24629.35,24646.5,0
2025-08-14 11:15:00+05:30,24646.25,24656.45,24612.8,24618.5,0
2025-08-14 11:45:00+05:30,24618.95,24653.0,24603.7,24629.7,0
2025-08-14 12:15:00+05:30,24630.7,24654.6,24627.8,24640.3,0
2025-08-14 12:45:00+05:30,24639.9,24665.4,24632.3,24652.3,0
2025-08-14 13:15:00+05:30,24653.1,24664.1,24626.4,24651.2,0
2025-08-14 13:45:00+05:30,24650.85,24661.95,24631.35,24638.15,0
2025-08-14 14:15:00+05:30,24636.65,24643.45,24596.9,24625.9,0
2025-08-14 14:45:00+05:30,24625.3,24663.3,24625.25,24630.3,0
2025-08-14 15:15:00+05:30,24630.35,24632.05,24607.25,24616.05,0
2025-08-18 09:15:00+05:30,24938.2,25003.7,24884.3,25001.6,0
2025-08-18 09:45:00+05:30,25001.6,25022.0,24982.2,24988.1,0
2025-08-18 10:15:00+05:30,24987.55,25001.15,24971.4,24980.2,0
2025-08-18 10:45:00+05:30,24980.7,24981.65,24946.9,24957.25,0
2025-08-18 11:15:00+05:30,24957.55,24974.05,24932.3,24944.55,0
2025-08-18 11:45:00+05:30,24945.15,24951.9,24872.75,24873.65,0
2025-08-18 12:15:00+05:30,24873.7,24907.55,24852.85,24905.35,0
2025-08-18 12:45:00+05:30,24905.75,24953.65,24904.1,24947.85,0
2025-08-18 13:15:00+05:30,24948.7,24959.25,24916.35,24932.0,0
2025-08-18 13:45:00+05:30,24932.3,24939.35,24892.4,24930.6,0
2025-08-18 14:15:00+05:30,24930.35,24943.6,24906.05,24914.0,0
2025-08-18 14:45:00+05:30,24913.5,24921.9,24869.8,24870.15,0
2025-08-18 15:15:00+05:30,24871.7,24890.4,24866.9,24884.05,0
2025-08-19 09:15:00+05:30,24891.35,24936.45,24878.15,24880.25,0
2025-08-19 09:45:00+05:30,24880.65,24924.7,24873.95,24921.9,0
2025-08-19 10:15:00+05:30,24921.2,24927.5,24902.2,24922.95,0
2025-08-19 10:45:00+05:30,24923.05,24943.5,24907.65,24935.25,0
2025-08-19 11:15:00+05:30,24935.5,24958.65,24927.3,24947.55,0
2025-08-19 11:45:00+05:30,24947.7,24975.95,24947.35,24973.5,0
2025-08-19 12:15:00+05:30,24974.3,25012.65,24970.9,24984.5,0
2025-08-19 12:45:00+05:30,24984.15,25003.65,24978.3,24986.25,0
2025-08-19 13:15:00+05:30,24986.0,25004.55,24956.65,24975.85,0
2025-08-19 13:45:00+05:30,24976.35,24977.05,24919.4,24938.9,0
2025-08-19 14:15:00+05:30,24940.0,24995.4,24922.55,24973.2,0
2025-08-19 14:45:00+05:30,24972.7,24980.45,24950.35,24975.6,0
2025-08-19 15:15:00+05:30,24975.7,24995.65,24973.05,24989.7,0
2025-08-20 09:15:00+05:30,24965.8,24983.75,24929.7,24966.85,0
2025-08-20 09:45:00+05:30,24966.65,24995.75,24947.35,24995.5,0
2025-08-20 10:15:00+05:30,24995.7,25019.25,24985.95,25010.95,0
2025-08-20 10:45:00+05:30,25011.25,25029.6,24987.2,25028.05,0
2025-08-20 11:15:00+05:30,25027.65,25030.9,25008.7,25019.5,0
2025-08-20 11:45:00+05:30,25018.7,25043.3,25015.3,25037.1,0
2025-08-20 12:15:00+05:30,25036.15,25050.9,25029.9,25046.15,0
2025-08-20 12:45:00+05:30,25044.35,25063.5,25041.5,25053.3,0
2025-08-20 13:15:00+05:30,25052.05,25063.6,25031.35,25050.7,0
2025-08-20 13:45:00+05:30,25047.45,25085.6,25044.6,25071.7,0
2025-08-20 14:15:00+05:30,25071.05,25079.2,25044.65,25074.45,0
2025-08-20 14:45:00+05:30,25074.4,25088.7,25048.15,25048.75,0
2025-08-20 15:15:00+05:30,25048.6,25059.65,25038.2,25047.15,0
2025-08-21 09:15:00+05:30,25142.0,25144.85,25054.9,25060.1,0
2025-08-21 09:45:00+05:30,25060.75,25135.05,25058.5,25115.15,0
2025-08-21 10:15:00+05:30,25115.2,25145.7,25113.0,25135.8,0
2025-08-21 10:45:00+05:30,25136.45,25137.4,25113.85,25120.4,0
2025-08-21 11:15:00+05:30,25121.0,25133.15,25112.0,25128.65,0
2025-08-21 11:45:00+05:30,25129.5,25129.75,25096.0,25106.8,0
2025-08-21 12:15:00+05:30,25107.65,25125.5,25090.85,25122.55,0
2025-08-21 12:45:00+05:30,25122.75,25128.4,25101.65,25118.6,0
2025-08-21 13:15:00+05:30,25119.1,25121.15,25075.25,25092.55,0
2025-08-21 13:45:00+05:30,25092.15,25127.45,25087.35,25125.35,0
2025-08-21 14:15:00+05:30,25125.65,25153.65,25095.0,25105.7,0
2025-08-21 14:45:00+05:30,25105.3,25118.35,25078.9,25081.5,0
2025-08-21 15:15:00+05:30,25081.45,25086.25,25068.55,25076.95,0
2025-08-22 09:15:00+05:30,25064.15,25084.85,24950.6,24981.25,0
2025-08-22 09:45:00+05:30,24981.1,24985.65,24945.35,24961.4,0
2025-08-22 10:15:00+05:30,24960.45,24961.3,24903.9,24914.45,0
2025-08-22 10:45:00+05:30,24914.55,24925.35,24897.8,24909.05,0
2025-08-22 11:15:00+05:30,24909.2,24937.9,24893.1,24936.65,0
2025-08-22 11:45:00+05:30,24936.5,24959.15,24922.05,24925.5,0
2025-08-22 12:15:00+05:30,24926.15,24933.95,24914.4,24923.5,0
2025-08-22 12:45:00+05:30,24923.3,24929.95,24912.65,24921.7,0
2025-08-22 13:15:00+05:30,24920.35,24952.15,24917.4,24943.55,0
2025-08-22 13:45:00+05:30,24943.5,24946.45,24919.3,24922.0,0
2025-08-22 14:15:00+05:30,24921.9,24922.5,24874.2,24888.2,0
2025-08-22 14:45:00+05:30,24888.05,24898.3,24865.7,24873.3,0
2025-08-22 15:15:00+05:30,24873.4,24876.75,24859.15,24869.45,0
2025-08-25 09:15:00+05:30,24949.15,24973.95,24915.0,24968.1,0
2025-08-25 09:45:00+05:30,24967.4,24968.8,24899.0,24906.25,0
2025-08-25 10:15:00+05:30,24905.95,24946.55,24894.35,24936.6,0
2025-08-25 10:45:00+05:30,24937.4,24961.85,24934.55,24950.45,0
2025-08-25 11:15:00+05:30,24950.8,24961.95,24941.7,24961.3,0
2025-08-25 11:45:00+05:30,24961.4,24974.7,24948.3,24973.1,0
2025-08-25 12:15:00+05:30,24973.45,24985.35,24969.75,24981.35,0
2025-08-25 12:45:00+05:30,24981.7,25002.9,24981.3,25000.85,0
2025-08-25 13:15:00+05:30,25001.8,25003.35,24986.0,24996.45,0
2025-08-25 13:45:00+05:30,24996.8,25013.0,24993.7,24997.25,0
2025-08-25 14:15:00+05:30,24997.1,25021.55,24949.2,24960.85,0
2025-08-25 14:45:00+05:30,24961.2,24992.55,24953.75,24954.9,0
2025-08-25 15:15:00+05:30,24954.75,24984.5,24952.9,24978.55,0
2025-08-26 09:15:00+05:30,24899.5,24919.65,24758.7,24760.45,0
2025-08-26 09:45:00+05:30,24760.6,24807.1,24755.6,24797.45,0
2025-08-26 10:15:00+05:30,24796.95,24808.55,24778.05,24781.05,0
2025-08-26 10:45:00+05:30,24780.85,24812.85,24765.15,24799.3,0
2025-08-26 11:15:00+05:30,24799.65,24838.3,24798.05,24806.25,0
2025-08-26 11:45:00+05:30,24806.1,24819.0,24794.75,24799.75,0
2025-08-26 12:15:00+05:30,24800.6,24811.3,24775.2,24785.45,0
2025-08-26 12:45:00+05:30,24785.2,24812.0,24781.85,24804.9,0
2025-08-26 13:15:00+05:30,24804.7,24824.7,24790.85,24810.95,0
2025-08-26 13:45:00+05:30,24811.55,24814.3,24765.25,24772.55,0
2025-08-26 14:15:00+05:30,24772.7,24791.55,24741.9,24776.0,0
2025-08-26 14:45:00+05:30,24775.25,24781.9,24689.6,24695.0,0
2025-08-26 15:15:00+05:30,24695.5,24717.7,24692.6,24710.7,0
2025-08-28 09:15:00+05:30,24695.8,24702.65,24507.2,24565.7,0
2025-08-28 09:45:00+05:30,24566.15,24613.85,24549.75,24576.95,0
2025-08-28 10:15:00+05:30,24575.9,24629.1,24554.8,24608.65,0
2025-08-28 10:45:00+05:30,24608.2,24677.9,24607.5,24653.9,0
2025-08-28 11:15:00+05:30,24654.2,24673.4,24645.7,24656.3,0
2025-08-28 11:45:00+05:30,24654.65,24658.9,24611.8,24626.6,0
2025-08-28 12:15:00+05:30,24627.2,24631.65,24580.2,24586.05,0
2025-08-28 12:45:00+05:30,24585.15,24596.05,24543.55,24557.9,0
2025-08-28 13:15:00+05:30,24560.25,24566.05,24533.65,24552.0,0
2025-08-28 13:45:00+05:30,24553.05,24588.05,24531.5,24573.45,0
2025-08-28 14:15:00+05:30,24573.9,24592.1,24524.0,24527.6,0
2025-08-28 14:45:00+05:30,24529.1,24531.05,24481.6,24502.25,0
2025-08-28 15:15:00+05:30,24501.5,24545.6,24488.75,24533.1,0
2025-08-29 09:15:00+05:30,24466.7,24564.35,24466.6,24510.85,0
2025-08-29 09:45:00+05:30,24510.6,24512.4,24464.15,24470.85,0
2025-08-29 10:15:00+05:30,24471.0,24552.8,24466.25,24550.05,0
2025-08-29 10:45:00+05:30,24550.25,24564.0,24522.05,24556.45,0
2025-08-29 11:15:00+05:30,24556.75,24570.3,24536.55,24566.55,0
2025-08-29 11:45:00+05:30,24565.95,24572.45,24533.5,24553.25,0
2025-08-29 12:15:00+05:30,24552.85,24554.65,24518.35,24538.95,0
2025-08-29 12:45:00+05:30,24538.4,24549.6,24495.5,24496.6,0
2025-08-29 13:15:00+05:30,24496.8,24522.0,24495.15,24504.65,0
2025-08-29 13:45:00+05:30,24505.45,24517.05,24476.75,24513.6,0
2025-08-29 14:15:00+05:30,24513.3,24552.5,24441.85,24452.45,0
2025-08-29 14:45:00+05:30,24451.75,24490.85,24406.25,24406.75,0
2025-08-29 15:15:00+05:30,24406.75,24444.9,24404.7,24433.65,0
2025-09-01 09:15:00+05:30,24432.7,24546.65,24432.7,24535.8,0
2025-09-01 09:45:00+05:30,24535.15,24560.85,24522.65,24523.15,0
2025-09-01 10:15:00+05:30,24522.75,24534.35,24502.85,24529.65,0
2025-09-01 10:45:00+05:30,24530.1,24553.3,24523.55,24548.7,0
2025-09-01 11:15:00+05:30,24549.8,24556.0,24537.45,24538.55,0
2025-09-01 11:45:00+05:30,24539.8,24550.05,24517.95,24546.85,0
2025-09-01 12:15:00+05:30,24548.4,24576.45,24540.25,24563.95,0
2025-09-01 12:45:00+05:30,24564.95,24592.85,24556.55,24590.5,0
2025-09-01 13:15:00+05:30,24588.6,24606.85,24581.5,24593.7,0
2025-09-01 13:45:00+05:30,24594.25,24620.9,24591.1,24617.1,0
2025-09-01 14:15:00+05:30,24617.4,24625.05,24598.8,24615.4,0
2025-09-01 14:45:00+05:30,24616.7,24635.6,24613.5,24624.45,0
2025-09-01 15:15:00+05:30,24625.05,24631.3,24619.85,24624.3,0
2025-09-02 09:15:00+05:30,24653.0,24695.6,24631.35,24688.75,0
2025-09-02 09:45:00+05:30,24688.8,24747.55,24688.8,24728.75,0
2025-09-02 10:15:00+05:30,24728.85,24741.4,24708.8,24736.65,0
2025-09-02 10:45:00+05:30,24735.5,24749.05,24723.65,24731.75,0
2025-09-02 11:15:00+05:30,24731.55,24741.4,24715.35,24733.65,0
2025-09-02 11:45:00+05:30,24734.5,24739.9,24721.55,24726.05,0
2025-09-02 12:15:00+05:30,24726.6,24756.1,24710.9,24738.1,0
2025-09-02 12:45:00+05:30,24738.7,24747.4,24712.85,24724.85,0
2025-09-02 13:15:00+05:30,24723.3,24726.65,24649.85,24655.05,0
2025-09-02 13:45:00+05:30,24655.05,24663.7,24536.75,24561.3,0
2025-09-02 14:15:00+05:30,24558.85,24605.2,24522.35,24590.95,0
2025-09-02 14:45:00+05:30,24591.2,24617.25,24556.75,24584.8,0
2025-09-02 15:15:00+05:30,24587.5,24591.75,24567.3,24575.0,0
2025-09-03 09:15:00+05:30,24616.5,24630.7,24533.2,24551.95,0
2025-09-03 09:45:00+05:30,24552.05,24613.95,24551.55,24606.75,0
2025-09-03 10:15:00+05:30,24606.6,24608.2,24559.5,24562.75,0
2025-09-03 10:45:00+05:30,24561.95,24587.65,24553.7,24576.9,0
2025-09-03 11:15:00+05:30,24576.3,24597.35,24557.55,24586.5,0
2025-09-03 11:45:00+05:30,24586.75,24633.05,24573.35,24630.55,0
2025-09-03 12:15:00+05:30,24630.35,24649.05,24624.85,24627.0,0
2025-09-03 12:45:00+05:30,24627.45,24634.35,24593.1,24603.0,0
2025-09-03 13:15:00+05:30,24602.95,24632.65,24598.2,24629.6,0
2025-09-03 13:45:00+05:30,24629.45,24673.7,24627.5,24659.0,0
2025-09-03 14:15:00+05:30,24658.9,24680.1,24656.2,24660.75,0
2025-09-03 14:45:00+05:30,24660.7,24737.05,24658.9,24725.35,0
2025-09-03 15:15:00+05:30,24724.6,24728.8,24705.05,24713.6,0
2025-09-04 09:15:00+05:30,24980.75,24980.75,24847.25,24885.85,0
2025-09-04 09:45:00+05:30,24886.6,24919.1,24835.1,24835.7,0
2025-09-04 10:15:00+05:30,24834.95,24877.0,24804.65,24816.5,0
2025-09-04 10:45:00+05:30,24816.55,24848.85,24810.1,24815.5,0
2025-09-04 11:15:00+05:30,24815.95,24832.8,24799.0,24816.15,0
2025-09-04 11:45:00+05:30,24816.7,24837.7,24787.75,24806.1,0
2025-09-04 12:15:00+05:30,24806.35,24819.35,24767.05,24819.35,0
2025-09-04 12:45:00+05:30,24819.8,24838.75,24806.65,24815.85,0
2025-09-04 13:15:00+05:30,24816.0,24828.9,24782.2,24788.3,0
2025-09-04 13:45:00+05:30,24788.45,24791.6,24757.4,24765.5,0
2025-09-04 14:15:00+05:30,24765.55,24779.55,24713.25,24771.3,0
2025-09-04 14:45:00+05:30,24771.0,24777.1,24714.55,24718.5,0
2025-09-04 15:15:00+05:30,24719.75,24751.75,24708.2,24739.8,0
2025-09-05 09:15:00+05:30,24818.85,24832.35,24775.45,24778.85,0
2025-09-05 09:45:00+05:30,24778.3,24803.6,24674.75,24679.35,0
2025-09-05 10:15:00+05:30,24678.55,24737.75,24631.95,24702.15,0
2025-09-05 10:45:00+05:30,24701.5,24714.2,24663.75,24691.95,0
2025-09-05 11:15:00+05:30,24691.6,24708.3,24675.1,24677.05,0
2025-09-05 11:45:00+05:30,24676.6,24677.95,24651.55,24651.55,0
2025-09-05 12:15:00+05:30,24651.65,24664.9,24627.15,24638.5,0
2025-09-05 12:45:00+05:30,24638.0,24671.5,24621.6,24670.65,0
2025-09-05 13:15:00+05:30,24671.4,24708.0,24667.9,24708.0,0
2025-09-05 13:45:00+05:30,24709.7,24790.75,24709.7,24745.35,0
2025-09-05 14:15:00+05:30,24748.2,24765.35,24720.75,24727.3,0
2025-09-05 14:45:00+05:30,24726.8,24759.0,24724.75,24735.55,0
2025-09-05 15:15:00+05:30,24736.4,24749.55,24733.75,24743.95,0
2025-09-08 09:15:00+05:30,24802.6,24845.7,24758.5,24829.05,0
2025-09-08 09:45:00+05:30,24828.75,24835.55,24798.6,24800.45,0
2025-09-08 10:15:00+05:30,24800.3,24815.65,24764.95,24802.0,0
2025-09-08 10:45:00+05:30,24803.1,24812.05,24778.9,24806.8,0
2025-09-08 11:15:00+05:30,24806.65,24828.6,24797.75,24827.45,0
2025-09-08 11:45:00+05:30,24827.45,24836.85,24807.55,24835.75,0
2025-09-08 12:15:00+05:30,24835.35,24866.65,24821.0,24853.55,0
2025-09-08 12:45:00+05:30,24853.5,24868.1,24848.0,24867.8,0
2025-09-08 13:15:00+05:30,24867.75,24870.9,24844.3,24849.7,0
2025-09-08 13:45:00+05:30,24852.75,24856.85,24828.95,24856.1,0
2025-09-08 14:15:00+05:30,24856.6,24885.5,24855.1,24872.65,0
2025-09-08 14:45:00+05:30,24873.25,24873.9,24751.55,24768.75,0
2025-09-08 15:15:00+05:30,24768.4,24800.8,24762.95,24791.2,0
2025-09-09 09:15:00+05:30,24864.1,24879.05,24831.45,24854.75,0
2025-09-09 09:45:00+05:30,24854.0,24861.2,24823.25,24824.1,0
2025-09-09 10:15:00+05:30,24825.2,24835.6,24814.6,24823.15,0
2025-09-09 10:45:00+05:30,24823.4,24847.0,24816.4,24838.5,0
2025-09-09 11:15:00+05:30,24838.05,24855.8,24832.25,24846.95,0
2025-09-09 11:45:00+05:30,24846.8,24849.3,24814.0,24841.35,0
2025-09-09 12:15:00+05:30,24842.25,24860.6,24838.25,24853.0,0
2025-09-09 12:45:00+05:30,24852.6,24869.3,24836.95,24854.8,0
2025-09-09 13:15:00+05:30,24854.8,24874.0,24848.4,24858.5,0
2025-09-09 13:45:00+05:30,24858.5,24877.0,24843.6,24873.75,0
2025-09-09 14:15:00+05:30,24874.35,24891.8,24825.6,24839.95,0
2025-09-09 14:45:00+05:30,24838.15,24884.0,24831.35,24870.35,0
2025-09-09 15:15:00+05:30,24871.05,24883.05,24860.9,24878.8,0
2025-09-10 09:15:00+05:30,24991.0,25014.1,24958.1,25012.25,0
2025-09-10 09:45:00+05:30,25012.85,25017.4,24989.95,25005.45,0
2025-09-10 10:15:00+05:30,25004.3,25035.7,24997.8,25001.35,0
2025-09-10 10:45:00+05:30,25001.4,25027.85,24990.35,25013.1,0
2025-09-10 11:15:00+05:30,25012.85,25014.35,24967.95,24988.9,0
2025-09-10 11:45:00+05:30,24988.6,24995.7,24969.75,24990.15,0
2025-09-10 12:15:00+05:30,24990.3,25000.9,24976.2,24984.2,0
2025-09-10 12:45:00+05:30,24984.0,24989.15,24958.7,24959.6,0
2025-09-10 13:15:00+05:30,24959.9,24968.9,24946.55,24964.1,0
2025-09-10 13:45:00+05:30,24964.15,24978.65,24953.55,24962.85,0
2025-09-10 14:15:00+05:30,24962.8,24966.0,24915.05,24918.4,0
2025-09-10 14:45:00+05:30,24918.2,24979.8,24918.2,24978.6,0
2025-09-10 15:15:00+05:30,24978.55,24987.9,24972.35,24977.55,0
2025-09-11 09:15:00+05:30,24945.5,25008.95,24940.15,24978.45,0
2025-09-11 09:45:00+05:30,24978.2,24991.65,24957.5,24964.5,0
2025-09-11 10:15:00+05:30,24965.45,24989.35,24964.75,24982.4,0
2025-09-11 10:45:00+05:30,24982.35,24991.8,24971.6,24981.0,0
2025-09-11 11:15:00+05:30,24982.0,24989.0,24956.85,24963.45,0
2025-09-11 11:45:00+05:30,24962.6,24988.35,24960.85,24986.95,0
2025-09-11 12:15:00+05:30,24987.0,25012.95,24985.95,25000.8,0
2025-09-11 12:45:00+05:30,25000.95,25015.1,24993.6,25007.3,0
2025-09-11 13:15:00+05:30,25007.05,25015.4,24991.25,25012.05,0
2025-09-11 13:45:00+05:30,25011.8,25026.35,24994.15,25013.85,0
2025-09-11 14:15:00+05:30,25012.9,25024.95,24986.9,25017.55,0
2025-09-11 14:45:00+05:30,25016.8,25037.3,24991.45,25000.7,0
2025-09-11 15:15:00+05:30,25000.8,25016.15,24992.8,25008.1,0
2025-09-12 09:15:00+05:30,25074.45,25089.75,25038.05,25049.7,0
2025-09-12 09:45:00+05:30,25048.55,25077.6,25046.65,25074.7,0
2025-09-12 10:15:00+05:30,25074.85,25088.9,25064.2,25088.5,0
2025-09-12 10:45:00+05:30,25088.4,25104.0,25078.65,25099.75,0
2025-09-12 11:15:00+05:30,25099.8,25139.45,25097.7,25126.15,0
2025-09-12 11:45:00+05:30,25125.5,25128.55,25114.4,25121.05,0
2025-09-12 12:15:00+05:30,25120.6,25125.3,25114.1,25116.8,0
2025-09-12 12:45:00+05:30,25116.55,25120.1,25101.9,25118.8,0
2025-09-12 13:15:00+05:30,25118.75,25125.05,25107.55,25109.2,0
2025-09-12 13:45:00+05:30,25108.6,25129.65,25097.25,25117.9,0
2025-09-12 14:15:00+05:30,25118.4,25120.7,25103.2,25111.8,0
2025-09-12 14:45:00+05:30,25112.5,25118.6,25099.5,25115.8,0
2025-09-12 15:15:00+05:30,25116.35,25120.1,25102.4,25107.7,0
2025-09-15 09:15:00+05:30,25118.9,25138.45,25081.3,25090.45,0
2025-09-15 09:45:00+05:30,25091.2,25111.95,25070.0,25084.75,0
2025-09-15 10:15:00+05:30,25085.1,25102.75,25076.3,25077.55,0
2025-09-15 10:45:00+05:30,25077.1,25090.05,25064.65,25075.8,0
2025-09-15 11:15:00+05:30,25075.75,25097.05,25068.75,25084.1,0
2025-09-15 11:45:00+05:30,25084.25,25118.35,25084.05,25101.5,0
2025-09-15 12:15:00+05:30,25101.7,25112.1,25091.5,25091.5,0
2025-09-15 12:45:00+05:30,25091.4,25113.3,25089.4,25104.85,0
2025-09-15 13:15:00+05:30,25105.5,25116.9,25048.75,25071.15,0
2025-09-15 13:45:00+05:30,25071.2,25089.0,25067.85,25071.95,0
2025-09-15 14:15:00+05:30,25071.55,25114.2,25063.2,25094.85,0
2025-09-15 14:45:00+05:30,25096.5,25097.0,25064.75,25067.1,0
2025-09-15 15:15:00+05:30,25067.35,25074.05,25060.7,25069.7,0
2025-09-16 09:15:00+05:30,25073.6,25140.4,25070.45,25135.45,0
2025-09-16 09:45:00+05:30,25136.1,25181.85,25131.45,25165.05,0
2025-09-16 10:15:00+05:30,25165.05,25174.7,25158.95,25163.95,0
2025-09-16 10:45:00+05:30,25164.05,25165.6,25147.8,25165.0,0
2025-09-16 11:15:00+05:30,25164.85,25177.2,25159.8,25170.85,0
2025-09-16 11:45:00+05:30,25170.4,25178.05,25161.5,25173.25,0
2025-09-16 12:15:00+05:30,25172.65,25203.0,25170.05,25198.35,0
2025-09-16 12:45:00+05:30,25197.7,25200.75,25176.25,25187.25,0
2025-09-16 13:15:00+05:30,25187.2,25188.6,25167.25,25178.9,0
2025-09-16 13:45:00+05:30,25178.95,25185.7,25152.7,25180.8,0
2025-09-16 14:15:00+05:30,25180.6,25229.75,25176.6,25211.35,0
2025-09-16 14:45:00+05:30,25210.6,25255.2,25190.1,25240.65,0
2025-09-16 15:15:00+05:30,25242.65,25261.4,25230.25,25254.45,0
2025-09-17 09:15:00+05:30,25276.6,25342.15,25275.35,25333.15,0
2025-09-17 09:45:00+05:30,25332.9,25332.9,25310.45,25314.15,0
2025-09-17 10:15:00+05:30,25314.7,25330.35,25305.45,25312.25,0
2025-09-17 10:45:00+05:30,25311.15,25339.2,25308.2,25333.95,0
2025-09-17 11:15:00+05:30,25333.45,25339.5,25317.65,25322.55,0
2025-09-17 11:45:00+05:30,25323.25,25338.6,25318.0,25325.5,0
2025-09-17 12:15:00+05:30,25326.0,25346.4,25318.75,25332.05,0
2025-09-17 12:45:00+05:30,25331.55,25342.1,25325.9,25335.4,0
2025-09-17 13:15:00+05:30,25335.0,25346.5,25317.95,25319.15,0
2025-09-17 13:45:00+05:30,25319.4,25328.35,25294.35,25304.1,0
2025-09-17 14:15:00+05:30,25305.15,25315.75,25279.85,25310.35,0
2025-09-17 14:45:00+05:30,25311.2,25337.1,25308.85,25328.3,0
2025-09-17 15:15:00+05:30,25328.1,25335.15,25321.3,25330.15,0
2025-09-18 09:15:00+05:30,25441.05,25448.95,25393.8,25424.85,0
2025-09-18 09:45:00+05:30,25424.9,25428.6,25401.35,25408.0,0
2025-09-18 10:15:00+05:30,25408.25,25429.8,25402.95,25424.65,0
2025-09-18 10:45:00+05:30,25425.3,25442.4,25422.15,25423.2,0
2025-09-18 11:15:00+05:30,25425.75,25434.45,25415.15,25415.15,0
2025-09-18 11:45:00+05:30,25415.1,25426.55,25408.45,25418.95,0
2025-09-18 12:15:00+05:30,25419.7,25427.1,25368.95,25385.85,0
2025-09-18 12:45:00+05:30,25385.2,25394.95,25346.85,25361.95,0
2025-09-18 13:15:00+05:30,25361.55,25388.35,25350.85,25382.6,0
2025-09-18 13:45:00+05:30,25383.0,25389.3,25342.1,25365.75,0
2025-09-18 14:15:00+05:30,25364.75,25368.4,25329.75,25352.5,0
2025-09-18 14:45:00+05:30,25351.25,25436.75,25351.25,25423.05,0
2025-09-18 15:15:00+05:30,25423.0,25436.1,25415.25,25420.75,0
2025-09-19 09:15:00+05:30,25410.2,25428.75,25322.9,25340.55,0
2025-09-19 09:45:00+05:30,25341.15,25346.15,25297.05,25324.45,0
2025-09-19 10:15:00+05:30,25325.65,25345.25,25310.1,25320.65,0
2025-09-19 10:45:00+05:30,25321.15,25324.7,25301.6,25310.1,0
2025-09-19 11:15:00+05:30,25310.1,25328.3,25300.45,25308.1,0
2025-09-19 11:45:00+05:30,25307.75,25310.95,25286.3,25305.0,0
2025-09-19 12:15:00+05:30,25305.5,25310.1,25289.2,25296.7,0
2025-09-19 12:45:00+05:30,25297.0,25332.75,25287.9,25330.65,0
2025-09-19 13:15:00+05:30,25330.1,25359.05,25327.65,25340.4,0
2025-09-19 13:45:00+05:30,25340.3,25359.55,25332.75,25353.85,0
2025-09-19 14:15:00+05:30,25353.7,25360.0,25323.7,25341.4,0
2025-09-19 14:45:00+05:30,25341.2,25360.4,25306.1,25318.45,0
2025-09-19 15:15:00+05:30,25319.0,25359.0,25317.2,25352.5,0
2025-09-22 09:15:00+05:30,25238.1,25321.85,25211.6,25314.2,0
2025-09-22 09:45:00+05:30,25313.5,25331.7,25284.65,25311.45,0
2025-09-22 10:15:00+05:30,25311.0,25322.25,25297.9,25315.35,0
2025-09-22 10:45:00+05:30,25315.5,25317.45,25291.15,25295.65,0
2025-09-22 11:15:00+05:30,25295.5,25297.4,25266.9,25291.65,0
2025-09-22 11:45:00+05:30,25291.75,25300.05,25276.2,25285.5,0
2025-09-22 12:15:00+05:30,25287.4,25309.8,25283.35,25304.8,0
2025-09-22 12:45:00+05:30,25306.15,25317.3,25294.3,25304.15,0
2025-09-22 13:15:00+05:30,25305.55,25306.25,25268.15,25277.35,0
2025-09-22 13:45:00+05:30,25278.3,25289.25,25251.05,25276.5,0
2025-09-22 14:15:00+05:30,25277.2,25278.4,25178.4,25178.95,0
2025-09-22 14:45:00+05:30,25179.35,25221.9,25151.05,25195.55,0
2025-09-22 15:15:00+05:30,25194.9,25212.85,25190.65,25200.2,0
2025-09-23 09:15:00+05:30,25209.0,25250.85,25133.9,25144.95,0
2025-09-23 09:45:00+05:30,25143.9,25163.9,25110.05,25151.0,0
2025-09-23 10:15:00+05:30,25150.9,25154.35,25111.0,25133.55,0
2025-09-23 10:45:00+05:30,25133.45,25139.15,25096.35,25098.9,0
2025-09-23 11:15:00+05:30,25098.95,25107.75,25084.65,25105.65,0
2025-09-23 11:45:00+05:30,25105.2,25142.6,25104.0,25142.6,0
2025-09-23 12:15:00+05:30,25142.35,25223.8,25131.9,25184.85,0
2025-09-23 12:45:00+05:30,25186.2,25209.9,25173.85,25197.9,0
2025-09-23 13:15:00+05:30,25197.5,25244.25,25190.95,25220.0,0
2025-09-23 13:45:00+05:30,25219.7,25261.9,25200.8,25206.9,0
2025-09-23 14:15:00+05:30,25206.2,25236.25,25179.6,25221.35,0
2025-09-23 14:45:00+05:30,25218.8,25224.2,25150.95,25174.5,0
2025-09-23 15:15:00+05:30,25174.25,25185.8,25161.6,25185.8,0
2025-09-24 09:15:00+05:30,25108.75,25149.85,25049.45,25060.5,0
2025-09-24 09:45:00+05:30,25059.7,25108.35,25051.45,25094.7,0
2025-09-24 10:15:00+05:30,25093.15,25114.1,25076.25,25078.15,0
2025-09-24 10:45:00+05:30,25077.3,25078.05,25027.45,25053.75,0
2025-09-24 11:15:00+05:30,25053.1,25078.0,25051.6,25068.95,0
2025-09-24 11:45:00+05:30,25068.1,25093.25,25058.65,25092.55,0
2025-09-24 12:15:00+05:30,25091.3,25111.5,25088.95,25092.4,0
2025-09-24 12:45:00+05:30,25091.25,25132.05,25085.6,25131.65,0
2025-09-24 13:15:00+05:30,25131.35,25142.05,25125.25,25127.85,0
2025-09-24 13:45:00+05:30,25128.4,25136.1,25096.0,25100.8,0
2025-09-24 14:15:00+05:30,25100.6,25116.4,25051.15,25065.45,0
2025-09-24 14:45:00+05:30,25065.5,25072.3,25039.55,25059.75,0
2025-09-24 15:15:00+05:30,25059.15,25067.25,25052.0,25060.9,0
2025-09-25 09:15:00+05:30,25034.5,25092.7,25003.9,25054.0,0
2025-09-25 09:45:00+05:30,25051.2,25060.2,25029.5,25031.7,0
2025-09-25 10:15:00+05:30,25031.8,25053.8,25002.35,25008.15,0
2025-09-25 10:45:00+05:30,25007.65,25033.0,24999.5,25026.1,0
2025-09-25 11:15:00+05:30,25027.1,25044.9,24985.1,24989.75,0
2025-09-25 11:45:00+05:30,24989.65,24998.85,24965.1,24981.5,0
2025-09-25 12:15:00+05:30,24981.4,24999.65,24959.55,24962.35,0
2025-09-25 12:45:00+05:30,24962.15,25010.4,24961.5,24989.7,0
2025-09-25 13:15:00+05:30,24989.75,24999.15,24964.95,24992.9,0
2025-09-25 13:45:00+05:30,24992.85,25004.05,24949.05,24966.1,0
2025-09-25 14:15:00+05:30,24966.4,24984.75,24932.7,24944.4,0
2025-09-25 14:45:00+05:30,24943.85,24949.75,24878.3,24883.3,0
2025-09-25 15:15:00+05:30,24884.2,24905.75,24881.8,24904.55,0
2025-09-26 09:15:00+05:30,24818.55,24868.6,24759.0,24781.9,0
2025-09-26 09:45:00+05:30,24782.35,24826.2,24774.75,24780.5,0
2025-09-26 10:15:00+05:30,24780.25,24808.25,24771.05,24800.35,0
2025-09-26 10:45:00+05:30,24800.8,24805.7,24763.5,24768.6,0
2025-09-26 11:15:00+05:30,24769.5,24769.5,24741.9,24751.25,0
2025-09-26 11:45:00+05:30,24751.35,24780.85,24737.55,24764.3,0
2025-09-26 12:15:00+05:30,24764.4,24782.1,24753.3,24774.2,0
2025-09-26 12:45:00+05:30,24772.75,24795.3,24756.9,24758.75,0
2025-09-26 13:15:00+05:30,24759.1,24760.5,24703.35,24713.1,0
2025-09-26 13:45:00+05:30,24712.3,24725.15,24638.4,24663.55,0
2025-09-26 14:15:00+05:30,24663.95,24668.1,24629.45,24661.1,0
2025-09-26 14:45:00+05:30,24661.5,24674.65,24630.35,24644.5,0
2025-09-26 15:15:00+05:30,24644.6,24674.55,24643.6,24673.1,0
2025-09-29 09:15:00+05:30,24728.55,24752.2,24668.15,24750.8,0
2025-09-29 09:45:00+05:30,24750.75,24767.5,24735.0,24758.4,0
2025-09-29 10:15:00+05:30,24760.35,24791.3,24749.7,24763.25,0
2025-09-29 10:45:00+05:30,24763.0,24766.9,24725.1,24740.45,0
2025-09-29 11:15:00+05:30,24741.2,24742.65,24654.35,24672.25,0
2025-09-29 11:45:00+05:30,24672.25,24676.15,24633.2,24641.7,0
2025-09-29 12:15:00+05:30,24642.15,24667.75,24609.75,24613.5,0
2025-09-29 12:45:00+05:30,24614.4,24688.75,24606.2,24687.05,0
2025-09-29 13:15:00+05:30,24686.75,24720.25,24656.8,24689.5,0
2025-09-29 13:45:00+05:30,24688.5,24738.35,24683.65,24723.85,0
2025-09-29 14:15:00+05:30,24725.15,24745.9,24686.05,24688.75,0
2025-09-29 14:45:00+05:30,24689.25,24694.45,24614.15,24639.65,0
2025-09-29 15:15:00+05:30,24639.3,24691.45,24619.45,24677.55,0
2025-09-30 09:15:00+05:30,24691.95,24731.8,24645.25,24649.85,0
2025-09-30 09:45:00+05:30,24649.45,24679.0,24633.4,24636.7,0
2025-09-30 10:15:00+05:30,24637.0,24655.8,24593.95,24620.95,0
2025-09-30 10:45:00+05:30,24620.7,24670.7,24607.85,24666.9,0
2025-09-30 11:15:00+05:30,24666.75,24683.5,24636.95,24642.05,0
2025-09-30 11:45:00+05:30,24642.45,24657.55,24625.6,24646.2,0
2025-09-30 12:15:00+05:30,24646.25,24683.45,24642.6,24662.05,0
2025-09-30 12:45:00+05:30,24662.0,24673.55,24645.1,24664.95,0
2025-09-30 13:15:00+05:30,24664.4,24680.05,24627.4,24637.8,0
2025-09-30 13:45:00+05:30,24637.1,24650.6,24600.4,24623.9,0
2025-09-30 14:15:00+05:30,24624.2,24652.8,24587.7,24640.3,0
2025-09-30 14:45:00+05:30,24639.95,24654.0,24598.15,24614.85,0
2025-09-30 15:15:00+05:30,24613.5,24634.9,24603.3,24633.6,0
2025-10-01 09:15:00+05:30,24620.55,24687.4,24605.95,24682.45,0
2025-10-01 09:45:00+05:30,24681.85,24694.05,24617.7,24659.95,0
2025-10-01 10:15:00+05:30,24658.6,24695.4,24645.05,24662.75,0
2025-10-01 10:45:00+05:30,24661.75,24704.85,24649.4,24702.2,0
2025-10-01 11:15:00+05:30,24703.05,24776.35,24703.05,24776.0,0
2025-10-01 11:45:00+05:30,24776.05,24812.0,24769.75,24803.35,0
2025-10-01 12:15:00+05:30,24803.05,24808.35,24757.5,24760.95,0
2025-10-01 12:45:00+05:30,24760.25,24774.95,24747.05,24770.7,0
2025-10-01 13:15:00+05:30,24770.2,24792.95,24755.05,24781.4,0
2025-10-01 13:45:00+05:30,24780.9,24811.5,24763.0,24795.2,0
2025-10-01 14:15:00+05:30,24796.15,24860.4,24775.75,24849.3,0
2025-10-01 14:45:00+05:30,24849.15,24867.95,24816.2,24822.5,0
2025-10-01 15:15:00+05:30,24824.0,24853.4,24821.2,24853.4,0
2025-10-03 09:15:00+05:30,24759.55,24855.7,24747.55,24789.1,0
2025-10-03 09:45:00+05:30,24788.55,24833.8,24773.55,24798.35,0
2025-10-03 10:15:00+05:30,24798.5,24822.35,24779.95,24782.85,0
2025-10-03 10:45:00+05:30,24782.55,24816.1,24772.95,24815.6,0
2025-10-03 11:15:00+05:30,24815.05,24832.55,24810.45,24821.4,0
2025-10-03 11:45:00+05:30,24821.65,24850.75,24811.5,24840.4,0
2025-10-03 12:15:00+05:30,24839.95,24840.15,24796.8,24824.4,0
2025-10-03 12:45:00+05:30,24824.35,24847.0,24812.45,24843.65,0
2025-10-03 13:15:00+05:30,24843.25,24844.7,24811.95,24828.25,0
2025-10-03 13:45:00+05:30,24828.1,24841.7,24808.15,24809.05,0
2025-10-03 14:15:00+05:30,24808.15,24880.95,24808.15,24879.85,0
2025-10-03 14:45:00+05:30,24879.7,24904.8,24864.35,24888.5,0
2025-10-03 15:15:00+05:30,24888.95,24900.8,24879.5,24895.0,0
2025-10-06 09:15:00+05:30,24916.55,24947.2,24881.65,24944.8,0
2025-10-06 09:45:00+05:30,24945.3,24972.35,24937.3,24968.9,0
2025-10-06 10:15:00+05:30,24969.65,24989.95,24960.85,24976.6,0
2025-10-06 10:45:00+05:30,24976.75,25016.55,24964.2,25014.8,0
2025-10-06 11:15:00+05:30,25014.9,25015.55,24982.55,25006.2,0
2025-10-06 11:45:00+05:30,25005.6,25008.45,24984.45,25008.05,0
2025-10-06 12:15:00+05:30,25008.15,25016.4,24998.2,25014.9,0
2025-10-06 12:45:00+05:30,25014.05,25063.6,25012.6,25060.05,0
2025-10-06 13:15:00+05:30,25058.55,25088.4,25047.25,25074.3,0
2025-10-06 13:45:00+05:30,25074.2,25084.85,25026.15,25059.75,0
2025-10-06 14:15:00+05:30,25059.65,25072.85,25032.45,25064.95,0
2025-10-06 14:45:00+05:30,25067.5,25095.95,25048.5,25074.5,0
2025-10-06 15:15:00+05:30,25075.05,25084.65,25064.6,25072.55,0
2025-10-07 09:15:00+05:30,25085.3,25148.15,25076.3,25146.05,0
2025-10-07 09:45:00+05:30,25146.5,25202.2,25142.5,25183.65,0
2025-10-07 10:15:00+05:30,25185.15,25195.95,25161.35,25170.2,0
2025-10-07 10:45:00+05:30,25169.8,25173.45,25143.5,25152.2,0
2025-10-07 11:15:00+05:30,25152.0,25154.9,25098.2,25121.7,0
2025-10-07 11:45:00+05:30,25121.65,25175.3,25109.0,25154.3,0
2025-10-07 12:15:00+05:30,25154.25,25175.25,25140.6,25167.65,0
2025-10-07 12:45:00+05:30,25167.4,25193.7,25156.45,25188.1,0
2025-10-07 13:15:00+05:30,25188.65,25211.75,25165.85,25210.35,0
2025-10-07 13:45:00+05:30,25210.65,25217.05,25189.8,25212.55,0
2025-10-07 14:15:00+05:30,25212.25,25220.9,25123.3,25134.4,0
2025-10-07 14:45:00+05:30,25134.35,25167.25,25085.9,25091.0,0
2025-10-07 15:15:00+05:30,25091.6,25121.55,25088.6,25112.8,0
2025-10-08 09:15:00+05:30,25079.75,25192.5,25078.0,25177.4,0
2025-10-08 09:45:00+05:30,25178.15,25178.3,25137.3,25149.55,0
2025-10-08 10:15:00+05:30,25148.35,25152.85,25112.1,25125.9,0
2025-10-08 10:45:00+05:30,25125.65,25126.35,25041.45,25042.65,0
2025-10-08 11:15:00+05:30,25042.05,25057.4,25022.5,25038.3,0
2025-10-08 11:45:00+05:30,25038.3,25069.85,25029.45,25051.1,0
2025-10-08 12:15:00+05:30,25050.85,25052.2,25008.5,25040.25,0
2025-10-08 12:45:00+05:30,25038.95,25103.9,25038.95,25098.05,0
2025-10-08 13:15:00+05:30,25096.65,25128.75,25079.2,25117.3,0
2025-10-08 13:45:00+05:30,25116.9,25134.35,25051.15,25070.3,0
2025-10-08 14:15:00+05:30,25073.2,25084.85,25052.75,25068.4,0
2025-10-08 14:45:00+05:30,25069.1,25083.9,25032.4,25036.4,0
2025-10-08 15:15:00+05:30,25035.85,25047.4,25022.35,25023.8,0
2025-10-09 09:15:00+05:30,25074.3,25120.35,25039.1,25068.0,0
2025-10-09 09:45:00+05:30,25067.8,25083.1,25024.3,25041.8,0
2025-10-09 10:15:00+05:30,25042.05,25109.65,25032.75,25100.25,0
2025-10-09 10:45:00+05:30,25100.35,25157.7,25076.95,25152.55,0
2025-10-09 11:15:00+05:30,25152.85,25174.6,25131.05,25154.4,0
2025-10-09 11:45:00+05:30,25154.9,25181.25,25122.9,25140.0,0
2025-10-09 12:15:00+05:30,25140.35,25161.4,25121.45,25138.3,0
2025-10-09 12:45:00+05:30,25138.1,25154.05,25119.75,25132.95,0
2025-10-09 13:15:00+05:30,25132.9,25157.5,25127.7,25151.3,0
2025-10-09 13:45:00+05:30,25150.75,25182.45,25139.1,25140.25,0
2025-10-09 14:15:00+05:30,25139.7,25165.55,25120.5,25153.55,0
2025-10-09 14:45:00+05:30,25153.9,25199.25,25126.4,25177.7,0
2025-10-09 15:15:00+05:30,25177.45,25194.45,25160.9,25170.3,0
2025-10-10 09:15:00+05:30,25167.65,25269.85,25156.85,25268.1,0
2025-10-10 09:45:00+05:30,25268.3,25285.1,25248.75,25262.45,0
2025-10-10 10:15:00+05:30,25262.45,25300.1,25257.75,25258.7,0
2025-10-10 10:45:00+05:30,25259.45,25311.15,25258.35,25309.95,0
2025-10-10 11:15:00+05:30,25310.35,25315.55,25266.85,25284.35,0
2025-10-10 11:45:00+05:30,25284.8,25298.6,25274.8,25286.3,0
2025-10-10 12:15:00+05:30,25286.6,25305.95,25274.35,25303.75,0
2025-10-10 12:45:00+05:30,25304.15,25321.7,25292.5,25306.2,0
2025-10-10 13:15:00+05:30,25308.0,25330.75,25279.55,25316.25,0
2025-10-10 13:45:00+05:30,25318.05,25324.6,25297.55,25305.8,0
2025-10-10 14:15:00+05:30,25305.7,25316.1,25294.1,25305.55,0
2025-10-10 14:45:00+05:30,25305.85,25306.4,25266.25,25284.2,0
2025-10-10 15:15:00+05:30,25283.0,25298.0,25276.2,25278.2,0
2025-10-13 09:15:00+05:30,25177.3,25241.95,25152.3,25216.25,0
2025-10-13 09:45:00+05:30,25216.5,25232.45,25173.0,25199.25,0
2025-10-13 10:15:00+05:30,25199.35,25229.4,25175.7,25206.2,0
2025-10-13 10:45:00+05:30,25206.6,25211.0,25181.95,25191.4,0
2025-10-13 11:15:00+05:30,25191.1,25195.7,25161.9,25179.45,0
2025-10-13 11:45:00+05:30,25179.2,25203.4,25171.55,25189.65,0
2025-10-13 12:15:00+05:30,25187.15,25205.9,25175.65,25205.75,0
2025-10-13 12:45:00+05:30,25205.3,25212.25,25168.85,25210.0,0
2025-10-13 13:15:00+05:30,25209.05,25217.95,25177.9,25198.25,0
2025-10-13 13:45:00+05:30,25198.8,25222.4,25176.65,25207.5,0
2025-10-13 14:15:00+05:30,25210.75,25267.3,25195.55,25245.85,0
2025-10-13 14:45:00+05:30,25245.95,25256.55,25215.25,25220.45,0
2025-10-13 15:15:00+05:30,25221.1,25246.25,25220.15,25237.15,0
2025-10-14 09:15:00+05:30,25277.55,25310.35,25235.15,25236.85,0
2025-10-14 09:45:00+05:30,25236.7,25246.85,25176.25,25196.7,0
2025-10-14 10:15:00+05:30,25196.65,25224.1,25164.75,25219.05,0
2025-10-14 10:45:00+05:30,25218.25,25240.25,25159.3,25174.0,0
2025-10-14 11:15:00+05:30,25173.65,25173.95,25115.55,25144.85,0
2025-10-14 11:45:00+05:30,25144.15,25169.2,25101.7,25118.35,0
2025-10-14 12:15:00+05:30,25118.45,25128.5,25060.55,25066.3,0
2025-10-14 12:45:00+05:30,25067.15,25107.7,25062.65,25084.05,0
2025-10-14 13:15:00+05:30,25084.55,25137.95,25079.55,25121.8,0
2025-10-14 13:45:00+05:30,25120.95,25137.9,25095.05,25122.75,0
2025-10-14 14:15:00+05:30,25123.0,25197.45,25099.2,25178.65,0
2025-10-14 14:45:00+05:30,25177.65,25192.9,25134.75,25144.8,0
2025-10-14 15:15:00+05:30,25145.25,25161.4,25112.7,25123.35,0
2025-10-15 09:15:00+05:30,25181.95,25267.95,25159.35,25224.7,0
2025-10-15 09:45:00+05:30,25225.9,25252.45,25209.1,25251.25,0
2025-10-15 10:15:00+05:30,25250.55,25300.55,25250.05,25292.05,0
2025-10-15 10:45:00+05:30,25292.1,25326.45,25276.75,25292.6,0
2025-10-15 11:15:00+05:30,25292.25,25322.9,25288.8,25304.85,0
2025-10-15 11:45:00+05:30,25304.2,25315.65,25288.25,25288.25,0
2025-10-15 12:15:00+05:30,25289.3,25321.5,25282.7,25319.85,0
2025-10-15 12:45:00+05:30,25319.7,25336.15,25307.0,25325.5,0
2025-10-15 13:15:00+05:30,25326.9,25365.15,25324.95,25350.25,0
2025-10-15 13:45:00+05:30,25350.8,25356.95,25311.9,25326.9,0
2025-10-15 14:15:00+05:30,25328.25,25337.95,25312.45,25330.5,0
2025-10-15 14:45:00+05:30,25331.05,25333.95,25287.1,25327.95,0
2025-10-15 15:15:00+05:30,25328.2,25336.65,25323.85,25327.75,0
2025-10-16 09:15:00+05:30,25394.9,25440.95,25376.85,25431.4,0
2025-10-16 09:45:00+05:30,25431.05,25452.75,25422.35,25423.45,0
2025-10-16 10:15:00+05:30,25423.65,25461.3,25417.55,25458.95,0
2025-10-16 10:45:00+05:30,25459.15,25472.65,25453.9,25462.25,0
2025-10-16 11:15:00+05:30,25461.75,25468.45,25445.25,25447.1,0
2025-10-16 11:45:00+05:30,25447.0,25478.15,25441.6,25477.0,0
2025-10-16 12:15:00+05:30,25476.9,25516.7,25474.75,25506.65,0
2025-10-16 12:45:00+05:30,25507.1,25525.8,25493.35,25524.0,0
2025-10-16 13:15:00+05:30,25523.8,25543.85,25504.1,25539.5,0
2025-10-16 13:45:00+05:30,25539.2,25577.05,25524.5,25551.85,0
2025-10-16 14:15:00+05:30,25552.65,25621.85,25552.6,25607.85,0
2025-10-16 14:45:00+05:30,25608.75,25625.4,25566.65,25568.55,0
2025-10-16 15:15:00+05:30,25567.8,25582.9,25565.9,25566.3,0
2025-10-17 09:15:00+05:30,25546.85,25623.95,25508.6,25618.9,0
2025-10-17 09:45:00+05:30,25619.05,25677.4,25562.55,25670.15,0
2025-10-17 10:15:00+05:30,25670.15,25699.05,25665.1,25689.7,0
2025-10-17 10:45:00+05:30,25692.95,25757.95,25684.9,25750.65,0
2025-10-17 11:15:00+05:30,25751.05,25776.75,25730.8,25743.35,0
2025-10-17 11:45:00+05:30,25742.05,25768.65,25710.4,25760.6,0
2025-10-17 12:15:00+05:30,25763.95,25781.5,25738.7,25756.4,0
2025-10-17 12:45:00+05:30,25757.65,25770.4,25652.8,25668.75,0
2025-10-17 13:15:00+05:30,25670.25,25705.2,25620.45,25663.2,0
2025-10-17 13:45:00+05:30,25664.55,25709.1,25632.85,25682.1,0
2025-10-17 14:15:00+05:30,25683.95,25742.0,25658.25,25731.1,0
2025-10-17 14:45:00+05:30,25732.8,25751.7,25698.55,25708.35,0
2025-10-17 15:15:00+05:30,25708.3,25717.35,25696.0,25704.7,0
2025-10-20 09:15:00+05:30,25824.6,25926.2,25809.6,25840.9,0
2025-10-20 09:45:00+05:30,25840.55,25858.65,25788.5,25856.55,0
2025-10-20 10:15:00+05:30,25859.2,25867.2,25816.35,25862.75,0
2025-10-20 10:45:00+05:30,25863.0,25892.95,25861.3,25873.8,0
2025-10-20 11:15:00+05:30,25874.9,25878.25,25822.35,25842.5,0
2025-10-20 11:45:00+05:30,25843.0,25856.2,25829.3,25855.25,0
2025-10-20 12:15:00+05:30,25854.55,25875.6,25833.85,25868.7,0
2025-10-20 12:45:00+05:30,25867.85,25910.25,25862.55,25898.4,0
2025-10-20 13:15:00+05:30,25897.9,25901.5,25870.05,25876.7,0
2025-10-20 13:45:00+05:30,25876.5,25885.0,25837.65,25861.05,0
2025-10-20 14:15:00+05:30,25860.5,25884.15,25805.8,25817.35,0
2025-10-20 14:45:00+05:30,25816.8,25859.65,25796.75,25846.3,0
2025-10-20 15:15:00+05:30,25845.15,25861.6,25839.55,25850.7,0
2025-10-21 13:45:00+05:30,25901.2,25934.35,25873.55,25896.9,0
2025-10-21 14:15:00+05:30,25897.0,25908.1,25826.3,25833.3,0
2025-10-23 09:15:00+05:30,26057.2,26095.7,25991.7,26074.3,0
2025-10-23 09:45:00+05:30,26073.85,26097.1,26040.3,26095.9,0
2025-10-23 10:15:00+05:30,26095.9,26099.7,26058.9,26071.4,0
2025-10-23 10:45:00+05:30,26071.65,26077.25,26044.0,26058.0,0
2025-10-23 11:15:00+05:30,26057.05,26064.2,26041.9,26056.55,0
2025-10-23 11:45:00+05:30,26056.4,26087.05,26056.35,26077.1,0
2025-10-23 12:15:00+05:30,26076.65,26097.3,26069.25,26088.15,0
2025-10-23 12:45:00+05:30,26089.35,26104.2,26038.45,26059.6,0
2025-10-23 13:15:00+05:30,26059.05,26079.3,26004.15,26026.5,0
2025-10-23 13:45:00+05:30,26025.9,26036.6,25946.2,25958.55,0
2025-10-23 14:15:00+05:30,25958.2,25992.45,25925.75,25980.95,0
2025-10-23 14:45:00+05:30,25981.6,25996.85,25863.3,25865.35,0
2025-10-23 15:15:00+05:30,25864.5,25900.3,25862.45,25870.3,0
2025-10-24 09:15:00+05:30,25935.1,25944.15,25840.3,25903.5,0
2025-10-24 09:45:00+05:30,25903.5,25904.15,25864.1,25876.2,0
2025-10-24 10:15:00+05:30,25875.75,25875.75,25811.05,25819.8,0
2025-10-24 10:45:00+05:30,25820.25,25835.45,25795.8,25827.3,0
2025-10-24 11:15:00+05:30,25826.3,25839.4,25783.75,25837.1,0
2025-10-24 11:45:00+05:30,25836.9,25857.85,25815.1,25850.45,0
2025-10-24 12:15:00+05:30,25850.25,25874.7,25827.0,25842.45,0
2025-10-24 12:45:00+05:30,25841.15,25845.7,25806.0,25825.95,0
2025-10-24 13:15:00+05:30,25826.4,25831.1,25721.6,25724.4,0
2025-10-24 13:45:00+05:30,25724.4,25774.4,25718.2,25755.4,0
2025-10-24 14:15:00+05:30,25755.4,25784.3,25747.9,25752.5,0
2025-10-24 14:45:00+05:30,25751.6,25807.75,25737.95,25799.5,0
2025-10-24 15:15:00+05:30,25798.95,25809.25,25790.15,25797.45,0
2025-10-27 09:15:00+05:30,25843.2,25945.35,25827.0,25937.2,0
2025-10-27 09:45:00+05:30,25937.4,25975.55,25920.7,25961.85,0
2025-10-27 10:15:00+05:30,25962.75,25978.85,25946.75,25963.5,0
2025-10-27 10:45:00+05:30,25963.75,25981.7,25949.55,25976.3,0
2025-10-27 11:15:00+05:30,25975.65,25986.95,25955.15,25957.25,0
2025-10-27 11:45:00+05:30,25957.2,26005.95,25946.25,25996.25,0
2025-10-27 12:15:00+05:30,25996.85,26001.1,25957.15,25974.3,0
2025-10-27 12:45:00+05:30,25974.9,25983.0,25956.3,25970.6,0
2025-10-27 13:15:00+05:30,25970.65,25971.0,25918.4,25944.65,0
2025-10-27 13:45:00+05:30,25944.45,25966.1,25934.45,25938.5,0
2025-10-27 14:15:00+05:30,25939.3,25984.9,25938.05,25967.05,0
2025-10-27 14:45:00+05:30,25967.2,25971.4,25926.75,25963.8,0
2025-10-27 15:15:00+05:30,25963.75,25981.0,25958.05,25974.0,0
2025-10-28 09:15:00+05:30,25939.95,26041.7,25929.65,26019.5,0
2025-10-28 09:45:00+05:30,26019.6,26027.3,25886.55,25905.25,0
2025-10-28 10:15:00+05:30,25905.1,25912.5,25865.05,25891.15,0
2025-10-28 10:45:00+05:30,25891.35,25904.35,25839.85,25852.3,0
2025-10-28 11:15:00+05:30,25852.25,25894.5,25844.7,25878.05,0
2025-10-28 11:45:00+05:30,25877.5,25899.4,25826.15,25843.65,0
2025-10-28 12:15:00+05:30,25843.95,25931.7,25829.65,25929.0,0
2025-10-28 12:45:00+05:30,25930.15,25949.05,25910.7,25926.35,0
2025-10-28 13:15:00+05:30,25926.05,25956.0,25879.6,25879.6,0
2025-10-28 13:45:00+05:30,25878.95,25901.7,25841.55,25873.7,0
2025-10-28 14:15:00+05:30,25872.65,25876.95,25810.05,25826.75,0
2025-10-28 14:45:00+05:30,25825.05,25948.75,25814.6,25943.0,0
2025-10-28 15:15:00+05:30,25941.85,25968.15,25940.55,25965.4,0
2025-10-29 09:15:00+05:30,25982.0,26025.05,25960.3,25972.3,0
2025-10-29 09:45:00+05:30,25970.55,26016.25,25965.0,25997.7,0
2025-10-29 10:15:00+05:30,25998.2,26064.55,25987.65,26046.15,0
2025-10-29 10:45:00+05:30,26045.8,26050.6,26017.7,26022.45,0
2025-10-29 11:15:00+05:30,26022.3,26053.95,26007.9,26049.6,0
2025-10-29 11:45:00+05:30,26049.55,26063.65,26024.45,26054.75,0
2025-10-29 12:15:00+05:30,26055.2,26076.55,26048.95,26073.0,0
2025-10-29 12:45:00+05:30,26073.05,26084.7,26056.95,26080.25,0
2025-10-29 13:15:00+05:30,26080.0,26097.85,26064.3,26072.0,0
2025-10-29 13:45:00+05:30,26072.65,26080.25,26038.9,26052.85,0
2025-10-29 14:15:00+05:30,26053.15,26082.4,26047.3,26055.75,0
2025-10-29 14:45:00+05:30,26056.95,26057.5,26015.3,26043.55,0
2025-10-29 15:15:00+05:30,26044.8,26075.5,26042.8,26068.3,0
2025-10-30 09:15:00+05:30,25984.4,26032.05,25915.3,25921.55,0
2025-10-30 09:45:00+05:30,25921.25,25959.85,25892.25,25959.45,0
2025-10-30 10:15:00+05:30,25959.5,25967.4,25912.3,25917.8,0
2025-10-30 10:45:00+05:30,25918.2,25957.4,25911.95,25956.1,0
2025-10-30 11:15:00+05:30,25956.3,25975.0,25930.7,25931.8,0
2025-10-30 11:45:00+05:30,25931.75,25940.4,25902.25,25912.25,0
2025-10-30 12:15:00+05:30,25911.85,25927.3,25896.9,25920.45,0
2025-10-30 12:45:00+05:30,25919.55,25927.6,25901.5,25923.05,0
2025-10-30 13:15:00+05:30,25924.0,25932.35,25867.15,25880.8,0
2025-10-30 13:45:00+05:30,25881.25,25893.65,25864.45,25889.35,0
2025-10-30 14:15:00+05:30,25887.75,25917.8,25872.05,25904.6,0
2025-10-30 14:45:00+05:30,25904.8,25911.75,25845.25,25873.75,0
2025-10-30 15:15:00+05:30,25874.6,25893.95,25873.8,25891.2,0
2025-10-31 09:15:00+05:30,25863.8,25953.75,25822.1,25926.65,0
2025-10-31 09:45:00+05:30,25926.55,25937.6,25865.1,25879.0,0
2025-10-31 10:15:00+05:30,25876.8,25876.8,25788.6,25818.75,0
2025-10-31 10:45:00+05:30,25818.2,25830.7,25763.35,25777.2,0
2025-10-31 11:15:00+05:30,25776.4,25809.55,25769.55,25806.25,0
2025-10-31 11:45:00+05:30,25805.25,25834.75,25791.35,25798.15,0
2025-10-31 12:15:00+05:30,25797.6,25811.7,25779.9,25791.45,0
2025-10-31 12:45:00+05:30,25790.4,25816.4,25784.55,25800.65,0
2025-10-31 13:15:00+05:30,25799.85,25809.85,25758.7,25765.35,0
2025-10-31 13:45:00+05:30,25764.1,25790.1,25753.65,25777.4,0
2025-10-31 14:15:00+05:30,25777.25,25786.4,25742.4,25774.25,0
2025-10-31 14:45:00+05:30,25772.75,25772.95,25712.75,25715.75,0
2025-10-31 15:15:00+05:30,25715.65,25736.25,25711.2,25732.55,0
2025-11-03 09:15:00+05:30,25696.85,25739.25,25645.5,25723.25,0
2025-11-03 09:45:00+05:30,25722.5,25761.95,25708.25,25712.35,0
2025-11-03 10:15:00+05:30,25711.85,25772.25,25695.35,25771.05,0
2025-11-03 10:45:00+05:30,25772.15,25773.45,25736.7,25753.9,0
2025-11-03 11:15:00+05:30,25753.95,25760.9,25723.85,25726.1,0
2025-11-03 11:45:00+05:30,25725.7,25737.4,25700.6,25702.7,0
2025-11-03 12:15:00+05:30,25703.1,25737.1,25697.0,25733.2,0
2025-11-03 12:45:00+05:30,25732.5,25759.8,25727.9,25752.1,0
2025-11-03 13:15:00+05:30,25752.0,25770.8,25738.2,25755.55,0
2025-11-03 13:45:00+05:30,25755.2,25780.75,25726.95,25770.8,0
2025-11-03 14:15:00+05:30,25771.1,25803.1,25770.25,25776.9,0
2025-11-03 14:45:00+05:30,25777.15,25777.15,25736.55,25765.95,0
2025-11-03 15:15:00+05:30,25765.6,25785.9,25761.75,25774.3,0
2025-11-04 09:15:00+05:30,25744.75,25787.4,25694.4,25718.6,0
2025-11-04 09:45:00+05:30,25717.9,25722.25,25685.1,25698.55,0
2025-11-04 10:15:00+05:30,25697.9,25717.9,25673.9,25693.45,0
2025-11-04 10:45:00+05:30,25693.1,25720.55,25677.0,25684.7,0
2025-11-04 11:15:00+05:30,25684.2,25692.05,25648.9,25662.45,0
2025-11-04 11:45:00+05:30,25661.75,25681.25,25659.8,25680.5,0
2025-11-04 12:15:00+05:30,25680.45,25690.4,25664.25,25679.35,0
2025-11-04 12:45:00+05:30,25679.35,25686.8,25654.0,25660.35,0
2025-11-04 13:15:00+05:30,25658.75,25683.05,25646.0,25675.05,0
2025-11-04 13:45:00+05:30,25673.95,25677.7,25607.4,25617.05,0
2025-11-04 14:15:00+05:30,25617.05,25634.65,25592.65,25609.9,0
2025-11-04 14:45:00+05:30,25610.4,25621.7,25584.35,25600.0,0
2025-11-04 15:15:00+05:30,25601.0,25602.95,25578.4,25586.25,0
2025-11-06 09:15:00+05:30,25593.35,25679.15,25587.2,25610.0,0
2025-11-06 09:45:00+05:30,25610.05,25639.7,25542.35,25542.75,0
2025-11-06 10:15:00+05:30,25542.9,25550.3,25520.75,25536.05,0
2025-11-06 10:45:00+05:30,25536.6,25575.25,25533.7,25560.5,0
2025-11-06 11:15:00+05:30,25560.7,25561.15,25525.0,25531.95,0
2025-11-06 11:45:00+05:30,25531.1,25574.4,25529.95,25546.65,0
2025-11-06 12:15:00+05:30,25546.65,25575.75,25530.55,25560.3,0
2025-11-06 12:45:00+05:30,25561.1,25616.85,25556.75,25583.6,0
2025-11-06 13:15:00+05:30,25584.2,25603.1,25565.6,25567.45,0
2025-11-06 13:45:00+05:30,25567.4,25573.7,25515.95,25552.95,0
2025-11-06 14:15:00+05:30,25552.25,25560.6,25520.6,25542.4,0
2025-11-06 14:45:00+05:30,25542.55,25564.6,25491.55,25500.6,0
2025-11-06 15:15:00+05:30,25500.35,25521.45,25498.7,25519.95,0
2025-11-07 09:15:00+05:30,25433.8,25447.1,25318.45,25354.25,0
2025-11-07 09:45:00+05:30,25356.15,25391.15,25331.05,25343.95,0
2025-11-07 10:15:00+05:30,25343.95,25385.9,25338.2,25379.1,0
2025-11-07 10:45:00+05:30,25379.3,25413.8,25354.2,25410.55,0
2025-11-07 11:15:00+05:30,25410.25,25471.35,25405.15,25446.95,0
2025-11-07 11:45:00+05:30,25447.85,25460.05,25425.1,25454.85,0
2025-11-07 12:15:00+05:30,25453.25,25484.45,25447.05,25483.05,0
2025-11-07 12:45:00+05:30,25482.8,25502.65,25472.55,25487.5,0
2025-11-07 13:15:00+05:30,25487.65,25547.85,25483.65,25537.2,0
2025-11-07 13:45:00+05:30,25537.2,25551.25,25456.6,25474.0,0
2025-11-07 14:15:00+05:30,25474.95,25540.5,25469.3,25512.75,0
2025-11-07 14:45:00+05:30,25512.85,25513.8,25473.1,25486.6,0
2025-11-07 15:15:00+05:30,25487.3,25516.1,25485.75,25510.05,0
2025-11-10 09:15:00+05:30,25503.5,25591.45,25503.5,25552.75,0
2025-11-10 09:45:00+05:30,25553.2,25595.75,25548.7,25576.0,0
2025-11-10 10:15:00+05:30,25575.9,25625.25,25575.2,25601.45,0
2025-11-10 10:45:00+05:30,25600.85,25632.0,25587.75,25629.9,0
2025-11-10 11:15:00+05:30,25629.1,25651.95,25625.95,25633.0,0
2025-11-10 11:45:00+05:30,25632.75,25644.5,25618.75,25624.3,0
2025-11-10 12:15:00+05:30,25623.1,25647.3,25620.3,25646.15,0
2025-11-10 12:45:00+05:30,25644.3,25653.45,25629.1,25630.25,0
2025-11-10 13:15:00+05:30,25630.75,25642.95,25607.55,25607.55,0
2025-11-10 13:45:00+05:30,25607.25,25625.3,25579.5,25618.9,0
2025-11-10 14:15:00+05:30,25620.2,25649.45,25601.15,25602.75,0
2025-11-10 14:45:00+05:30,25603.5,25614.25,25562.1,25565.45,0
2025-11-10 15:15:00+05:30,25565.05,25579.05,25563.55,25574.25,0
2025-11-11 09:15:00+05:30,25617.0,25637.6,25488.9,25529.65,0
2025-11-11 09:45:00+05:30,25529.45,25537.4,25486.65,25501.95,0
2025-11-11 10:15:00+05:30,25502.3,25512.3,25449.25,25458.2,0
2025-11-11 10:45:00+05:30,25458.2,25494.05,25451.8,25478.45,0
2025-11-11 11:15:00+05:30,25478.55,25499.35,25463.2,25496.6,0
2025-11-11 11:45:00+05:30,25496.45,25556.45,25495.4,25538.3,0
2025-11-11 12:15:00+05:30,25538.2,25590.55,25534.3,25572.9,0
2025-11-11 12:45:00+05:30,25572.35,25588.35,25558.85,25588.35,0
2025-11-11 13:15:00+05:30,25587.85,25648.35,25586.8,25626.45,0
2025-11-11 13:45:00+05:30,25626.45,25672.8,25622.25,25647.2,0
2025-11-11 14:15:00+05:30,25646.4,25699.9,25645.15,25663.45,0
2025-11-11 14:45:00+05:30,25662.85,25702.75,25660.75,25694.9,0
2025-11-11 15:15:00+05:30,25695.3,25715.8,25686.95,25705.55,0
2025-11-12 09:15:00+05:30,25834.3,25851.2,25781.15,25844.75,0
2025-11-12 09:45:00+05:30,25845.0,25864.45,25836.2,25839.85,0
2025-11-12 10:15:00+05:30,25839.75,25878.0,25829.95,25871.65,0
2025-11-12 10:45:00+05:30,25871.4,25884.2,25862.95,25881.9,0
2025-11-12 11:15:00+05:30,25882.6,25900.55,25878.5,25892.35,0
2025-11-12 11:45:00+05:30,25892.4,25907.85,25886.1,25888.75,0
2025-11-12 12:15:00+05:30,25887.9,25924.3,25887.15,25917.75,0
2025-11-12 12:45:00+05:30,25917.1,25926.75,25900.2,25923.25,0
2025-11-12 13:15:00+05:30,25922.95,25934.55,25903.05,25921.0,0
2025-11-12 13:45:00+05:30,25921.75,25927.1,25878.1,25893.3,0
2025-11-12 14:15:00+05:30,25893.2,25908.5,25869.6,25886.55,0
2025-11-12 14:45:00+05:30,25886.6,25898.45,25880.85,25884.4,0
2025-11-12 15:15:00+05:30,25884.35,25885.0,25853.55,25874.0,0
2025-11-13 09:15:00+05:30,25906.1,25906.8,25808.4,25857.0,0
2025-11-13 09:45:00+05:30,25856.3,25900.25,25855.55,25898.5,0
2025-11-13 10:15:00+05:30,25898.55,25930.0,25892.45,25928.45,0
2025-11-13 10:45:00+05:30,25928.3,25975.95,25925.6,25963.35,0
2025-11-13 11:15:00+05:30,25963.4,25978.5,25958.05,25963.2,0
2025-11-13 11:45:00+05:30,25963.15,25984.8,25959.1,25980.1,0
2025-11-13 12:15:00+05:30,25980.5,25987.6,25942.05,25949.3,0
2025-11-13 12:45:00+05:30,25949.9,25989.65,25936.85,25977.95,0
2025-11-13 13:15:00+05:30,25978.55,26010.7,25970.9,25998.6,0
2025-11-13 13:45:00+05:30,25998.6,26003.45,25871.1,25894.45,0
2025-11-13 14:15:00+05:30,25894.0,25939.95,25892.9,25924.05,0
2025-11-13 14:45:00+05:30,25923.8,25931.4,25866.1,25878.55,0
2025-11-13 15:15:00+05:30,25878.2,25903.1,25868.45,25884.1,0
2025-11-14 09:15:00+05:30,25767.9,25879.15,25766.3,25856.2,0
2025-11-14 09:45:00+05:30,25855.5,25866.75,25764.9,25780.05,0
2025-11-14 10:15:00+05:30,25779.7,25804.8,25751.7,25770.1,0
2025-11-14 10:45:00+05:30,25769.85,25864.05,25768.1,25855.25,0
2025-11-14 11:15:00+05:30,25854.75,25863.1,25786.15,25789.95,0
2025-11-14 11:45:00+05:30,25789.1,25834.95,25788.3,25826.4,0
2025-11-14 12:15:00+05:30,25824.75,25839.25,25802.5,25811.05,0
2025-11-14 12:45:00+05:30,25810.75,25816.4,25781.75,25799.6,0
2025-11-14 13:15:00+05:30,25799.0,25820.2,25759.3,25762.45,0
2025-11-14 13:45:00+05:30,25758.25,25777.6,25740.8,25774.4,0
2025-11-14 14:15:00+05:30,25772.85,25802.7,25757.15,25789.65,0
2025-11-14 14:45:00+05:30,25790.8,25940.2,25759.1,25930.2,0
2025-11-14 15:15:00+05:30,25930.95,25936.8,25906.3,25916.8,0
2025-11-17 09:15:00+05:30,25948.2,25978.95,25906.35,25971.4,0
2025-11-17 09:45:00+05:30,25971.4,25979.8,25944.3,25949.3,0
2025-11-17 10:15:00+05:30,25949.45,25971.35,25924.75,25936.0,0
2025-11-17 10:45:00+05:30,25936.05,25954.2,25929.3,25946.2,0
2025-11-17 11:15:00+05:30,25946.8,25950.55,25915.1,25943.15,0
2025-11-17 11:45:00+05:30,25943.5,25973.8,25933.7,25967.65,0
2025-11-17 12:15:00+05:30,25968.5,25990.7,25962.7,25987.2,0
2025-11-17 12:45:00+05:30,25986.85,25996.9,25972.8,25980.95,0
2025-11-17 13:15:00+05:30,25980.35,25997.7,25965.65,25993.5,0
2025-11-17 13:45:00+05:30,25993.7,26023.25,25987.85,26010.5,0
2025-11-17 14:15:00+05:30,26011.2,26013.25,25980.0,25981.15,0
2025-11-17 14:45:00+05:30,25981.4,26014.95,25977.2,26012.4,0
2025-11-17 15:15:00+05:30,26013.15,26024.2,26009.35,26014.3,0
2025-11-18 09:15:00+05:30,26021.8,26029.85,25930.15,25952.05,0
2025-11-18 09:45:00+05:30,25949.15,25959.05,25881.9,25895.85,0
2025-11-18 10:15:00+05:30,25895.25,25917.65,25877.1,25891.8,0
2025-11-18 10:45:00+05:30,25891.95,25936.2,25886.65,25933.9,0
2025-11-18 11:15:00+05:30,25932.6,25956.65,25924.2,25956.35,0
2025-11-18 11:45:00+05:30,25956.7,25983.2,25955.15,25962.5,0
2025-11-18 12:15:00+05:30,25962.5,25964.25,25930.8,25940.95,0
2025-11-18 12:45:00+05:30,25940.8,25965.2,25927.6,25953.5,0
2025-11-18 13:15:00+05:30,25952.95,25987.8,25952.95,25978.4,0
2025-11-18 13:45:00+05:30,25978.5,25997.15,25964.7,25988.7,0
2025-11-18 14:15:00+05:30,25988.45,25994.95,25952.6,25955.05,0
2025-11-18 14:45:00+05:30,25955.25,25960.05,25897.35,25897.75,0
2025-11-18 15:15:00+05:30,25896.95,25909.05,25876.5,25894.7,0
2025-11-19 09:15:00+05:30,25918.1,25933.65,25856.2,25909.3,0
2025-11-19 09:45:00+05:30,25909.8,25954.85,25883.8,25952.1,0
2025-11-19 10:15:00+05:30,25952.3,25979.15,25951.45,25963.1,0
2025-11-19 10:45:00+05:30,25962.7,25969.75,25925.6,25927.0,0
2025-11-19 11:15:00+05:30,25927.2,25972.1,25917.8,25968.9,0
2025-11-19 11:45:00+05:30,25969.25,25999.75,25968.8,25993.3,0
2025-11-19 12:15:00+05:30,25993.5,26031.7,25993.5,26017.6,0
2025-11-19 12:45:00+05:30,26016.25,26038.9,26012.3,26027.9,0
2025-11-19 13:15:00+05:30,26029.0,26030.65,25987.3,26004.55,0
2025-11-19 13:45:00+05:30,26004.75,26034.0,25993.4,26033.0,0
2025-11-19 14:15:00+05:30,26033.1,26074.65,26032.55,26061.5,0
2025-11-19 14:45:00+05:30,26062.65,26066.3,26046.85,26059.1,0
2025-11-19 15:15:00+05:30,26059.25,26059.65,26041.15,26052.7,0
2025-11-20 09:15:00+05:30,26132.1,26136.0,26063.2,26077.95,0
2025-11-20 09:45:00+05:30,26077.5,26105.9,26068.2,26099.65,0
2025-11-20 10:15:00+05:30,26100.7,26130.85,26097.4,26128.4,0
2025-11-20 10:45:00+05:30,26128.25,26145.05,26124.1,26133.1,0
2025-11-20 11:15:00+05:30,26133.4,26148.65,26126.85,26145.75,0
2025-11-20 11:45:00+05:30,26145.75,26152.95,26125.85,26146.05,0
2025-11-20 12:15:00+05:30,26146.15,26175.35,26135.35,26170.35,0
2025-11-20 12:45:00+05:30,26170.05,26184.75,26167.6,26177.8,0
2025-11-20 13:15:00+05:30,26177.1,26215.35,26172.9,26206.1,0
2025-11-20 13:45:00+05:30,26206.15,26228.2,26200.85,26224.65,0
2025-11-20 14:15:00+05:30,26224.25,26246.65,26195.3,26195.3,0
2025-11-20 14:45:00+05:30,26195.05,26220.85,26169.6,26203.2,0
2025-11-20 15:15:00+05:30,26204.6,26205.25,26187.3,26197.4,0
2025-11-21 09:15:00+05:30,26109.55,26174.0,26094.45,26131.3,0
2025-11-21 09:45:00+05:30,26129.9,26130.15,26080.65,26087.4,0
2025-11-21 10:15:00+05:30,26088.0,26088.0,26055.95,26071.55,0
2025-11-21 10:45:00+05:30,26071.85,26110.55,26061.1,26106.7,0
2025-11-21 11:15:00+05:30,26107.2,26108.15,26070.95,26086.35,0
2025-11-21 11:45:00+05:30,26086.3,26126.35,26085.6,26123.9,0
2025-11-21 12:15:00+05:30,26124.55,26160.7,26122.55,26149.05,0
2025-11-21 12:45:00+05:30,26149.0,26179.2,26133.95,26135.55,0
2025-11-21 13:15:00+05:30,26136.4,26140.6,26101.35,26103.4,0
2025-11-21 13:45:00+05:30,26103.45,26148.7,26099.35,26147.15,0
2025-11-21 14:15:00+05:30,26146.75,26161.7,26127.45,26128.1,0
2025-11-21 14:45:00+05:30,26126.95,26133.45,26064.05,26069.35,0
2025-11-21 15:15:00+05:30,26070.15,26080.4,26052.2,26063.95,0
2025-11-24 09:15:00+05:30,26122.8,26137.55,26074.05,26074.9,0
2025-11-24 09:45:00+05:30,26076.2,26130.35,26064.7,26128.5,0
2025-11-24 10:15:00+05:30,26129.05,26142.8,26110.5,26130.95,0
2025-11-24 10:45:00+05:30,26131.9,26137.3,26094.4,26098.1,0
2025-11-24 11:15:00+05:30,26098.4,26130.95,26088.1,26117.15,0
2025-11-24 11:45:00+05:30,26117.3,26117.3,26063.2,26069.1,0
2025-11-24 12:15:00+05:30,26068.65,26089.35,26046.75,26078.0,0
2025-11-24 12:45:00+05:30,26078.2,26093.3,26065.65,26080.6,0
2025-11-24 13:15:00+05:30,26081.8,26096.05,26062.8,26086.55,0
2025-11-24 13:45:00+05:30,26088.35,26090.05,26034.55,26057.15,0
2025-11-24 14:15:00+05:30,26054.65,26060.05,26018.75,26025.7,0
2025-11-24 14:45:00+05:30,26027.1,26057.75,25952.3,25954.4,0
2025-11-24 15:15:00+05:30,25954.55,25960.65,25912.15,25943.35,0
2025-11-25 09:15:00+05:30,25998.5,26005.45,25924.15,25969.1,0
2025-11-25 09:45:00+05:30,25969.0,26025.5,25952.1,26018.6,0
2025-11-25 10:15:00+05:30,26019.35,26024.0,25991.4,25991.4,0
2025-11-25 10:45:00+05:30,25991.75,25991.9,25927.15,25945.2,0
2025-11-25 11:15:00+05:30,25945.25,25969.8,25942.35,25952.15,0
2025-11-25 11:45:00+05:30,25952.0,25994.75,25950.65,25981.4,0
2025-11-25 12:15:00+05:30,25981.6,25990.15,25954.35,25987.45,0
2025-11-25 12:45:00+05:30,25987.25,26009.3,25969.65,25990.25,0
2025-11-25 13:15:00+05:30,25990.0,26014.85,25983.35,25996.45,0
2025-11-25 13:45:00+05:30,25995.7,26029.15,25987.2,26020.25,0
2025-11-25 14:15:00+05:30,26020.6,26032.6,25942.9,25963.4,0
2025-11-25 14:45:00+05:30,25962.75,25966.85,25868.8,25886.0,0
2025-11-25 15:15:00+05:30,25886.05,25886.05,25857.5,25860.3,0
2025-11-26 09:15:00+05:30,25842.95,26025.8,25842.95,26024.1,0
2025-11-26 09:45:00+05:30,26024.75,26098.35,26024.1,26084.25,0
2025-11-26 10:15:00+05:30,26084.1,26093.4,26061.9,26091.65,0
2025-11-26 10:45:00+05:30,26092.1,26130.9,26092.1,26116.75,0
2025-11-26 11:15:00+05:30,26115.9,26139.3,26115.9,26121.05,0
2025-11-26 11:45:00+05:30,26121.2,26161.2,26116.7,26156.95,0
2025-11-26 12:15:00+05:30,26157.2,26171.8,26147.25,26170.45,0
2025-11-26 12:45:00+05:30,26169.85,26195.4,26160.15,26184.1,0
2025-11-26 13:15:00+05:30,26183.5,26194.6,26151.9,26173.25,0
2025-11-26 13:45:00+05:30,26173.7,26212.8,26163.15,26197.6,0
2025-11-26 14:15:00+05:30,26197.6,26199.65,26166.05,26187.55,0
2025-11-26 14:45:00+05:30,26189.45,26215.15,26159.05,26213.5,0
2025-11-26 15:15:00+05:30,26213.15,26213.15,26196.6,26203.5,0
2025-11-27 09:15:00+05:30,26261.25,26295.55,26208.9,26236.6,0
2025-11-27 09:45:00+05:30,26236.15,26306.95,26223.7,26282.7,0
2025-11-27 10:15:00+05:30,26283.9,26291.9,26265.65,26285.75,0
2025-11-27 10:45:00+05:30,26286.1,26310.45,26283.65,26297.65,0
2025-11-27 11:15:00+05:30,26299.15,26302.35,26262.75,26269.6,0
2025-11-27 11:45:00+05:30,26269.05,26270.35,26228.65,26244.0,0
2025-11-27 12:15:00+05:30,26245.0,26248.2,26214.95,26248.2,0
2025-11-27 12:45:00+05:30,26249.5,26256.95,26175.5,26177.25,0
2025-11-27 13:15:00+05:30,26176.95,26194.45,26141.9,26148.05,0
2025-11-27 13:45:00+05:30,26148.25,26197.25,26143.6,26180.5,0
2025-11-27 14:15:00+05:30,26181.6,26222.45,26172.3,26205.85,0
2025-11-27 14:45:00+05:30,26205.8,26228.2,26173.3,26212.65,0
2025-11-27 15:15:00+05:30,26213.2,26234.2,26207.6,26219.85,0
2025-11-28 09:15:00+05:30,26237.45,26256.15,26172.4,26225.1,0
2025-11-28 09:45:00+05:30,26224.9,26267.8,26213.75,26240.4,0
2025-11-28 10:15:00+05:30,26240.65,26274.5,26218.8,26274.45,0
2025-11-28 10:45:00+05:30,26273.95,26280.75,26245.15,26266.5,0
2025-11-28 11:15:00+05:30,26266.9,26273.25,26232.6,26247.95,0
2025-11-28 11:45:00+05:30,26246.95,26257.1,26232.85,26240.75,0
2025-11-28 12:15:00+05:30,26239.35,26240.55,26217.85,26230.0,0
2025-11-28 12:45:00+05:30,26229.85,26230.65,26204.0,26217.9,0
2025-11-28 13:15:00+05:30,26217.45,26234.9,26203.9,26217.7,0
2025-11-28 13:45:00+05:30,26217.0,26218.1,26194.0,26200.75,0
2025-11-28 14:15:00+05:30,26200.95,26222.45,26194.9,26205.55,0
2025-11-28 14:45:00+05:30,26205.3,26214.4,26196.15,26197.55,0
2025-11-28 15:15:00+05:30,26197.45,26213.65,26191.9,26204.55,0
2025-12-01 09:15:00+05:30,26325.8,26325.8,26270.35,26287.25,0
2025-12-01 09:45:00+05:30,26286.55,26297.65,26263.2,26284.95,0
2025-12-01 10:15:00+05:30,26283.65,26289.55,26256.75,26258.6,0
2025-12-01 10:45:00+05:30,26259.45,26259.65,26224.15,26242.4,0
2025-12-01 11:15:00+05:30,26242.6,26261.9,26207.55,26211.75,0
2025-12-01 11:45:00+05:30,26212.35,26217.4,26167.4,26175.65,0
2025-12-01 12:15:00+05:30,26175.9,26188.55,26148.95,26164.95,0
2025-12-01 12:45:00+05:30,26164.6,26188.5,26151.85,26186.95,0
2025-12-01 13:15:00+05:30,26187.05,26198.25,26164.65,26190.9,0
2025-12-01 13:45:00+05:30,26192.75,26228.95,26180.05,26213.85,0
2025-12-01 14:15:00+05:30,26214.55,26217.6,26171.55,26172.5,0
2025-12-01 14:45:00+05:30,26173.85,26189.15,26124.2,26179.5,0
2025-12-01 15:15:00+05:30,26179.65,26185.05,26166.95,26175.95,0
2025-12-02 09:15:00+05:30,26087.95,26154.6,26077.45,26079.3,0
2025-12-02 09:45:00+05:30,26078.75,26094.35,26055.65,26058.7,0
2025-12-02 10:15:00+05:30,26058.9,26094.35,26046.85,26074.65,0
2025-12-02 10:45:00+05:30,26074.85,26100.5,26069.65,26080.75,0
2025-12-02 11:15:00+05:30,26080.55,26085.3,26062.3,26063.3,0
2025-12-02 11:45:00+05:30,26063.3,26069.75,26040.75,26051.55,0
2025-12-02 12:15:00+05:30,26051.75,26085.1,26047.65,26060.6,0
2025-12-02 12:45:00+05:30,26060.95,26061.8,26031.4,26035.8,0
2025-12-02 13:15:00+05:30,26035.4,26046.8,26028.65,26036.65,0
2025-12-02 13:45:00+05:30,26037.35,26061.65,26028.95,26045.05,0
2025-12-02 14:15:00+05:30,26045.6,26046.75,26000.9,26010.0,0
2025-12-02 14:45:00+05:30,26010.0,26040.0,25997.85,26036.75,0
2025-12-02 15:15:00+05:30,26036.4,26060.3,26027.8,26057.0,0
2025-12-03 09:15:00+05:30,26004.9,26066.45,25921.85,25943.9,0
2025-12-03 09:45:00+05:30,25942.65,25952.8,25897.4,25928.2,0
2025-12-03 10:15:00+05:30,25929.4,25939.9,25896.25,25904.4,0
2025-12-03 10:45:00+05:30,25904.45,25926.7,25900.15,25919.65,0
2025-12-03 11:15:00+05:30,25919.75,25945.15,25891.0,25930.55,0
2025-12-03 11:45:00+05:30,25930.8,25962.0,25923.55,25952.8,0
2025-12-03 12:15:00+05:30,25951.95,25966.85,25916.0,25922.9,0
2025-12-03 12:45:00+05:30,25922.5,25941.85,25920.5,25938.1,0
2025-12-03 13:15:00+05:30,25936.1,25953.45,25924.1,25928.3,0
2025-12-03 13:45:00+05:30,25929.25,25955.5,25905.65,25948.35,0
2025-12-03 14:15:00+05:30,25948.6,25955.75,25918.45,25939.3,0
2025-12-03 14:45:00+05:30,25939.2,26005.55,25935.1,25992.45,0
2025-12-03 15:15:00+05:30,25992.75,25995.05,25976.35,25985.1,0
2025-12-04 09:15:00+05:30,25981.85,26029.95,25938.95,26028.15,0
2025-12-04 09:45:00+05:30,26027.4,26044.85,26013.85,26042.75,0
2025-12-04 10:15:00+05:30,26042.55,26098.25,26037.15,26092.7,0
2025-12-04 10:45:00+05:30,26093.1,26097.8,26068.55,26077.05,0
2025-12-04 11:15:00+05:30,26077.45,26077.45,26023.05,26028.8,0
2025-12-04 11:45:00+05:30,26028.75,26044.1,26014.4,26028.15,0
2025-12-04 12:15:00+05:30,26028.25,26030.75,26004.85,26009.55,0
2025-12-04 12:45:00+05:30,26010.0,26010.0,25989.25,26000.8,0
2025-12-04 13:15:00+05:30,26001.2,26027.6,25962.4,25976.3,0
2025-12-04 13:45:00+05:30,25976.65,26022.7,25970.05,26004.05,0
2025-12-04 14:15:00+05:30,26004.8,26020.85,25992.45,26000.6,0
2025-12-04 14:45:00+05:30,26000.55,26059.05,25988.15,26037.7,0
2025-12-04 15:15:00+05:30,26037.35,26040.9,26004.9,26017.1,0
2025-12-05 09:15:00+05:30,25999.8,26061.95,25985.35,26047.2,0
2025-12-05 09:45:00+05:30,26047.25,26102.05,26006.65,26078.55,0
2025-12-05 10:15:00+05:30,26077.15,26113.85,26007.25,26096.25,0
2025-12-05 10:45:00+05:30,26096.15,26146.35,26090.8,26143.5,0
2025-12-05 11:15:00+05:30,26142.95,26156.65,26128.6,26141.6,0
2025-12-05 11:45:00+05:30,26141.3,26149.25,26121.5,26130.15,0
2025-12-05 12:15:00+05:30,26130.1,26197.4,26127.45,26190.2,0
2025-12-05 12:45:00+05:30,26188.35,26202.6,26177.75,26180.95,0
2025-12-05 13:15:00+05:30,26180.25,26200.4,26179.8,26192.65,0
2025-12-05 13:45:00+05:30,26192.05,26198.65,26148.3,26165.1,0
2025-12-05 14:15:00+05:30,26165.2,26172.8,26144.6,26147.65,0
2025-12-05 14:45:00+05:30,26147.15,26196.7,26122.8,26188.65,0
2025-12-05 15:15:00+05:30,26187.55,26199.25,26176.4,26176.65,0
2025-12-08 09:15:00+05:30,26159.8,26178.7,26111.95,26130.35,0
2025-12-08 09:45:00+05:30,26129.5,26129.9,26068.5,26096.5,0
2025-12-08 10:15:00+05:30,26096.6,26109.15,26081.7,26096.8,0
2025-12-08 10:45:00+05:30,26096.2,26101.5,26051.75,26070.7,0
2025-12-08 11:15:00+05:30,26070.55,26077.85,26041.95,26067.7,0
2025-12-08 11:45:00+05:30,26067.7,26074.05,26032.7,26035.3,0
2025-12-08 12:15:00+05:30,26034.0,26050.3,26012.25,26015.75,0
2025-12-08 12:45:00+05:30,26015.0,26040.8,26004.5,26030.2,0
2025-12-08 13:15:00+05:30,26030.8,26031.15,25902.95,25923.1,0
2025-12-08 13:45:00+05:30,25923.0,25943.2,25908.45,25914.4,0
2025-12-08 14:15:00+05:30,25914.05,25933.25,25892.25,25928.7,0
2025-12-08 14:45:00+05:30,25929.1,25984.1,25922.25,25971.15,0
2025-12-08 15:15:00+05:30,25970.3,25973.35,25918.2,25932.8,0
2025-12-09 09:15:00+05:30,25867.1,25890.95,25754.65,25760.1,0
2025-12-09 09:45:00+05:30,25758.7,25790.75,25728.0,25784.05,0
2025-12-09 10:15:00+05:30,25784.1,25848.85,25778.85,25812.75,0
2025-12-09 10:45:00+05:30,25813.85,25868.15,25790.0,25865.0,0
2025-12-09 11:15:00+05:30,25865.15,25875.45,25823.2,25823.2,0
2025-12-09 11:45:00+05:30,25823.75,25899.95,25817.8,25892.15,0
2025-12-09 12:15:00+05:30,25893.1,25923.65,25869.95,25883.45,0
2025-12-09 12:45:00+05:30,25885.1,25891.45,25852.0,25875.55,0
2025-12-09 13:15:00+05:30,25877.0,25907.4,25864.35,25889.85,0
2025-12-09 13:45:00+05:30,25891.15,25903.5,25866.5,25884.65,0
2025-12-09 14:15:00+05:30,25886.1,25886.1,25801.6,25826.0,0
2025-12-09 14:45:00+05:30,25826.8,25855.6,25811.55,25835.35,0
2025-12-09 15:15:00+05:30,25836.35,25847.7,25831.8,25841.75,0
2025-12-10 09:15:00+05:30,25864.05,25916.9,25832.65,25905.75,0
2025-12-10 09:45:00+05:30,25906.1,25922.25,25876.65,25919.85,0
2025-12-10 10:15:00+05:30,25920.8,25947.65,25907.25,25921.45,0
2025-12-10 10:45:00+05:30,25922.2,25923.35,25822.35,25874.65,0
2025-12-10 11:15:00+05:30,25876.05,25880.8,25831.7,25839.25,0
2025-12-10 11:45:00+05:30,25840.25,25859.95,25817.35,25830.65,0
2025-12-10 12:15:00+05:30,25830.7,25839.35,25768.0,25771.55,0
2025-12-10 12:45:00+05:30,25772.55,25810.75,25768.9,25801.85,0
2025-12-10 13:15:00+05:30,25802.3,25850.2,25801.35,25825.05,0
2025-12-10 13:45:00+05:30,25825.35,25829.4,25750.15,25758.5,0
2025-12-10 14:15:00+05:30,25758.45,25788.7,25734.55,25751.05,0
2025-12-10 14:45:00+05:30,25752.5,25776.9,25739.4,25760.1,0
2025-12-10 15:15:00+05:30,25761.4,25767.4,25742.65,25742.65,0
2025-12-11 09:15:00+05:30,25771.4,25803.05,25693.25,25712.25,0
2025-12-11 09:45:00+05:30,25711.45,25807.75,25695.45,25807.55,0
2025-12-11 10:15:00+05:30,25805.5,25841.4,25788.55,25825.35,0
2025-12-11 10:45:00+05:30,25826.5,25844.5,25764.5,25797.45,0
2025-12-11 11:15:00+05:30,25797.5,25836.95,25789.9,25833.7,0
2025-12-11 11:45:00+05:30,25833.6,25889.9,25819.45,25876.6,0
2025-12-11 12:15:00+05:30,25878.6,25919.2,25869.0,25899.85,0
2025-12-11 12:45:00+05:30,25900.55,25903.4,25840.8,25855.15,0
2025-12-11 13:15:00+05:30,25854.05,25889.8,25850.55,25873.8,0
2025-12-11 13:45:00+05:30,25874.0,25901.85,25860.6,25866.2,0
2025-12-11 14:15:00+05:30,25863.25,25922.8,25863.25,25880.55,0
2025-12-11 14:45:00+05:30,25881.1,25907.8,25848.25,25895.45,0
2025-12-11 15:15:00+05:30,25895.1,25903.4,25891.05,25898.4,0
2025-12-12 09:15:00+05:30,25971.2,26038.4,25963.1,26024.85,0
2025-12-12 09:45:00+05:30,26024.6,26027.25,25968.6,25989.15,0
2025-12-12 10:15:00+05:30,25989.9,26008.25,25938.45,25960.85,0
2025-12-12 10:45:00+05:30,25962.55,26000.25,25949.15,25990.8,0
2025-12-12 11:15:00+05:30,25991.7,26020.95,25989.25,26014.65,0
2025-12-12 11:45:00+05:30,26014.15,26037.85,25998.95,26014.2,0
2025-12-12 12:15:00+05:30,26014.2,26037.85,26007.55,26016.75,0
2025-12-12 12:45:00+05:30,26016.8,26035.05,26009.05,26034.7,0
2025-12-12 13:15:00+05:30,26035.2,26035.8,26008.95,26023.1,0
2025-12-12 13:45:00+05:30,26023.5,26056.3,26018.05,26042.9,0
2025-12-12 14:15:00+05:30,26043.15,26045.5,26018.7,26026.95,0
2025-12-12 14:45:00+05:30,26027.2,26057.6,26015.8,26053.95,0
2025-12-12 15:15:00+05:30,26053.35,26054.5,26037.15,26043.0,0
2025-12-15 09:15:00+05:30,25930.05,26007.2,25910.25,25917.15,0
2025-12-15 09:45:00+05:30,25916.8,25962.2,25904.75,25961.35,0
2025-12-15 10:15:00+05:30,25961.35,25981.3,25946.95,25968.15,0
2025-12-15 10:45:00+05:30,25968.4,25997.55,25965.95,25980.95,0
2025-12-15 11:15:00+05:30,25980.85,25995.55,25961.55,25971.0,0
2025-12-15 11:45:00+05:30,25971.2,26028.25,25969.85,26018.55,0
2025-12-15 12:15:00+05:30,26019.55,26029.95,26007.7,26010.15,0
2025-12-15 12:45:00+05:30,26009.95,26045.0,26003.45,26042.1,0
2025-12-15 13:15:00+05:30,26041.95,26043.95,26023.4,26025.45,0
2025-12-15 13:45:00+05:30,26025.6,26038.05,25990.15,26009.85,0
2025-12-15 14:15:00+05:30,26009.5,26035.65,26007.4,26035.65,0
2025-12-15 14:45:00+05:30,26035.2,26047.15,26019.55,26030.05,0
2025-12-15 15:15:00+05:30,26029.85,26031.55,26013.35,26014.0,0
2025-12-16 09:15:00+05:30,25951.5,25980.75,25901.65,25926.65,0
2025-12-16 09:45:00+05:30,25926.0,25943.75,25879.3,25892.85,0
2025-12-16 10:15:00+05:30,25892.45,25922.7,25888.15,25905.3,0
2025-12-16 10:45:00+05:30,25904.85,25911.5,25890.85,25898.8,0
2025-12-16 11:15:00+05:30,25898.25,25911.2,25872.6,25875.1,0
2025-12-16 11:45:00+05:30,25875.65,25891.0,25870.45,25887.5,0
2025-12-16 12:15:00+05:30,25887.05,25914.45,25880.25,25894.35,0
2025-12-16 12:45:00+05:30,25893.7,25901.0,25875.85,25886.85,0
2025-12-16 13:15:00+05:30,25887.65,25916.25,25876.3,25905.15,0
2025-12-16 13:45:00+05:30,25904.95,25929.15,25875.9,25883.25,0
2025-12-16 14:15:00+05:30,25883.8,25884.55,25848.15,25865.9,0
2025-12-16 14:45:00+05:30,25866.45,25902.05,25854.75,25856.05,0
2025-12-16 15:15:00+05:30,25858.75,25858.75,25834.35,25851.35,0
2025-12-17 09:15:00+05:30,25902.4,25929.15,25855.65,25880.2,0
2025-12-17 09:45:00+05:30,25880.1,25890.0,25823.95,25840.15,0
2025-12-17 10:15:00+05:30,25840.0,25851.75,25809.1,25819.6,0
2025-12-17 10:45:00+05:30,25818.95,25843.6,25801.8,25842.05,0
2025-12-17 11:15:00+05:30,25843.25,25850.75,25806.7,25827.95,0
2025-12-17 11:45:00+05:30,25828.3,25851.3,25789.05,25796.25,0
2025-12-17 12:15:00+05:30,25796.6,25809.15,25783.75,25795.3,0
2025-12-17 12:45:00+05:30,25794.9,25812.85,25779.55,25791.45,0
2025-12-17 13:15:00+05:30,25792.25,25826.15,25781.75,25786.5,0
2025-12-17 13:45:00+05:30,25787.1,25800.25,25780.9,25798.5,0
2025-12-17 14:15:00+05:30,25799.5,25832.65,25770.35,25793.25,0
2025-12-17 14:45:00+05:30,25792.0,25831.55,25790.9,25816.25,0
2025-12-17 15:15:00+05:30,25817.15,25835.75,25809.2,25821.8,0
2025-12-18 09:15:00+05:30,25764.7,25827.15,25742.6,25745.1,0
2025-12-18 09:45:00+05:30,25745.1,25797.5,25726.3,25791.15,0
2025-12-18 10:15:00+05:30,25792.3,25863.95,25785.65,25852.4,0
2025-12-18 10:45:00+05:30,25852.85,25858.85,25825.8,25831.7,0
2025-12-18 11:15:00+05:30,25831.45,25860.5,25821.7,25851.55,0
2025-12-18 11:45:00+05:30,25851.7,25882.9,25842.15,25878.8,0
2025-12-18 12:15:00+05:30,25878.95,25899.05,25861.65,25893.85,0
2025-12-18 12:45:00+05:30,25894.15,25902.35,25873.1,25879.8,0
2025-12-18 13:15:00+05:30,25880.0,25880.0,25839.9,25844.55,0
2025-12-18 13:45:00+05:30,25845.9,25862.85,25802.15,25805.25,0
2025-12-18 14:15:00+05:30,25805.3,25833.95,25779.25,25792.55,0
2025-12-18 14:45:00+05:30,25792.5,25829.75,25770.85,25820.4,0
2025-12-18 15:15:00+05:30,25821.25,25826.2,25806.7,25815.65,0
2025-12-19 09:15:00+05:30,25911.5,25968.7,25880.45,25956.4,0
2025-12-19 09:45:00+05:30,25956.45,25970.4,25929.05,25935.6,0
2025-12-19 10:15:00+05:30,25935.45,25977.7,25931.35,25974.85,0
2025-12-19 10:45:00+05:30,25974.85,25979.25,25939.85,25954.75,0
2025-12-19 11:15:00+05:30,25953.5,25960.4,25913.4,25913.4,0
2025-12-19 11:45:00+05:30,25913.4,25955.7,25905.6,25943.95,0
2025-12-19 12:15:00+05:30,25944.55,25962.4,25929.55,25953.65,0
2025-12-19 12:45:00+05:30,25954.1,25959.3,25920.8,25930.2,0
2025-12-19 13:15:00+05:30,25930.3,25978.35,25926.8,25977.65,0
2025-12-19 13:45:00+05:30,25976.6,25985.2,25961.3,25967.5,0
2025-12-19 14:15:00+05:30,25967.95,25993.35,25963.55,25974.2,0
2025-12-19 14:45:00+05:30,25973.95,25983.05,25945.45,25969.85,0
2025-12-19 15:15:00+05:30,25968.5,25974.25,25955.6,25961.4,0
2025-12-22 09:15:00+05:30,26055.85,26136.9,26047.8,26124.2,0
2025-12-22 09:45:00+05:30,26124.45,26142.0,26111.9,26129.25,0
2025-12-22 10:15:00+05:30,26128.85,26134.8,26118.2,26124.1,0
2025-12-22 10:45:00+05:30,26123.7,26148.15,26119.8,26123.95,0
2025-12-22 11:15:00+05:30,26124.1,26139.4,26117.4,26133.9,0
2025-12-22 11:45:00+05:30,26134.0,26148.4,26132.35,26134.55,0
2025-12-22 12:15:00+05:30,26134.65,26154.45,26121.85,26121.85,0
2025-12-22 12:45:00+05:30,26121.8,26152.9,26111.75,26139.95,0
2025-12-22 13:15:00+05:30,26141.45,26157.95,26138.4,26144.35,0
2025-12-22 13:45:00+05:30,26144.0,26152.6,26125.85,26143.5,0
2025-12-22 14:15:00+05:30,26143.85,26179.15,26128.55,26159.25,0
2025-12-22 14:45:00+05:30,26159.35,26180.7,26154.4,26174.8,0
2025-12-22 15:15:00+05:30,26174.95,26176.45,26160.95,26162.75,0
2025-12-23 09:15:00+05:30,26205.2,26206.55,26120.65,26124.5,0
2025-12-23 09:45:00+05:30,26125.35,26196.6,26119.05,26184.65,0
2025-12-23 10:15:00+05:30,26185.6,26186.4,26162.8,26180.95,0
2025-12-23 10:45:00+05:30,26183.0,26195.45,26171.6,26189.75,0
2025-12-23 11:15:00+05:30,26190.85,26196.95,26166.8,26170.25,0
2025-12-23 11:45:00+05:30,26170.8,26195.45,26157.55,26187.4,0
2025-12-23 12:15:00+05:30,26187.8,26190.8,26167.1,26175.65,0
2025-12-23 12:45:00+05:30,26176.15,26198.95,26173.4,26186.65,0
2025-12-23 13:15:00+05:30,26187.65,26195.8,26179.8,26184.0,0
2025-12-23 13:45:00+05:30,26184.4,26206.1,26180.45,26203.4,0
2025-12-23 14:15:00+05:30,26203.95,26233.55,26166.85,26167.2,0
2025-12-23 14:45:00+05:30,26166.85,26206.65,26158.7,26184.0,0
2025-12-23 15:15:00+05:30,26181.95,26187.65,26158.95,26165.95,0
2025-12-24 09:15:00+05:30,26170.65,26229.55,26141.4,26215.7,0
2025-12-24 09:45:00+05:30,26217.6,26228.65,26203.35,26227.2,0
2025-12-24 10:15:00+05:30,26228.5,26236.4,26218.3,26218.3,0
2025-12-24 10:45:00+05:30,26220.1,26223.85,26198.05,26210.15,0
2025-12-24 11:15:00+05:30,26210.3,26221.0,26184.15,26185.45,0
2025-12-24 11:45:00+05:30,26186.7,26198.05,26178.65,26192.0,0
2025-12-24 12:15:00+05:30,26191.85,26209.1,26187.85,26193.1,0
2025-12-24 12:45:00+05:30,26192.35,26198.15,26173.2,26181.05,0
2025-12-24 13:15:00+05:30,26181.0,26181.5,26151.1,26160.1,0
2025-12-24 13:45:00+05:30,26159.1,26168.65,26139.45,26158.5,0
2025-12-24 14:15:00+05:30,26160.6,26162.5,26123.9,26139.7,0
2025-12-24 14:45:00+05:30,26140.3,26166.55,26123.0,26154.8,0
2025-12-24 15:15:00+05:30,26155.9,26157.65,26129.9,26141.65,0
2025-12-26 09:15:00+05:30,26121.25,26144.2,26081.7,26085.7,0
2025-12-26 09:45:00+05:30,26086.85,26102.1,26071.55,26091.45,0
2025-12-26 10:15:00+05:30,26090.35,26097.6,26078.45,26093.1,0
2025-12-26 10:45:00+05:30,26093.35,26095.05,26067.5,26072.8,0
2025-12-26 11:15:00+05:30,26072.3,26074.45,26049.8,26053.15,0
2025-12-26 11:45:00+05:30,26052.6,26064.65,26048.35,26062.25,0
2025-12-26 12:15:00+05:30,26062.0,26067.1,26034.3,26039.75,0
2025-12-26 12:45:00+05:30,26038.3,26044.1,26030.85,26042.15,0
2025-12-26 13:15:00+05:30,26041.75,26053.3,26041.75,26048.7,0
2025-12-26 13:45:00+05:30,26048.15,26054.35,26032.4,26044.15,0
2025-12-26 14:15:00+05:30,26042.5,26046.0,26013.55,26017.35,0
2025-12-26 14:45:00+05:30,26017.15,26051.35,26008.6,26048.3,0
2025-12-26 15:15:00+05:30,26048.25,26052.45,26031.05,26047.65,0
2025-12-29 09:15:00+05:30,26063.35,26106.8,26044.15,26080.4,0
2025-12-29 09:45:00+05:30,26079.75,26087.15,26026.75,26034.55,0
2025-12-29 10:15:00+05:30,26035.6,26037.75,26000.4,26003.4,0
2025-12-29 10:45:00+05:30,26003.65,26011.8,25979.0,25983.7,0
2025-12-29 11:15:00+05:30,25983.9,25984.25,25964.85,25976.0,0
2025-12-29 11:45:00+05:30,25976.5,25990.1,25969.05,25979.9,0
2025-12-29 12:15:00+05:30,25979.9,25982.05,25954.85,25959.7,0
2025-12-29 12:45:00+05:30,25960.55,25972.0,25952.0,25954.35,0
2025-12-29 13:15:00+05:30,25954.7,25956.9,25930.45,25940.4,0
2025-12-29 13:45:00+05:30,25940.85,25961.05,25937.15,25943.35,0
2025-12-29 14:15:00+05:30,25942.95,25972.45,25924.7,25936.1,0
2025-12-29 14:45:00+05:30,25936.9,25951.05,25920.3,25944.05,0
2025-12-29 15:15:00+05:30,25943.35,25953.35,25936.0,25949.8,0
2025-12-30 09:15:00+05:30,25940.9,25956.15,25878.0,25939.75,0
2025-12-30 09:45:00+05:30,25939.95,25954.7,25906.3,25943.25,0
2025-12-30 10:15:00+05:30,25943.75,25975.85,25943.4,25949.3,0
2025-12-30 10:45:00+05:30,25949.1,25949.95,25910.35,25921.45,0
2025-12-30 11:15:00+05:30,25921.7,25928.05,25892.5,25907.95,0
2025-12-30 11:45:00+05:30,25907.95,25917.45,25883.0,25884.8,0
2025-12-30 12:15:00+05:30,25885.45,25906.65,25881.8,25899.75,0
2025-12-30 12:45:00+05:30,25900.25,25913.65,25879.9,25890.35,0
2025-12-30 13:15:00+05:30,25891.2,25940.85,25887.8,25935.35,0
2025-12-30 13:45:00+05:30,25935.5,25960.35,25932.15,25943.6,0
2025-12-30 14:15:00+05:30,25942.25,25958.35,25915.45,25942.8,0
2025-12-30 14:45:00+05:30,25942.6,25957.35,25915.45,25942.0,0
2025-12-30 15:15:00+05:30,25940.45,25976.75,25936.6,25970.55,0
2025-12-31 09:15:00+05:30,25971.05,26028.0,25970.75,25973.25,0
2025-12-31 09:45:00+05:30,25973.65,26000.95,25969.0,25997.0,0
2025-12-31 10:15:00+05:30,25998.35,26047.25,25998.35,26040.95,0
2025-12-31 10:45:00+05:30,26042.4,26057.5,26029.9,26055.8,0
2025-12-31 11:15:00+05:30,26055.45,26071.4,26040.35,26068.55,0
2025-12-31 11:45:00+05:30,26068.7,26091.8,26058.75,26089.55,0
2025-12-31 12:15:00+05:30,26089.9,26123.35,26083.55,26122.6,0
2025-12-31 12:45:00+05:30,26121.4,26156.45,26120.9,26155.35,0
2025-12-31 13:15:00+05:30,26154.5,26164.2,26135.9,26149.0,0
2025-12-31 13:45:00+05:30,26146.5,26179.3,26146.5,26167.0,0
2025-12-31 14:15:00+05:30,26166.0,26185.3,26144.4,26184.0,0
2025-12-31 14:45:00+05:30,26184.15,26187.95,26115.05,26122.95,0
2025-12-31 15:15:00+05:30,26124.2,26141.85,26121.55,26141.85,0
2026-01-01 09:15:00+05:30,26173.3,26195.35,26149.25,26181.55,0
2026-01-01 09:45:00+05:30,26178.25,26197.55,26147.0,26151.15,0
2026-01-01 10:15:00+05:30,26151.65,26173.5,26117.7,26161.35,0
2026-01-01 10:45:00+05:30,26161.1,26185.6,26157.45,26170.5,0
2026-01-01 11:15:00+05:30,26170.5,26177.75,26142.6,26144.85,0
2026-01-01 11:45:00+05:30,26144.1,26158.2,26123.95,26125.0,0
2026-01-01 12:15:00+05:30,26124.35,26155.9,26113.4,26142.3,0
2026-01-01 12:45:00+05:30,26141.6,26162.55,26140.5,26151.45,0
2026-01-01 13:15:00+05:30,26150.8,26167.95,26129.7,26146.8,0
2026-01-01 13:45:00+05:30,26146.1,26176.2,26139.25,26168.0,0
2026-01-01 14:15:00+05:30,26166.85,26178.0,26149.3,26159.65,0
2026-01-01 14:45:00+05:30,26160.35,26168.6,26135.95,26142.85,0
2026-01-01 15:15:00+05:30,26142.55,26146.2,26126.8,26140.25,0
2026-01-02 09:15:00+05:30,26155.1,26249.65,26118.4,26248.05,0
2026-01-02 09:45:00+05:30,26248.35,26272.85,26238.65,26254.65,0
2026-01-02 10:15:00+05:30,26254.9,26266.2,26235.05,26253.65,0
2026-01-02 10:45:00+05:30,26253.7,26267.85,26243.3,26254.05,0
2026-01-02 11:15:00+05:30,26253.3,26289.05,26252.75,26285.5,0
2026-01-02 11:45:00+05:30,26285.6,26298.7,26275.05,26287.6,0
2026-01-02 12:15:00+05:30,26287.1,26312.4,26277.0,26303.05,0
2026-01-02 12:45:00+05:30,26301.65,26305.9,26286.7,26302.75,0
2026-01-02 13:15:00+05:30,26302.75,26314.55,26298.95,26304.6,0
2026-01-02 13:45:00+05:30,26304.7,26310.95,26295.8,26302.8,0
2026-01-02 14:15:00+05:30,26302.6,26315.05,26267.2,26271.8,0
2026-01-02 14:45:00+05:30,26272.1,26332.15,26265.85,26324.75,0
2026-01-02 15:15:00+05:30,26322.7,26340.0,26319.5,26335.7,0
2026-01-05 09:15:00+05:30,26333.7,26358.25,26263.6,26279.25,0
2026-01-05 09:45:00+05:30,26280.1,26342.3,26274.0,26339.15,0
2026-01-05 10:15:00+05:30,26339.1,26373.2,26333.95,26348.4,0
2026-01-05 10:45:00+05:30,26348.5,26365.0,26343.4,26359.25,0
2026-01-05 11:15:00+05:30,26358.95,26361.35,26313.85,26338.7,0
2026-01-05 11:45:00+05:30,26338.7,26341.15,26311.5,26333.2,0
2026-01-05 12:15:00+05:30,26334.2,26343.35,26329.5,26333.05,0
2026-01-05 12:45:00+05:30,26332.85,26349.35,26307.8,26308.75,0
2026-01-05 13:15:00+05:30,26308.15,26312.9,26279.85,26296.3,0
2026-01-05 13:45:00+05:30,26296.1,26296.1,26210.05,26226.75,0
2026-01-05 14:15:00+05:30,26226.8,26258.7,26210.8,26257.15,0
2026-01-05 14:45:00+05:30,26257.15,26282.9,26243.3,26249.25,0
2026-01-05 15:15:00+05:30,26249.85,26250.55,26232.6,26244.65,0
2026-01-06 09:15:00+05:30,26189.7,26238.6,26144.7,26199.35,0
2026-01-06 09:45:00+05:30,26199.3,26273.95,26197.8,26243.25,0
2026-01-06 10:15:00+05:30,26242.2,26252.9,26201.35,26212.1,0
2026-01-06 10:45:00+05:30,26211.75,26222.15,26192.65,26194.45,0
2026-01-06 11:15:00+05:30,26194.8,26196.6,26141.05,26193.6,0
2026-01-06 11:45:00+05:30,26193.0,26200.2,26153.0,26167.65,0
2026-01-06 12:15:00+05:30,26167.5,26169.8,26150.15,26163.7,0
2026-01-06 12:45:00+05:30,26163.75,26195.0,26156.2,26174.7,0
2026-01-06 13:15:00+05:30,26173.95,26174.7,26147.15,26164.1,0
2026-01-06 13:45:00+05:30,26163.65,26179.7,26125.8,26133.15,0
2026-01-06 14:15:00+05:30,26133.25,26153.85,26124.75,26149.7,0
2026-01-06 14:45:00+05:30,26149.8,26187.7,26147.65,26175.95,0
2026-01-06 15:15:00+05:30,26175.0,26186.5,26170.85,26174.65,0
2026-01-07 09:15:00+05:30,26143.1,26166.0,26104.3,26108.2,0
2026-01-07 09:45:00+05:30,26108.1,26168.2,26096.65,26167.25,0
2026-01-07 10:15:00+05:30,26167.75,26187.15,26125.2,26141.9,0
2026-01-07 10:45:00+05:30,26142.4,26184.75,26133.8,26151.6,0
2026-01-07 11:15:00+05:30,26151.7,26166.45,26131.8,26143.2,0
2026-01-07 11:45:00+05:30,26143.8,26144.35,26106.2,26112.1,0
2026-01-07 12:15:00+05:30,26112.55,26115.55,26078.55,26083.25,0
2026-01-07 12:45:00+05:30,26083.45,26114.0,26077.0,26102.9,0
2026-01-07 13:15:00+05:30,26103.25,26104.85,26067.9,26076.1,0
2026-01-07 13:45:00+05:30,26076.6,26106.15,26070.7,26098.85,0
2026-01-07 14:15:00+05:30,26099.25,26111.45,26083.2,26109.0,0
2026-01-07 14:45:00+05:30,26109.35,26152.95,26094.1,26151.8,0
2026-01-07 15:15:00+05:30,26153.4,26153.6,26133.75,26142.9,0
2026-01-08 09:15:00+05:30,26106.5,26133.2,26049.85,26090.7,0
2026-01-08 09:45:00+05:30,26090.65,26099.1,26047.9,26061.15,0
2026-01-08 10:15:00+05:30,26061.8,26062.0,26025.0,26031.6,0
2026-01-08 10:45:00+05:30,26031.85,26035.75,26000.95,26003.8,0
2026-01-08 11:15:00+05:30,26001.65,26008.2,25961.8,25974.15,0
2026-01-08 11:45:00+05:30,25974.2,25978.5,25884.15,25933.75,0
2026-01-08 12:15:00+05:30,25934.0,25945.4,25912.25,25924.45,0
2026-01-08 12:45:00+05:30,25924.75,25928.5,25900.75,25926.1,0
2026-01-08 13:15:00+05:30,25925.25,25928.2,25886.4,25907.6,0
2026-01-08 13:45:00+05:30,25907.3,25942.2,25905.2,25926.95,0
2026-01-08 14:15:00+05:30,25926.3,25946.2,25900.45,25928.2,0
2026-01-08 14:45:00+05:30,25928.55,25940.2,25860.2,25878.05,0
2026-01-08 15:15:00+05:30,25878.05,25882.15,25858.45,25868.9,0
2026-01-09 09:15:00+05:30,25840.4,25940.6,25818.35,25876.7,0
2026-01-09 09:45:00+05:30,25876.85,25901.95,25849.65,25856.6,0
2026-01-09 10:15:00+05:30,25858.0,25896.85,25838.55,25856.45,0
2026-01-09 10:45:00+05:30,25856.85,25868.4,25798.8,25799.0,0
2026-01-09 11:15:00+05:30,25800.15,25821.65,25753.7,25755.35,0
2026-01-09 11:45:00+05:30,25754.95,25761.75,25734.1,25739.35,0
2026-01-09 12:15:00+05:30,25740.45,25756.65,25674.5,25689.15,0
2026-01-09 12:45:00+05:30,25688.95,25699.45,25665.15,25691.05,0
2026-01-09 13:15:00+05:30,25691.05,25730.4,25681.3,25683.8,0
2026-01-09 13:45:00+05:30,25684.9,25692.95,25658.75,25660.15,0
2026-01-09 14:15:00+05:30,25662.85,25675.85,25623.0,25657.3,0
2026-01-09 14:45:00+05:30,25658.75,25703.0,25657.25,25695.05,0
2026-01-09 15:15:00+05:30,25694.15,25703.7,25677.05,25703.7,0
2026-01-12 09:15:00+05:30,25669.05,25700.95,25529.05,25557.6,0
2026-01-12 09:45:00+05:30,25558.4,25608.55,25546.0,25556.9,0
2026-01-12 10:15:00+05:30,25556.9,25598.2,25545.95,25563.15,0
2026-01-12 10:45:00+05:30,25561.8,25582.65,25529.55,25532.85,0
2026-01-12 11:15:00+05:30,25531.9,25532.95,25473.4,25480.6,0
2026-01-12 11:45:00+05:30,25481.45,25578.9,25474.5,25578.3,0
2026-01-12 12:15:00+05:30,25577.5,25737.25,25566.25,25723.05,0
2026-01-12 12:45:00+05:30,25723.35,25738.4,25673.1,25722.3,0
2026-01-12 13:15:00+05:30,25721.8,25757.9,25687.25,25730.45,0
2026-01-12 13:45:00+05:30,25730.55,25748.5,25715.1,25728.45,0
2026-01-12 14:15:00+05:30,25727.95,25770.9,25704.65,25760.8,0
2026-01-12 14:45:00+05:30,25760.35,25813.15,25755.2,25778.5,0
2026-01-12 15:15:00+05:30,25778.3,25807.95,25778.3,25806.1,0
2026-01-13 09:15:00+05:30,25897.35,25899.8,25709.85,25730.2,0
2026-01-13 09:45:00+05:30,25732.4,25789.75,25700.85,25738.1,0
2026-01-13 10:15:00+05:30,25738.9,25827.05,25726.1,25767.7,0
2026-01-13 10:45:00+05:30,25766.9,25799.6,25754.95,25788.6,0
2026-01-13 11:15:00+05:30,25788.0,25819.3,25775.7,25789.7,0
2026-01-13 11:45:00+05:30,25788.45,25790.4,25712.95,25713.7,0
2026-01-13 12:15:00+05:30,25712.8,25734.4,25687.95,25704.05,0
2026-01-13 12:45:00+05:30,25704.25,25707.6,25627.4,25658.45,0
2026-01-13 13:15:00+05:30,25658.2,25681.2,25639.6,25676.15,0
2026-01-13 13:45:00+05:30,25675.25,25686.65,25620.95,25636.55,0
2026-01-13 14:15:00+05:30,25636.25,25702.3,25603.3,25692.65,0
2026-01-13 14:45:00+05:30,25692.9,25757.15,25687.8,25737.4,0
2026-01-13 15:15:00+05:30,25738.85,25749.65,25710.45,25714.2,0
2026-01-14 09:15:00+05:30,25648.55,25750.45,25638.35,25706.65,0
2026-01-14 09:45:00+05:30,25704.9,25761.5,25674.4,25696.8,0
2026-01-14 10:15:00+05:30,25697.9,25718.9,25661.35,25675.0,0
2026-01-14 10:45:00+05:30,25674.95,25737.9,25662.0,25726.25,0
2026-01-14 11:15:00+05:30,25723.7,25777.35,25720.3,25761.15,0
2026-01-14 11:45:00+05:30,25760.95,25791.75,25742.2,25743.35,0
2026-01-14 12:15:00+05:30,25743.7,25780.9,25734.5,25753.45,0
2026-01-14 12:45:00+05:30,25753.5,25769.45,25736.05,25747.15,0
2026-01-14 13:15:00+05:30,25746.75,25757.3,25658.8,25659.35,0
2026-01-14 13:45:00+05:30,25659.85,25670.85,25631.2,25663.2,0
2026-01-14 14:15:00+05:30,25663.25,25680.3,25603.95,25676.65,0
2026-01-14 14:45:00+05:30,25676.4,25715.65,25649.4,25652.85,0
2026-01-14 15:15:00+05:30,25655.25,25677.4,25648.3,25669.1,0
2026-01-16 09:15:00+05:30,25696.05,25743.25,25678.4,25725.75,0
2026-01-16 09:45:00+05:30,25726.2,25789.5,25715.2,25784.95,0
2026-01-16 10:15:00+05:30,25784.2,25873.5,25783.9,25844.55,0
2026-01-16 10:45:00+05:30,25844.8,25863.9,25801.85,25812.5,0
2026-01-16 11:15:00+05:30,25812.4,25830.65,25797.15,25798.45,0
2026-01-16 11:45:00+05:30,25798.65,25826.6,25770.25,25824.65,0
2026-01-16 12:15:00+05:30,25823.95,25829.2,25737.8,25759.55,0
2026-01-16 12:45:00+05:30,25759.5,25767.85,25704.1,25717.05,0
2026-01-16 13:15:00+05:30,25717.75,25723.1,25662.4,25696.35,0
2026-01-16 13:45:00+05:30,25697.15,25717.1,25667.4,25688.05,0
2026-01-16 14:15:00+05:30,25687.65,25720.45,25671.7,25710.2,0
2026-01-16 14:45:00+05:30,25711.05,25716.15,25682.45,25682.45,0
2026-01-16 15:15:00+05:30,25682.85,25710.75,25681.6,25701.9,0
2026-01-19 09:15:00+05:30,25653.1,25653.3,25528.3,25565.6,0
2026-01-19 09:45:00+05:30,25564.75,25585.0,25504.85,25527.9,0
2026-01-19 10:15:00+05:30,25526.55,25547.6,25494.35,25513.55,0
2026-01-19 10:45:00+05:30,25513.85,25564.2,25511.9,25538.4,0
2026-01-19 11:15:00+05:30,25538.15,25547.0,25508.7,25545.9,0
2026-01-19 11:45:00+05:30,25546.05,25549.9,25512.75,25532.65,0
2026-01-19 12:15:00+05:30,25532.4,25556.25,25511.45,25527.0,0
2026-01-19 12:45:00+05:30,25526.95,25565.25,25510.65,25534.65,0
2026-01-19 13:15:00+05:30,25533.4,25564.8,25522.35,25549.9,0
2026-01-19 13:45:00+05:30,25548.25,25630.65,25540.8,25590.3,0
2026-01-19 14:15:00+05:30,25589.65,25621.7,25586.5,25614.9,0
2026-01-19 14:45:00+05:30,25614.65,25636.3,25585.7,25591.15,0
2026-01-19 15:15:00+05:30,25592.25,25594.1,25545.4,25555.5,0
2026-01-20 09:15:00+05:30,25580.3,25585.0,25453.85,25467.5,0
2026-01-20 09:45:00+05:30,25468.95,25489.5,25432.6,25468.7,0
2026-01-20 10:15:00+05:30,25471.65,25504.0,25457.35,25482.45,0
2026-01-20 10:45:00+05:30,25483.45,25491.85,25446.25,25449.6,0
2026-01-20 11:15:00+05:30,25450.6,25472.9,25443.85,25469.7,0
2026-01-20 11:45:00+05:30,25470.95,25492.5,25427.25,25437.35,0
2026-01-20 12:15:00+05:30,25439.05,25444.45,25409.0,25409.75,0
2026-01-20 12:45:00+05:30,25411.95,25436.9,25405.1,25415.95,0
2026-01-20 13:15:00+05:30,25416.3,25436.15,25361.45,25372.45,0
2026-01-20 13:45:00+05:30,25372.75,25389.2,25347.55,25360.75,0
2026-01-20 14:15:00+05:30,25361.45,25394.1,25332.95,25344.15,0
2026-01-20 14:45:00+05:30,25344.65,25355.25,25213.85,25217.05,0
2026-01-20 15:15:00+05:30,25215.05,25239.3,25171.35,25225.35,0
2026-01-21 09:15:00+05:30,25141.0,25277.75,25130.15,25199.45,0
2026-01-21 09:45:00+05:30,25199.65,25212.3,25137.95,25153.25,0
2026-01-21 10:15:00+05:30,25153.8,25159.1,25026.2,25029.0,0
2026-01-21 10:45:00+05:30,25029.1,25070.1,24919.8,25054.75,0
2026-01-21 11:15:00+05:30,25055.4,25077.2,25024.45,25040.05,0
2026-01-21 11:45:00+05:30,25041.0,25136.15,25040.9,25136.15,0
2026-01-21 12:15:00+05:30,25135.15,25245.85,25118.5,25226.7,0
2026-01-21 12:45:00+05:30,25225.9,25300.95,25221.5,25237.45,0
2026-01-21 13:15:00+05:30,25237.6,25242.4,25173.35,25195.7,0
2026-01-21 13:45:00+05:30,25195.15,25208.9,25132.85,25136.7,0
2026-01-21 14:15:00+05:30,25137.45,25202.05,25119.85,25150.1,0
2026-01-21 14:45:00+05:30,25149.0,25182.5,25135.35,25155.0,0
2026-01-21 15:15:00+05:30,25155.2,25171.7,25140.55,25168.1,0
2026-01-22 09:15:00+05:30,25344.15,25425.7,25302.45,25395.95,0
2026-01-22 09:45:00+05:30,25395.05,25435.75,25363.3,25376.0,0
2026-01-22 10:15:00+05:30,25376.5,25388.55,25245.25,25295.35,0
2026-01-22 10:45:00+05:30,25294.85,25298.45,25201.9,25215.75,0
2026-01-22 11:15:00+05:30,25215.95,25280.55,25197.8,25206.85,0
2026-01-22 11:45:00+05:30,25205.9,25241.5,25177.85,25237.1,0
2026-01-22 12:15:00+05:30,25237.15,25277.5,25210.45,25244.95,0
2026-01-22 12:45:00+05:30,25244.75,25262.5,25190.45,25191.95,0
2026-01-22 13:15:00+05:30,25192.05,25227.55,25169.4,25204.55,0
2026-01-22 13:45:00+05:30,25204.05,25245.0,25176.95,25178.35,0
2026-01-22 14:15:00+05:30,25178.8,25295.9,25168.5,25284.45,0
2026-01-22 14:45:00+05:30,25284.1,25318.2,25238.8,25288.55,0
2026-01-22 15:15:00+05:30,25288.45,25332.35,25287.6,25320.45,0
2026-01-23 09:15:00+05:30,25344.6,25347.95,25249.1,25285.7,0
2026-01-23 09:45:00+05:30,25287.6,25312.55,25263.5,25281.7,0
2026-01-23 10:15:00+05:30,25280.55,25320.8,25251.55,25293.35,0
2026-01-23 10:45:00+05:30,25293.25,25300.4,25261.05,25284.9,0
2026-01-23 11:15:00+05:30,25285.3,25289.9,25209.6,25211.6,0
2026-01-23 11:45:00+05:30,25211.45,25224.65,25183.65,25185.2,0
2026-01-23 12:15:00+05:30,25185.95,25236.6,25185.95,25223.05,0
2026-01-23 12:45:00+05:30,25223.3,25243.8,25180.25,25196.4,0
2026-01-23 13:15:00+05:30,25196.65,25197.35,25047.75,25049.55,0
2026-01-23 13:45:00+05:30,25049.25,25078.05,25043.85,25063.4,0
2026-01-23 14:15:00+05:30,25064.05,25107.8,25041.0,25083.65,0
2026-01-23 14:45:00+05:30,25089.15,25106.15,25028.25,25045.85,0
2026-01-23 15:15:00+05:30,25046.5,25074.5,25025.3,25064.75,0
2026-01-27 09:15:00+05:30,25063.35,25147.6,24932.55,25147.6,0
2026-01-27 09:45:00+05:30,25148.8,25161.85,25083.35,25128.45,0
2026-01-27 10:15:00+05:30,25129.35,25184.95,25019.7,25030.0,0
2026-01-27 10:45:00+05:30,25028.85,25044.75,24979.05,25029.4,0
2026-01-27 11:15:00+05:30,25029.05,25157.85,25022.1,25154.65,0
2026-01-27 11:45:00+05:30,25154.15,25162.05,25083.6,25120.35,0
2026-01-27 12:15:00+05:30,25121.55,25138.2,25070.55,25079.55,0
2026-01-27 12:45:00+05:30,25081.2,25100.4,25056.5,25088.95,0
2026-01-27 13:15:00+05:30,25089.1,25132.25,25018.0,25045.25,0
2026-01-27 13:45:00+05:30,25046.15,25065.9,24998.25,25034.55,0
2026-01-27 14:15:00+05:30,25034.9,25108.65,25007.85,25087.6,0
2026-01-27 14:45:00+05:30,25088.9,25175.35,25088.3,25170.4,0
2026-01-27 15:15:00+05:30,25169.25,25246.65,25168.05,25234.1,0
2026-01-28 09:15:00+05:30,25258.85,25372.1,25225.7,25293.0,0
2026-01-28 09:45:00+05:30,25292.95,25316.4,25232.7,25248.1,0
2026-01-28 10:15:00+05:30,25248.3,25302.2,25234.05,25281.7,0
2026-01-28 10:45:00+05:30,25282.2,25330.6,25267.35,25325.6,0
2026-01-28 11:15:00+05:30,25325.35,25351.05,25292.3,25292.5,0
2026-01-28 11:45:00+05:30,25292.8,25339.5,25290.65,25313.8,0
2026-01-28 12:15:00+05:30,25313.8,25318.05,25258.95,25275.35,0
2026-01-28 12:45:00+05:30,25275.6,25281.05,25252.05,25276.25,0
2026-01-28 13:15:00+05:30,25276.6,25291.3,25207.0,25208.35,0
2026-01-28 13:45:00+05:30,25207.35,25242.8,25187.65,25209.05,0
2026-01-28 14:15:00+05:30,25208.65,25253.2,25201.1,25251.55,0
2026-01-28 14:45:00+05:30,25252.05,25344.5,25251.2,25329.65,0
2026-01-28 15:15:00+05:30,25329.75,25358.4,25329.75,25348.05,0
2026-01-29 09:15:00+05:30,25345.0,25359.35,25207.8,25210.7,0
2026-01-29 09:45:00+05:30,25209.0,25238.35,25159.8,25211.65,0
2026-01-29 10:15:00+05:30,25210.35,25228.85,25167.65,25190.0,0
2026-01-29 10:45:00+05:30,25191.05,25258.95,25183.55,25257.8,0
2026-01-29 11:15:00+05:30,25257.95,25296.9,25249.0,25269.45,0
2026-01-29 11:45:00+05:30,25270.2,25287.95,25240.0,25280.75,0
2026-01-29 12:15:00+05:30,25280.4,25309.05,25262.05,25282.5,0
2026-01-29 12:45:00+05:30,25282.3,25368.15,25276.45,25353.65,0
2026-01-29 13:15:00+05:30,25353.45,25404.1,25328.3,25402.5,0
2026-01-29 13:45:00+05:30,25403.45,25437.3,25383.65,25412.9,0
2026-01-29 14:15:00+05:30,25413.3,25454.7,25398.65,25440.25,0
2026-01-29 14:45:00+05:30,25439.7,25458.15,25407.6,25407.6,0
2026-01-29 15:15:00+05:30,25407.65,25431.65,25405.1,25422.1,0
2026-01-30 09:15:00+05:30,25247.55,25308.8,25218.95,25292.25,0
2026-01-30 09:45:00+05:30,25291.75,25323.15,25266.45,25314.3,0
2026-01-30 10:15:00+05:30,25315.8,25319.65,25268.95,25302.1,0
2026-01-30 10:45:00+05:30,25301.05,25312.65,25247.1,25255.45,0
2026-01-30 11:15:00+05:30,25255.35,25282.85,25232.0,25272.45,0
2026-01-30 11:45:00+05:30,25271.85,25294.85,25248.85,25294.7,0
2026-01-30 12:15:00+05:30,25293.65,25316.6,25270.6,25293.55,0
2026-01-30 12:45:00+05:30,25293.7,25306.15,25238.5,25247.05,0
2026-01-30 13:15:00+05:30,25247.4,25306.5,25213.65,25301.2,0
2026-01-30 13:45:00+05:30,25302.05,25370.7,25284.9,25352.45,0
2026-01-30 14:15:00+05:30,25353.5,25356.45,25303.95,25311.6,0
2026-01-30 14:45:00+05:30,25310.15,25368.8,25293.3,25319.7,0
2026-01-30 15:15:00+05:30,25321.0,25343.9,25309.6,25315.8,0
2026-02-01 09:15:00+05:30,25333.75,25342.55,25252.3,25333.35,0
2026-02-01 09:45:00+05:30,25332.6,25352.25,25264.85,25351.0,0
2026-02-01 10:15:00+05:30,25350.9,25387.55,25338.6,25371.3,0
2026-02-01 10:45:00+05:30,25370.7,25440.9,25348.9,25411.0,0
2026-02-01 11:15:00+05:30,25410.1,25412.35,25302.0,25311.55,0
2026-02-01 11:45:00+05:30,25311.45,25385.95,25203.4,25223.55,0
2026-02-01 12:15:00+05:30,25226.75,25244.8,24571.75,25013.15,0
2026-02-01 12:45:00+05:30,25005.4,25141.9,24949.15,25119.95,0
2026-02-01 13:15:00+05:30,25121.15,25148.95,25031.1,25077.1,0
2026-02-01 13:45:00+05:30,25078.0,25095.3,24983.55,25011.75,0
2026-02-01 14:15:00+05:30,25012.3,25091.55,24991.3,25035.05,0
2026-02-01 14:45:00+05:30,25033.7,25052.0,24847.45,24850.15,0
2026-02-01 15:15:00+05:30,24849.4,24850.55,24721.0,24768.0,0
2026-02-02 09:15:00+05:30,24796.5,24918.55,24726.85,24867.1,0
2026-02-02 09:45:00+05:30,24866.55,24942.95,24795.7,24826.15,0
2026-02-02 10:15:00+05:30,24825.5,24873.65,24799.9,24846.9,0
2026-02-02 10:45:00+05:30,24846.5,24864.35,24702.0,24728.45,0
2026-02-02 11:15:00+05:30,24727.0,24869.7,24679.4,24868.4,0
2026-02-02 11:45:00+05:30,24868.9,24914.05,24850.5,24910.45,0
2026-02-02 12:15:00+05:30,24910.45,24927.3,24861.95,24870.85,0
2026-02-02 12:45:00+05:30,24870.5,24963.3,24865.05,24935.2,0
2026-02-02 13:15:00+05:30,24936.2,24972.3,24851.35,24964.2,0
2026-02-02 13:45:00+05:30,24963.5,24984.45,24913.85,24943.2,0
2026-02-02 14:15:00+05:30,24942.45,24983.4,24921.65,24955.4,0
2026-02-02 14:45:00+05:30,24954.85,25093.3,24952.85,25086.45,0
2026-02-02 15:15:00+05:30,25085.85,25108.1,25069.5,25079.9,0
2026-02-03 09:15:00+05:30,26308.05,26341.2,25720.15,25727.3,0
2026-02-03 09:45:00+05:30,25726.3,25793.1,25641.3,25671.0,0
2026-02-03 10:15:00+05:30,25672.35,25821.65,25672.35,25798.3,0
2026-02-03 10:45:00+05:30,25798.3,25810.5,25746.7,25784.2,0
2026-02-03 11:15:00+05:30,25785.15,25863.15,25773.9,25851.55,0
2026-02-03 11:45:00+05:30,25851.2,25855.9,25813.15,25836.55,0
2026-02-03 12:15:00+05:30,25837.35,25838.6,25767.55,25796.05,0
2026-02-03 12:45:00+05:30,25796.45,25811.5,25780.1,25790.3,0
2026-02-03 13:15:00+05:30,25791.3,25811.45,25729.4,25800.8,0
2026-02-03 13:45:00+05:30,25802.05,25811.85,25755.6,25775.15,0
2026-02-03 14:15:00+05:30,25774.4,25788.1,25740.3,25746.6,0
2026-02-03 14:45:00+05:30,25746.2,25790.35,25696.85,25717.85,0
2026-02-03 15:15:00+05:30,25721.9,25749.45,25706.05,25714.8,0
2026-02-04 09:15:00+05:30,25675.05,25791.2,25563.95,25788.65,0
2026-02-04 09:45:00+05:30,25788.05,25801.8,25748.1,25782.3,0
2026-02-04 10:15:00+05:30,25782.55,25787.05,25709.55,25740.35,0
2026-02-04 10:45:00+05:30,25739.0,25760.15,25714.15,25723.95,0
2026-02-04 11:15:00+05:30,25724.0,25726.8,25685.95,25717.35,0
2026-02-04 11:45:00+05:30,25717.05,25742.55,25695.65,25742.55,0
2026-02-04 12:15:00+05:30,25741.7,25762.95,25723.6,25738.7,0
2026-02-04 12:45:00+05:30,25738.6,25740.95,25701.25,25736.75,0
2026-02-04 13:15:00+05:30,25735.9,25772.7,25727.85,25771.35,0
2026-02-04 13:45:00+05:30,25770.2,25791.7,25755.25,25790.9,0
2026-02-04 14:15:00+05:30,25789.95,25818.55,25788.35,25809.35,0
2026-02-04 14:45:00+05:30,25809.7,25812.65,25779.85,25783.1,0
2026-02-04 15:15:00+05:30,25783.0,25790.25,25737.5,25737.5,0
2026-02-05 09:15:00+05:30,25755.9,25757.65,25633.85,25635.15,0
2026-02-05 09:45:00+05:30,25635.15,25676.7,25612.9,25672.75,0
2026-02-05 10:15:00+05:30,25672.5,25700.45,25623.55,25642.65,0
2026-02-05 10:45:00+05:30,25642.8,25678.25,25611.6,25673.55,0
2026-02-05 11:15:00+05:30,25673.65,25680.2,25639.4,25666.3,0
2026-02-05 11:45:00+05:30,25666.35,25668.3,25627.1,25629.8,0
2026-02-05 12:15:00+05:30,25629.7,25634.95,25603.75,25617.45,0
2026-02-05 12:45:00+05:30,25617.2,25646.55,25606.75,25636.8,0
2026-02-05 13:15:00+05:30,25637.45,25657.3,25611.2,25635.9,0
2026-02-05 13:45:00+05:30,25635.8,25647.4,25579.5,25596.95,0
2026-02-05 14:15:00+05:30,25597.45,25640.35,25589.9,25624.05,0
2026-02-05 14:45:00+05:30,25624.25,25669.75,25609.05,25647.8,0
2026-02-05 15:15:00+05:30,25647.75,25649.75,25621.55,25641.6,0
2026-02-06 09:15:00+05:30,25605.8,25630.8,25522.25,25526.3,0
2026-02-06 09:45:00+05:30,25527.2,25570.8,25504.6,25515.8,0
2026-02-06 10:15:00+05:30,25515.8,25558.8,25496.1,25502.4,0
2026-02-06 10:45:00+05:30,25501.7,25576.4,25491.9,25576.4,0
2026-02-06 11:15:00+05:30,25577.8,25644.5,25564.6,25623.8,0
2026-02-06 11:45:00+05:30,25623.85,25657.9,25588.45,25611.05,0
2026-02-06 12:15:00+05:30,25611.7,25614.35,25536.7,25543.45,0
2026-02-06 12:45:00+05:30,25542.8,25573.15,25526.65,25561.45,0
2026-02-06 13:15:00+05:30,25562.1,25598.75,25549.1,25578.45,0
2026-02-06 13:45:00+05:30,25578.3,25633.3,25572.05,25612.3,0
2026-02-06 14:15:00+05:30,25612.15,25652.4,25601.9,25651.85,0
2026-02-06 14:45:00+05:30,25651.8,25703.8,25633.65,25698.5,0
2026-02-06 15:15:00+05:30,25697.75,25703.95,25660.2,25673.6,0
2026-02-09 09:15:00+05:30,25888.7,25922.25,25780.9,25793.05,0
2026-02-09 09:45:00+05:30,25792.9,25831.1,25790.35,25801.6,0
2026-02-09 10:15:00+05:30,25800.1,25852.35,25794.0,25852.35,0
2026-02-09 10:45:00+05:30,25852.8,25870.05,25844.5,25857.95,0
2026-02-09 11:15:00+05:30,25858.15,25868.35,25842.0,25851.0,0
2026-02-09 11:45:00+05:30,25850.45,25861.25,25830.5,25856.25,0
2026-02-09 12:15:00+05:30,25856.6,25861.45,25831.55,25835.95,0
2026-02-09 12:45:00+05:30,25836.0,25860.3,25819.95,25849.95,0
2026-02-09 13:15:00+05:30,25850.75,25860.0,25835.85,25853.3,0
2026-02-09 13:45:00+05:30,25854.05,25857.3,25835.5,25844.4,0
2026-02-09 14:15:00+05:30,25845.25,25864.4,25840.35,25843.8,0
2026-02-09 14:45:00+05:30,25844.95,25875.85,25836.25,25866.3,0
2026-02-09 15:15:00+05:30,25866.55,25870.55,25856.85,25863.3,0
2026-02-10 09:15:00+05:30,25922.65,25953.2,25870.45,25949.4,0
2026-02-10 09:45:00+05:30,25949.65,25965.7,25928.8,25944.35,0
2026-02-10 10:15:00+05:30,25944.4,25978.9,25942.0,25960.7,0
2026-02-10 10:45:00+05:30,25960.15,25971.7,25954.35,25959.65,0
2026-02-10 11:15:00+05:30,25960.05,25964.4,25941.9,25950.9,0
2026-02-10 11:45:00+05:30,25951.35,25965.4,25943.95,25963.65,0
2026-02-10 12:15:00+05:30,25964.35,25969.8,25950.85,25964.7,0
2026-02-10 12:45:00+05:30,25964.55,25989.45,25956.8,25977.75,0
2026-02-10 13:15:00+05:30,25978.0,25982.25,25908.85,25927.2,0
2026-02-10 13:45:00+05:30,25925.05,25936.05,25893.2,25918.7,0
2026-02-10 14:15:00+05:30,25918.15,25943.8,25903.85,25912.7,0
2026-02-10 14:45:00+05:30,25911.4,25967.4,25911.2,25933.95,0
2026-02-10 15:15:00+05:30,25934.3,25937.05,25906.05,25916.8,0
2026-02-11 09:15:00+05:30,25997.45,26009.4,25923.5,25937.85,0
2026-02-11 09:45:00+05:30,25937.8,25956.3,25909.85,25917.9,0
2026-02-11 10:15:00+05:30,25918.05,25981.3,25916.9,25969.05,0
2026-02-11 10:45:00+05:30,25968.0,25978.6,25938.9,25956.95,0
2026-02-11 11:15:00+05:30,25957.4,25979.05,25947.4,25956.15,0
2026-02-11 11:45:00+05:30,25956.45,25969.35,25933.95,25953.95,0
2026-02-11 12:15:00+05:30,25954.45,25955.45,25899.8,25911.2,0
2026-02-11 12:45:00+05:30,25911.2,25936.45,25900.9,25923.75,0
2026-02-11 13:15:00+05:30,25923.95,25969.2,25920.1,25955.35,0
2026-02-11 13:45:00+05:30,25955.1,25956.8,25925.55,25956.2,0
2026-02-11 14:15:00+05:30,25955.95,25964.1,25937.2,25944.9,0
2026-02-11 14:45:00+05:30,25945.45,25970.75,25940.3,25955.9,0
2026-02-11 15:15:00+05:30,25957.95,25958.65,25939.75,25945.35,0
2026-02-12 09:15:00+05:30,25906.7,25906.7,25822.3,25844.65,0
2026-02-12 09:45:00+05:30,25844.85,25880.9,25828.4,25880.85,0
2026-02-12 10:15:00+05:30,25881.8,25882.6,25850.6,25859.3,0
2026-02-12 10:45:00+05:30,25859.3,25865.55,25843.15,25849.15,0
2026-02-12 11:15:00+05:30,25849.55,25849.55,25813.05,25828.4,0
2026-02-12 11:45:00+05:30,25828.15,25836.1,25806.5,25828.9,0
2026-02-12 12:15:00+05:30,25829.8,25847.05,25827.95,25844.45,0
2026-02-12 12:45:00+05:30,25845.6,25859.85,25830.0,25835.75,0
2026-02-12 13:15:00+05:30,25836.45,25879.3,25830.75,25844.85,0
2026-02-12 13:45:00+05:30,25845.05,25847.35,25805.65,25817.55,0
2026-02-12 14:15:00+05:30,25818.2,25837.85,25794.55,25797.3,0
2026-02-12 14:45:00+05:30,25796.95,25840.7,25752.4,25807.45,0
2026-02-12 15:15:00+05:30,25805.35,25814.8,25790.4,25796.15,0
2026-02-13 09:15:00+05:30,25571.15,25630.35,25525.45,25560.85,0
2026-02-13 09:45:00+05:30,25560.75,25565.3,25529.35,25531.75,0
2026-02-13 10:15:00+05:30,25531.5,25584.3,25513.3,25574.1,0
2026-02-13 10:45:00+05:30,25573.3,25574.6,25533.05,25554.2,0
2026-02-13 11:15:00+05:30,25553.7,25555.95,25522.8,25549.6,0
2026-02-13 11:45:00+05:30,25550.8,25576.7,25543.4,25573.4,0
2026-02-13 12:15:00+05:30,25573.5,25606.05,25557.7,25584.0,0
2026-02-13 12:45:00+05:30,25585.15,25596.85,25531.65,25574.7,0
2026-02-13 13:15:00+05:30,25575.65,25586.85,25533.2,25539.2,0
2026-02-13 13:45:00+05:30,25538.9,25540.15,25499.9,25534.6,0
2026-02-13 14:15:00+05:30,25535.0,25538.4,25499.35,25511.75,0
2026-02-13 14:45:00+05:30,25511.45,25528.3,25472.05,25477.2,0
2026-02-13 15:15:00+05:30,25475.55,25489.8,25444.3,25460.55,0
2026-02-16 09:15:00+05:30,25423.6,25528.45,25372.7,25460.75,0
2026-02-16 09:45:00+05:30,25460.25,25556.5,25431.9,25551.45,0
2026-02-16 10:15:00+05:30,25551.45,25561.85,25518.9,25526.25,0
2026-02-16 10:45:00+05:30,25526.45,25537.1,25507.15,25534.55,0
2026-02-16 11:15:00+05:30,25533.85,25547.15,25511.35,25523.65,0
2026-02-16 11:45:00+05:30,25521.05,25555.2,25503.05,25545.7,0
2026-02-16 12:15:00+05:30,25545.4,25590.9,25532.95,25577.8,0
2026-02-16 12:45:00+05:30,25578.95,25584.85,25550.65,25571.35,0
2026-02-16 13:15:00+05:30,25571.45,25593.15,25564.35,25590.6,0
2026-02-16 13:45:00+05:30,25590.7,25594.15,25544.85,25580.35,0
2026-02-16 14:15:00+05:30,25581.1,25654.95,25574.0,25646.25,0
2026-02-16 14:45:00+05:30,25645.75,25697.0,25639.8,25686.75,0
2026-02-16 15:15:00+05:30,25687.05,25692.75,25673.0,25682.45,0
2026-02-17 09:15:00+05:30,25637.95,25664.85,25570.3,25642.95,0
2026-02-17 09:45:00+05:30,25642.2,25682.0,25632.4,25679.25,0
2026-02-17 10:15:00+05:30,25679.4,25730.35,25657.2,25661.3,0
2026-02-17 10:45:00+05:30,25661.6,25674.95,25642.75,25673.1,0
2026-02-17 11:15:00+05:30,25673.95,25745.75,25669.5,25722.35,0
2026-02-17 11:45:00+05:30,25722.75,25741.8,25718.8,25721.7,0
2026-02-17 12:15:00+05:30,25722.55,25753.85,25721.85,25738.7,0
2026-02-17 12:45:00+05:30,25738.25,25764.4,25713.9,25736.35,0
2026-02-17 13:15:00+05:30,25736.25,25761.95,25725.75,25744.7,0
2026-02-17 13:45:00+05:30,25744.8,25749.8,25667.8,25670.95,0
2026-02-17 14:15:00+05:30,25670.7,25733.45,25662.6,25717.3,0
2026-02-17 14:45:00+05:30,25717.3,25746.3,25691.15,25724.85,0
2026-02-17 15:15:00+05:30,25725.45,25731.85,25713.8,25716.0,0
2026-02-18 09:15:00+05:30,25752.65,25759.75,25697.75,25741.85,0
2026-02-18 09:45:00+05:30,25741.85,25744.45,25650.25,25661.95,0
2026-02-18 10:15:00+05:30,25663.85,25684.7,25645.15,25660.75,0
2026-02-18 10:45:00+05:30,25661.9,25709.0,25658.85,25700.05,0
2026-02-18 11:15:00+05:30,25700.7,25716.55,25676.55,25686.9,0
2026-02-18 11:45:00+05:30,25687.5,25718.4,25682.65,25709.85,0
2026-02-18 12:15:00+05:30,25710.5,25734.4,25703.65,25726.35,0
2026-02-18 12:45:00+05:30,25725.1,25742.05,25711.9,25731.5,0
2026-02-18 13:15:00+05:30,25730.95,25753.2,25717.8,25724.7,0
2026-02-18 13:45:00+05:30,25724.6,25757.35,25695.75,25756.8,0
2026-02-18 14:15:00+05:30,25756.95,25793.8,25750.6,25779.8,0
2026-02-18 14:45:00+05:30,25779.65,25828.05,25768.45,25821.95,0
2026-02-18 15:15:00+05:30,25820.05,25827.45,25805.05,25805.7,0
2026-02-19 09:15:00+05:30,25873.35,25885.3,25776.55,25779.9,0
2026-02-19 09:45:00+05:30,25780.95,25812.95,25749.45,25756.45,0
2026-02-19 10:15:00+05:30,25757.75,25765.85,25708.7,25735.05,0
2026-02-19 10:45:00+05:30,25735.2,25746.0,25713.85,25715.8,0
2026-02-19 11:15:00+05:30,25715.3,25720.7,25667.65,25678.9,0
2026-02-19 11:45:00+05:30,25679.35,25680.05,25601.0,25603.5,0
2026-02-19 12:15:00+05:30,25602.85,25639.7,25569.35,25582.55,0
2026-02-19 12:45:00+05:30,25580.7,25631.4,25567.75,25624.55,0
2026-02-19 13:15:00+05:30,25623.85,25636.25,25575.85,25600.55,0
2026-02-19 13:45:00+05:30,25600.5,25605.7,25545.3,25571.4,0
2026-02-19 14:15:00+05:30,25570.9,25609.95,25518.2,25518.25,0
2026-02-19 14:45:00+05:30,25517.95,25535.4,25440.25,25447.6,0
2026-02-19 15:15:00+05:30,25447.55,25447.55,25388.75,25416.45,0
2026-02-20 09:15:00+05:30,25406.55,25486.9,25379.75,25482.3,0
2026-02-20 09:45:00+05:30,25481.65,25524.7,25468.95,25480.45,0
2026-02-20 10:15:00+05:30,25479.9,25603.8,25479.9,25596.65,0
2026-02-20 10:45:00+05:30,25595.6,25606.5,25560.75,25561.85,0
2026-02-20 11:15:00+05:30,25561.7,25607.2,25561.7,25600.85,0
2026-02-20 11:45:00+05:30,25600.25,25620.7,25580.55,25603.1,0
2026-02-20 12:15:00+05:30,25602.45,25663.55,25602.1,25606.8,0
2026-02-20 12:45:00+05:30,25605.95,25623.85,25535.75,25554.6,0
2026-02-20 13:15:00+05:30,25554.5,25609.6,25532.0,25573.0,0
2026-02-20 13:45:00+05:30,25572.85,25611.8,25561.4,25602.15,0
2026-02-20 14:15:00+05:30,25601.65,25637.6,25585.9,25625.55,0
2026-02-20 14:45:00+05:30,25625.95,25652.85,25563.0,25571.95,0
2026-02-20 15:15:00+05:30,25570.85,25577.45,25538.9,25565.9,0
2026-02-23 09:15:00+05:30,25678.4,25771.45,25626.5,25730.25,0
2026-02-23 09:45:00+05:30,25732.2,25749.0,25705.15,25717.35,0
2026-02-23 10:15:00+05:30,25717.85,25733.7,25655.15,25656.95,0
2026-02-23 10:45:00+05:30,25658.0,25697.95,25646.6,25696.1,0
2026-02-23 11:15:00+05:30,25697.0,25699.2,25651.85,25667.65,0
2026-02-23 11:45:00+05:30,25668.0,25673.35,25631.65,25661.6,0
2026-02-23 12:15:00+05:30,25662.1,25685.0,25636.4,25685.0,0
2026-02-23 12:45:00+05:30,25684.45,25690.85,25631.55,25636.7,0
2026-02-23 13:15:00+05:30,25638.05,25680.3,25627.7,25663.1,0
2026-02-23 13:45:00+05:30,25664.75,25669.4,25609.35,25630.7,0
2026-02-23 14:15:00+05:30,25631.0,25709.45,25619.75,25670.05,0
2026-02-23 14:45:00+05:30,25671.05,25728.95,25668.1,25712.1,0
2026-02-23 15:15:00+05:30,25711.3,25722.5,25700.0,25704.0,0
2026-02-24 09:15:00+05:30,25641.8,25641.8,25482.85,25499.45,0
2026-02-24 09:45:00+05:30,25500.3,25535.6,25483.8,25484.7,0
2026-02-24 10:15:00+05:30,25484.0,25515.0,25474.35,25498.1,0
2026-02-24 10:45:00+05:30,25497.9,25512.5,25460.7,25505.85,0
2026-02-24 11:15:00+05:30,25505.7,25525.2,25497.1,25501.55,0
2026-02-24 11:45:00+05:30,25500.6,25503.45,25446.95,25466.05,0
2026-02-24 12:15:00+05:30,25464.5,25466.95,25415.1,25418.05,0
2026-02-24 12:45:00+05:30,25417.3,25433.25,25387.2,25424.6,0
2026-02-24 13:15:00+05:30,25424.6,25425.75,25327.6,25365.45,0
2026-02-24 13:45:00+05:30,25365.9,25443.55,25359.3,25440.5,0
2026-02-24 14:15:00+05:30,25440.05,25446.1,25381.25,25381.25,0
2026-02-24 14:45:00+05:30,25380.45,25443.6,25361.9,25421.2,0
2026-02-24 15:15:00+05:30,25422.2,25464.55,25416.65,25460.25,0
2026-02-25 09:15:00+05:30,25512.6,25594.95,25507.9,25561.75,0
2026-02-25 09:45:00+05:30,25561.65,25633.25,25559.15,25631.75,0
2026-02-25 10:15:00+05:30,25631.6,25652.6,25618.9,25619.9,0
2026-02-25 10:45:00+05:30,25619.05,25630.8,25607.5,25616.0,0
2026-02-25 11:15:00+05:30,25615.5,25620.0,25581.05,25588.0,0
2026-02-25 11:45:00+05:30,25589.85,25622.2,25586.3,25600.2,0
2026-02-25 12:15:00+05:30,25599.7,25615.5,25501.85,25504.3,0
2026-02-25 12:45:00+05:30,25504.5,25505.15,25440.05,25462.6,0
2026-02-25 13:15:00+05:30,25462.4,25485.2,25428.2,25462.05,0
2026-02-25 13:45:00+05:30,25462.35,25474.8,25430.15,25457.1,0
2026-02-25 14:15:00+05:30,25457.3,25502.45,25448.55,25471.45,0
2026-02-25 14:45:00+05:30,25471.6,25506.55,25439.95,25478.5,0
2026-02-25 15:15:00+05:30,25477.05,25488.25,25471.05,25478.65,0
2026-02-26 09:15:00+05:30,25556.3,25567.6,25487.85,25555.9,0
2026-02-26 09:45:00+05:30,25555.3,25572.95,25500.1,25558.25,0
2026-02-26 10:15:00+05:30,25558.6,25562.0,25519.55,25531.8,0
2026-02-26 10:45:00+05:30,25532.8,25551.55,25491.7,25523.25,0
2026-02-26 11:15:00+05:30,25522.75,25570.85,25458.05,25461.35,0
2026-02-26 11:45:00+05:30,25460.35,25490.65,25446.55,25459.3,0
2026-02-26 12:15:00+05:30,25458.05,25468.5,25400.95,25459.95,0
2026-02-26 12:45:00+05:30,25457.45,25460.7,25412.05,25428.55,0
2026-02-26 13:15:00+05:30,25428.2,25454.75,25403.4,25438.2,0
2026-02-26 13:45:00+05:30,25438.05,25460.55,25406.15,25453.45,0
2026-02-26 14:15:00+05:30,25456.65,25513.0,25427.0,25513.0,0
2026-02-26 14:45:00+05:30,25514.8,25527.15,25475.5,25486.15,0
2026-02-26 15:15:00+05:30,25486.95,25503.25,25482.95,25493.3,0
2026-02-27 09:15:00+05:30,25459.85,25476.4,25351.2,25364.4,0
2026-02-27 09:45:00+05:30,25363.8,25364.35,25308.6,25322.6,0
2026-02-27 10:15:00+05:30,25321.95,25346.45,25292.4,25315.25,0
2026-02-27 10:45:00+05:30,25315.25,25338.2,25304.25,25335.0,0
2026-02-27 11:15:00+05:30,25334.55,25341.65,25271.75,25295.1,0
2026-02-27 11:45:00+05:30,25295.15,25328.8,25284.8,25284.95,0
2026-02-27 12:15:00+05:30,25285.35,25313.15,25270.05,25277.2,0
2026-02-27 12:45:00+05:30,25276.75,25296.85,25268.7,25289.7,0
2026-02-27 13:15:00+05:30,25288.8,25313.75,25281.65,25300.75,0
2026-02-27 13:45:00+05:30,25300.25,25352.05,25300.25,25324.55,0
2026-02-27 14:15:00+05:30,25324.2,25328.9,25287.0,25293.8,0
2026-02-27 14:45:00+05:30,25294.1,25314.8,25141.3,25167.9,0
2026-02-27 15:15:00+05:30,25168.8,25189.1,25159.35,25181.8,0
2026-03-02 09:15:00+05:30,24659.25,24977.6,24645.1,24963.65,0
2026-03-02 09:45:00+05:30,24964.3,24989.35,24865.7,24884.85,0
2026-03-02 10:15:00+05:30,24885.35,24887.85,24812.25,24813.7,0
2026-03-02 10:45:00+05:30,24814.8,24868.7,24814.0,24843.2,0
2026-03-02 11:15:00+05:30,24844.8,24849.2,24797.45,24821.6,0
2026-03-02 11:45:00+05:30,24822.2,24842.8,24743.25,24744.55,0
2026-03-02 12:15:00+05:30,24743.5,24756.0,24684.25,24687.9,0
2026-03-02 12:45:00+05:30,24687.5,24711.8,24679.1,24695.5,0
2026-03-02 13:15:00+05:30,24695.65,24708.8,24655.55,24675.35,0
2026-03-02 13:45:00+05:30,24675.15,24795.5,24603.5,24787.4,0
2026-03-02 14:15:00+05:30,24787.5,24879.35,24722.5,24864.85,0
2026-03-02 14:45:00+05:30,24865.3,24904.8,24808.35,24904.8,0
2026-03-02 15:15:00+05:30,24905.25,24914.85,24845.2,24849.75,0
2026-03-04 09:15:00+05:30,24388.8,24476.95,24315.45,24408.75,0
2026-03-04 09:45:00+05:30,24410.95,24416.2,24305.4,24413.65,0
2026-03-04 10:15:00+05:30,24413.65,24437.35,24379.95,24390.75,0
2026-03-04 10:45:00+05:30,24391.65,24461.4,24375.7,24435.45,0
2026-03-04 11:15:00+05:30,24436.15,24438.9,24354.15,24362.2,0
2026-03-04 11:45:00+05:30,24364.05,24402.3,24354.3,24379.85,0
2026-03-04 12:15:00+05:30,24381.15,24387.5,24357.75,24382.55,0
2026-03-04 12:45:00+05:30,24383.35,24461.0,24379.95,24461.0,0
2026-03-04 13:15:00+05:30,24461.45,24477.45,24418.15,24462.6,0
2026-03-04 13:45:00+05:30,24463.5,24556.95,24415.75,24554.95,0
2026-03-04 14:15:00+05:30,24555.35,24584.15,24502.6,24578.75,0
2026-03-04 14:45:00+05:30,24579.1,24602.45,24457.45,24465.95,0
2026-03-04 15:15:00+05:30,24464.85,24482.15,24451.05,24473.95,0
2026-03-05 09:15:00+05:30,24615.95,24651.95,24530.05,24596.2,0
2026-03-05 09:45:00+05:30,24596.3,24656.7,24583.75,24596.25,0
2026-03-05 10:15:00+05:30,24597.05,24653.95,24538.55,24650.95,0
2026-03-05 10:45:00+05:30,24651.05,24672.8,24629.25,24643.2,0
2026-03-05 11:15:00+05:30,24639.85,24662.95,24588.55,24590.35,0
2026-03-05 11:45:00+05:30,24590.75,24616.3,24556.9,24615.5,0
2026-03-05 12:15:00+05:30,24615.65,24665.95,24592.9,24645.8,0
2026-03-05 12:45:00+05:30,24645.8,24660.85,24619.4,24639.65,0
2026-03-05 13:15:00+05:30,24640.7,24671.3,24605.8,24619.8,0
2026-03-05 13:45:00+05:30,24619.85,24635.1,24547.35,24553.75,0
2026-03-05 14:15:00+05:30,24554.15,24761.15,24529.4,24726.8,0
2026-03-05 14:45:00+05:30,24727.05,24854.2,24712.75,24714.8,0
2026-03-05 15:15:00+05:30,24716.0,24759.4,24706.05,24737.45,0
2026-03-06 09:15:00+05:30,24656.4,24700.9,24587.15,24678.85,0
2026-03-06 09:45:00+05:30,24678.35,24688.1,24616.95,24653.35,0
2026-03-06 10:15:00+05:30,24652.35,24675.65,24608.75,24620.15,0
2026-03-06 10:45:00+05:30,24620.8,24648.7,24575.15,24617.6,0
2026-03-06 11:15:00+05:30,24617.4,24654.55,24593.9,24616.4,0
2026-03-06 11:45:00+05:30,24616.5,24634.9,24605.45,24608.85,0
2026-03-06 12:15:00+05:30,24608.6,24623.35,24576.05,24599.85,0
2026-03-06 12:45:00+05:30,24599.8,24614.25,24583.8,24602.65,0
2026-03-06 13:15:00+05:30,24602.05,24623.5,24571.55,24594.95,0
2026-03-06 13:45:00+05:30,24596.6,24605.7,24543.2,24585.75,0
2026-03-06 14:15:00+05:30,24587.2,24616.45,24534.1,24543.45,0
2026-03-06 14:45:00+05:30,24543.5,24559.75,24431.3,24441.65,0
2026-03-06 15:15:00+05:30,24441.1,24474.4,24415.75,24469.4,0
2026-03-09 09:15:00+05:30,23868.05,23959.7,23697.8,23735.65,0
2026-03-09 09:45:00+05:30,23737.4,23834.15,23711.85,23806.2,0
2026-03-09 10:15:00+05:30,23805.0,23805.0,23744.85,23783.4,0
2026-03-09 10:45:00+05:30,23784.45,23896.0,23750.15,23819.5,0
2026-03-09 11:15:00+05:30,23818.45,23932.0,23787.35,23897.65,0
2026-03-09 11:45:00+05:30,23897.85,23910.5,23828.35,23855.35,0
2026-03-09 12:15:00+05:30,23855.6,23883.15,23834.1,23873.45,0
2026-03-09 12:45:00+05:30,23874.65,23918.2,23854.3,23869.7,0
2026-03-09 13:15:00+05:30,23870.0,23937.55,23853.85,23902.85,0
2026-03-09 13:45:00+05:30,23903.1,23911.55,23859.6,23883.6,0
2026-03-09 14:15:00+05:30,23884.55,23956.3,23863.95,23946.95,0
2026-03-09 14:45:00+05:30,23947.25,24078.15,23939.3,24047.7,0
2026-03-09 15:15:00+05:30,24047.15,24056.15,23994.7,24005.8,0
2026-03-10 09:15:00+05:30,24280.8,24303.8,24085.6,24153.45,0
2026-03-10 09:45:00+05:30,24152.95,24160.95,24079.95,24151.05,0
2026-03-10 10:15:00+05:30,24151.5,24224.8,24149.3,24217.05,0
2026-03-10 10:45:00+05:30,24217.2,24233.2,24173.95,24222.4,0
2026-03-10 11:15:00+05:30,24222.2,24255.3,24206.1,24250.1,0
2026-03-10 11:45:00+05:30,24250.0,24250.5,24172.5,24172.5,0
2026-03-10 12:15:00+05:30,24173.1,24191.5,24142.45,24147.05,0
2026-03-10 12:45:00+05:30,24147.6,24236.5,24142.75,24209.35,0
2026-03-10 13:15:00+05:30,24209.9,24262.85,24190.4,24238.55,0
2026-03-10 13:45:00+05:30,24238.5,24294.0,24215.6,24285.95,0
2026-03-10 14:15:00+05:30,24286.25,24296.65,24201.95,24224.6,0
2026-03-10 14:45:00+05:30,24224.85,24278.15,24208.5,24258.0,0
2026-03-10 15:15:00+05:30,24257.4,24302.5,24254.0,24286.15,0
2026-03-11 09:15:00+05:30,24231.85,24299.0,24172.75,24187.65,0
2026-03-11 09:45:00+05:30,24188.95,24207.5,24109.6,24116.5,0
2026-03-11 10:15:00+05:30,24117.1,24141.95,24069.85,24074.1,0
2026-03-11 10:45:00+05:30,24074.0,24114.1,24049.05,24071.4,0
2026-03-11 11:15:00+05:30,24073.75,24073.75,23986.0,24013.55,0
2026-03-11 11:45:00+05:30,24014.45,24023.85,23971.6,24011.6,0
2026-03-11 12:15:00+05:30,24012.55,24024.2,23969.7,24010.95,0
2026-03-11 12:45:00+05:30,24011.85,24011.85,23919.8,23929.65,0
2026-03-11 13:15:00+05:30,23930.7,24005.35,23913.45,23957.95,0
2026-03-11 13:45:00+05:30,23958.45,23966.25,23929.2,23939.95,0
2026-03-11 14:15:00+05:30,23940.95,23977.05,23892.0,23921.3,0
2026-03-11 14:45:00+05:30,23921.55,23930.4,23854.35,23861.9,0
2026-03-11 15:15:00+05:30,23864.2,23879.6,23834.3,23848.2,0
2026-03-12 09:15:00+05:30,23674.85,23690.85,23556.3,23602.65,0
2026-03-12 09:45:00+05:30,23606.2,23696.75,23595.05,23610.15,0
2026-03-12 10:15:00+05:30,23610.5,23721.05,23589.9,23692.7,0
2026-03-12 10:45:00+05:30,23693.4,23774.0,23669.3,23741.05,0
2026-03-12 11:15:00+05:30,23741.75,23756.65,23665.0,23711.35,0
2026-03-12 11:45:00+05:30,23712.45,23750.65,23688.1,23749.35,0
2026-03-12 12:15:00+05:30,23751.15,23759.2,23702.3,23715.8,0
2026-03-12 12:45:00+05:30,23716.7,23731.25,23656.4,23715.25,0
2026-03-12 13:15:00+05:30,23718.3,23833.15,23695.8,23789.9,0
2026-03-12 13:45:00+05:30,23789.35,23801.25,23701.95,23738.9,0
2026-03-12 14:15:00+05:30,23739.35,23758.15,23667.6,23673.8,0
2026-03-12 14:45:00+05:30,23673.15,23684.1,23605.55,23633.9,0
2026-03-12 15:15:00+05:30,23636.35,23652.15,23624.6,23639.35,0
2026-03-13 09:15:00+05:30,23462.5,23492.4,23415.25,23425.25,0
2026-03-13 09:45:00+05:30,23426.55,23426.85,23311.85,23329.8,0
2026-03-13 10:15:00+05:30,23330.95,23360.0,23305.75,23324.55,0
2026-03-13 10:45:00+05:30,23325.2,23379.55,23309.3,23321.65,0
2026-03-13 11:15:00+05:30,23323.55,23414.9,23309.65,23407.9,0
2026-03-13 11:45:00+05:30,23409.35,23410.6,23317.45,23336.15,0
2026-03-13 12:15:00+05:30,23338.9,23338.9,23193.55,23212.4,0
2026-03-13 12:45:00+05:30,23214.0,23250.2,23173.55,23175.7,0
2026-03-13 13:15:00+05:30,23178.35,23202.65,23131.15,23157.15,0
2026-03-13 13:45:00+05:30,23159.1,23205.5,23112.0,23201.85,0
2026-03-13 14:15:00+05:30,23203.65,23258.6,23182.75,23224.8,0
2026-03-13 14:45:00+05:30,23228.7,23231.2,23125.1,23162.55,0
2026-03-13 15:15:00+05:30,23161.45,23173.85,23138.5,23170.9,0
2026-03-16 09:15:00+05:30,23116.1,23284.65,23098.0,23240.5,0
2026-03-16 09:45:00+05:30,23240.2,23276.95,23143.25,23155.2,0
2026-03-16 10:15:00+05:30,23154.35,23154.35,23024.45,23052.05,0
2026-03-16 10:45:00+05:30,23053.5,23097.45,22955.25,23092.35,0
2026-03-16 11:15:00+05:30,23093.55,23218.15,23090.7,23149.5,0
2026-03-16 11:45:00+05:30,23149.9,23188.95,23138.1,23162.85,0
2026-03-16 12:15:00+05:30,23163.3,23196.45,23114.5,23154.8,0
2026-03-16 12:45:00+05:30,23154.15,23172.6,23086.35,23116.8,0
2026-03-16 13:15:00+05:30,23117.95,23168.95,23100.7,23108.25,0
2026-03-16 13:45:00+05:30,23107.45,23180.7,23092.85,23155.3,0
2026-03-16 14:15:00+05:30,23155.05,23450.8,23134.6,23427.85,0
2026-03-16 14:45:00+05:30,23429.85,23502.0,23388.75,23435.25,0
2026-03-16 15:15:00+05:30,23435.8,23436.05,23338.6,23355.6,0
2026-03-17 09:15:00+05:30,23493.2,23493.2,23346.6,23453.15,0
2026-03-17 09:45:00+05:30,23453.45,23537.1,23431.7,23525.85,0
2026-03-17 10:15:00+05:30,23525.75,23577.55,23443.0,23483.9,0
2026-03-17 10:45:00+05:30,23484.65,23533.9,23467.4,23471.45,0
2026-03-17 11:15:00+05:30,23470.45,23479.5,23355.7,23390.45,0
2026-03-17 11:45:00+05:30,23390.9,23450.05,23376.05,23435.15,0
2026-03-17 12:15:00+05:30,23435.15,23457.25,23380.35,23450.9,0
2026-03-17 12:45:00+05:30,23449.3,23533.5,23449.3,23532.95,0
2026-03-17 13:15:00+05:30,23533.95,23592.05,23504.15,23530.75,0
2026-03-17 13:45:00+05:30,23531.75,23608.95,23531.05,23600.0,0
2026-03-17 14:15:00+05:30,23600.4,23615.35,23526.85,23587.1,0
2026-03-17 14:45:00+05:30,23588.35,23656.8,23567.5,23607.05,0
2026-03-17 15:15:00+05:30,23607.65,23607.65,23546.55,23558.8,0
2026-03-18 09:15:00+05:30,23632.9,23738.9,23618.45,23721.75,0
2026-03-18 09:45:00+05:30,23720.35,23754.65,23640.7,23664.3,0
2026-03-18 10:15:00+05:30,23664.95,23746.0,23664.65,23723.35,0
2026-03-18 10:45:00+05:30,23721.65,23791.5,23721.1,23785.3,0
2026-03-18 11:15:00+05:30,23784.7,23835.95,23770.6,23817.95,0
2026-03-18 11:45:00+05:30,23816.9,23822.5,23772.15,23779.65,0
2026-03-18 12:15:00+05:30,23779.2,23789.95,23760.9,23778.2,0
2026-03-18 12:45:00+05:30,23777.7,23803.2,23764.95,23803.2,0
2026-03-18 13:15:00+05:30,23802.4,23844.8,23792.4,23844.4,0
2026-03-18 13:45:00+05:30,23845.45,23859.35,23809.6,23817.65,0
2026-03-18 14:15:00+05:30,23817.5,23862.25,23779.7,23780.6,0
2026-03-18 14:45:00+05:30,23780.55,23809.8,23766.9,23792.55,0
2026-03-18 15:15:00+05:30,23792.35,23792.9,23730.65,23764.1,0
2026-03-19 09:15:00+05:30,23197.75,23378.7,23180.95,23271.0,0
2026-03-19 09:45:00+05:30,23269.6,23273.35,23226.75,23236.65,0
2026-03-19 10:15:00+05:30,23234.75,23317.8,23204.05,23311.7,0
2026-03-19 10:45:00+05:30,23312.6,23312.6,23217.1,23220.95,0
2026-03-19 11:15:00+05:30,23221.35,23253.85,23207.55,23241.65,0
2026-03-19 11:45:00+05:30,23241.6,23268.75,23217.85,23265.5,0
2026-03-19 12:15:00+05:30,23265.5,23281.2,23229.3,23235.65,0
2026-03-19 12:45:00+05:30,23234.85,23277.3,23194.7,23200.25,0
2026-03-19 13:15:00+05:30,23200.35,23217.85,23172.15,23199.15,0
2026-03-19 13:45:00+05:30,23198.55,23203.75,23087.95,23111.3,0
2026-03-19 14:15:00+05:30,23111.55,23137.05,23083.75,23110.7,0
2026-03-19 14:45:00+05:30,23110.55,23111.55,22930.35,22987.25,0
2026-03-19 15:15:00+05:30,22987.55,23093.9,22977.65,23087.85,0
2026-03-20 09:15:00+05:30,23110.15,23319.7,23109.9,23228.95,0
2026-03-20 09:45:00+05:30,23230.6,23266.7,23220.7,23243.65,0
2026-03-20 10:15:00+05:30,23243.4,23301.8,23200.65,23290.15,0
2026-03-20 10:45:00+05:30,23290.6,23317.9,23263.15,23289.15,0
2026-03-20 11:15:00+05:30,23288.95,23345.15,23284.6,23286.9,0
2026-03-20 11:45:00+05:30,23287.4,23292.85,23210.9,23233.05,0
2026-03-20 12:15:00+05:30,23234.15,23234.15,23120.35,23205.75,0
2026-03-20 12:45:00+05:30,23206.5,23251.2,23202.6,23231.5,0
2026-03-20 13:15:00+05:30,23232.0,23272.4,23230.0,23232.0,0
2026-03-20 13:45:00+05:30,23233.7,23244.55,23185.25,23199.15,0
2026-03-20 14:15:00+05:30,23200.05,23205.75,23097.7,23098.25,0
2026-03-20 14:45:00+05:30,23099.4,23177.45,23067.6,23106.85,0
2026-03-20 15:15:00+05:30,23106.25,23139.8,23078.7,23134.65,0
2026-03-23 09:15:00+05:30,22824.35,22851.7,22634.55,22706.4,0
2026-03-23 09:45:00+05:30,22706.1,22706.65,22571.1,22572.3,0
2026-03-23 10:15:00+05:30,22571.95,22587.5,22529.05,22548.1,0
2026-03-23 10:45:00+05:30,22548.2,22583.65,22504.15,22554.75,0
2026-03-23 11:15:00+05:30,22554.6,22571.6,22508.3,22520.15,0
2026-03-23 11:45:00+05:30,22518.0,22564.0,22518.0,22535.35,0
2026-03-23 12:15:00+05:30,22534.25,22551.5,22478.15,22535.65,0
2026-03-23 12:45:00+05:30,22534.7,22555.9,22471.25,22489.1,0
2026-03-23 13:15:00+05:30,22489.7,22567.35,22482.85,22561.7,0
2026-03-23 13:45:00+05:30,22558.95,22661.15,22557.6,22618.7,0
2026-03-23 14:15:00+05:30,22619.65,22656.45,22515.25,22599.1,0
2026-03-23 14:45:00+05:30,22596.95,22646.55,22486.1,22509.25,0
2026-03-23 15:15:00+05:30,22509.55,22510.7,22478.1,22492.65,0
2026-03-24 09:15:00+05:30,22878.45,22899.6,22731.95,22744.8,0
2026-03-24 09:45:00+05:30,22747.3,22773.65,22681.6,22708.1,0
2026-03-24 10:15:00+05:30,22706.95,22766.8,22624.2,22667.9,0
2026-03-24 10:45:00+05:30,22667.55,22723.5,22629.4,22698.25,0
2026-03-24 11:15:00+05:30,22699.4,22770.15,22689.55,22754.65,0
2026-03-24 11:45:00+05:30,22754.35,22827.8,22745.85,22761.45,0
2026-03-24 12:15:00+05:30,22761.9,22989.2,22753.35,22955.2,0
2026-03-24 12:45:00+05:30,22956.95,23026.1,22911.35,22990.5,0
2026-03-24 13:15:00+05:30,22990.75,23057.3,22958.4,23037.5,0
2026-03-24 13:45:00+05:30,23037.6,23047.9,22950.6,22992.35,0
2026-03-24 14:15:00+05:30,22993.2,23037.9,22882.65,22909.65,0
2026-03-24 14:45:00+05:30,22909.25,22932.1,22875.35,22898.65,0
2026-03-24 15:15:00+05:30,22901.15,22961.7,22881.3,22958.4,0
2026-03-25 09:15:00+05:30,23064.4,23278.05,23063.2,23270.9,0
2026-03-25 09:45:00+05:30,23272.95,23310.35,23246.55,23305.55,0
2026-03-25 10:15:00+05:30,23306.6,23369.6,23283.35,23366.65,0
2026-03-25 10:45:00+05:30,23366.25,23433.7,23354.35,23432.55,0
2026-03-25 11:15:00+05:30,23432.3,23434.75,23343.5,23361.35,0
2026-03-25 11:45:00+05:30,23361.3,23442.35,23359.4,23440.35,0
2026-03-25 12:15:00+05:30,23439.95,23465.35,23416.55,23447.55,0
2026-03-25 12:45:00+05:30,23447.85,23452.25,23369.7,23392.6,0
2026-03-25 13:15:00+05:30,23392.2,23439.25,23371.55,23432.55,0
2026-03-25 13:45:00+05:30,23432.95,23462.8,23387.45,23390.75,0
2026-03-25 14:15:00+05:30,23390.3,23403.95,23304.5,23357.35,0
2026-03-25 14:45:00+05:30,23357.1,23367.65,23284.1,23300.65,0
2026-03-25 15:15:00+05:30,23302.95,23311.4,23273.95,23309.0,0
2026-03-27 09:15:00+05:30,23173.55,23186.1,23000.85,23053.55,0
2026-03-27 09:45:00+05:30,23053.1,23054.6,22977.25,22980.5,0
2026-03-27 10:15:00+05:30,22980.9,23038.65,22967.3,22989.15,0
2026-03-27 10:45:00+05:30,22988.35,23001.15,22948.1,22990.45,0
2026-03-27 11:15:00+05:30,22990.9,22992.7,22927.3,22950.55,0
2026-03-27 11:45:00+05:30,22950.8,22961.8,22917.2,22934.35,0
2026-03-27 12:15:00+05:30,22932.95,22967.55,22905.6,22964.7,0
2026-03-27 12:45:00+05:30,22965.0,22973.2,22920.0,22943.65,0
2026-03-27 13:15:00+05:30,22943.15,22992.95,22909.3,22930.3,0
2026-03-27 13:45:00+05:30,22931.35,22945.3,22884.5,22911.05,0
2026-03-27 14:15:00+05:30,22911.65,22917.1,22831.35,22852.6,0
2026-03-27 14:45:00+05:30,22854.35,22869.2,22811.2,22814.4,0
2026-03-27 15:15:00+05:30,22814.8,22839.5,22804.55,22839.5,0
2026-03-30 09:15:00+05:30,22549.65,22714.1,22470.15,22659.25,0
2026-03-30 09:45:00+05:30,22659.55,22690.0,22556.6,22596.75,0
2026-03-30 10:15:00+05:30,22595.9,22603.95,22512.25,22514.55,0
2026-03-30 10:45:00+05:30,22513.3,22538.3,22454.0,22478.55,0
2026-03-30 11:15:00+05:30,22479.25,22535.8,22457.35,22486.65,0
2026-03-30 11:45:00+05:30,22485.7,22594.5,22453.0,22567.1,0
2026-03-30 12:15:00+05:30,22566.9,22594.1,22502.85,22557.05,0
2026-03-30 12:45:00+05:30,22557.35,22560.7,22481.45,22499.2,0
2026-03-30 13:15:00+05:30,22498.55,22516.35,22454.85,22462.05,0
2026-03-30 13:45:00+05:30,22461.15,22487.2,22417.95,22420.5,0
2026-03-30 14:15:00+05:30,22420.2,22431.85,22350.65,22366.8,0
2026-03-30 14:45:00+05:30,22365.6,22383.4,22283.85,22335.6,0
2026-03-30 15:15:00+05:30,22335.45,22391.0,22325.15,22379.2,0
2026-04-01 09:15:00+05:30,22899.0,22937.65,22809.0,22854.95,0
2026-04-01 09:45:00+05:30,22851.45,22941.3,22848.5,22868.85,0
2026-04-01 10:15:00+05:30,22867.9,22879.45,22771.65,22807.5,0
2026-04-01 10:45:00+05:30,22808.6,22820.25,22738.25,22763.75,0
2026-04-01 11:15:00+05:30,22763.55,22822.65,22747.7,22799.15,0
2026-04-01 11:45:00+05:30,22797.65,22864.6,22736.6,22859.3,0
2026-04-01 12:15:00+05:30,22857.75,22864.2,22816.55,22834.6,0
2026-04-01 12:45:00+05:30,22834.95,22883.4,22833.85,22883.3,0
2026-04-01 13:15:00+05:30,22883.2,22897.95,22648.35,22675.15,0
2026-04-01 13:45:00+05:30,22674.85,22756.6,22658.7,22753.0,0
2026-04-01 14:15:00+05:30,22754.35,22756.8,22641.3,22662.65,0
2026-04-01 14:45:00+05:30,22660.6,22692.55,22618.6,22671.65,0
2026-04-01 15:15:00+05:30,22671.1,22706.3,22668.6,22703.15,0
2026-04-02 09:15:00+05:30,22383.4,22394.65,22209.15,22264.45,0
2026-04-02 09:45:00+05:30,22264.2,22273.2,22182.55,22234.35,0
2026-04-02 10:15:00+05:30,22234.5,22236.2,22188.95,22221.4,0
2026-04-02 10:45:00+05:30,22221.2,22250.2,22189.45,22227.65,0
2026-04-02 11:15:00+05:30,22225.85,22239.2,22202.75,22223.15,0
2026-04-02 11:45:00+05:30,22224.3,22300.6,22223.1,22267.85,0
2026-04-02 12:15:00+05:30,22266.95,22368.1,22231.25,22363.05,0
2026-04-02 12:45:00+05:30,22363.3,22406.0,22323.55,22369.85,0
2026-04-02 13:15:00+05:30,22368.5,22543.5,22360.3,22535.65,0
2026-04-02 13:45:00+05:30,22537.8,22628.8,22493.8,22627.25,0
2026-04-02 14:15:00+05:30,22625.85,22706.65,22572.85,22584.6,0
2026-04-02 14:45:00+05:30,22584.4,22761.95,22569.15,22760.4,0
2026-04-02 15:15:00+05:30,22761.95,22782.3,22673.6,22700.7,0
2026-04-06 09:15:00+05:30,22780.3,22798.25,22591.7,22620.2,0
2026-04-06 09:45:00+05:30,22620.2,22656.8,22561.9,22654.85,0
2026-04-06 10:15:00+05:30,22659.8,22679.7,22591.3,22653.5,0
2026-04-06 10:45:00+05:30,22653.95,22669.2,22542.95,22567.8,0
2026-04-06 11:15:00+05:30,22567.45,22650.6,22558.65,22644.4,0
2026-04-06 11:45:00+05:30,22644.3,22707.8,22634.55,22659.6,0
2026-04-06 12:15:00+05:30,22660.35,22731.1,22644.45,22675.65,0
2026-04-06 12:45:00+05:30,22676.2,22865.25,22675.45,22860.7,0
2026-04-06 13:15:00+05:30,22861.3,22900.55,22843.5,22850.9,0
2026-04-06 13:45:00+05:30,22852.7,22913.4,22843.4,22911.4,0
2026-04-06 14:15:00+05:30,22911.65,22940.7,22881.4,22913.8,0
2026-04-06 14:45:00+05:30,22914.3,22998.35,22886.3,22989.35,0
2026-04-06 15:15:00+05:30,22990.3,22991.2,22954.2,22959.45,0
2026-04-07 09:15:00+05:30,22838.7,22901.05,22719.3,22801.8,0
2026-04-07 09:45:00+05:30,22803.25,22928.7,22803.25,22920.0,0
2026-04-07 10:15:00+05:30,22921.8,22966.6,22887.6,22958.85,0
2026-04-07 10:45:00+05:30,22960.3,22960.95,22827.75,22862.5,0
2026-04-07 11:15:00+05:30,22866.05,22960.25,22852.15,22921.25,0
2026-04-07 11:45:00+05:30,22922.4,22991.7,22903.8,22942.55,0
2026-04-07 12:15:00+05:30,22939.95,22951.9,22905.7,22946.05,0
2026-04-07 12:45:00+05:30,22947.2,22956.05,22906.15,22938.85,0
2026-04-07 13:15:00+05:30,22941.65,23062.4,22933.75,23056.05,0
2026-04-07 13:45:00+05:30,23057.5,23063.55,22960.05,23011.95,0
2026-04-07 14:15:00+05:30,23014.55,23049.95,22982.15,23028.6,0
2026-04-07 14:45:00+05:30,23031.4,23134.8,23020.7,23109.25,0
2026-04-07 15:15:00+05:30,23109.4,23153.85,23106.1,23129.95,0
2026-04-08 09:15:00+05:30,23855.15,23938.85,23828.5,23920.15,0
2026-04-08 09:45:00+05:30,23922.2,23961.25,23878.6,23880.45,0
2026-04-08 10:15:00+05:30,23881.65,23952.95,23869.1,23950.95,0
2026-04-08 10:45:00+05:30,23951.65,24004.65,23925.15,23991.6,0
2026-04-08 11:15:00+05:30,23992.7,24014.0,23947.1,23980.55,0
2026-04-08 11:45:00+05:30,23981.55,23998.6,23920.15,23963.2,0
2026-04-08 12:15:00+05:30,23963.45,23973.95,23902.25,23946.35,0
2026-04-08 12:45:00+05:30,23946.7,23988.6,23932.35,23974.3,0
2026-04-08 13:15:00+05:30,23975.1,24025.15,23965.2,23975.4,0
2026-04-08 13:45:00+05:30,23974.85,23990.05,23944.0,23948.15,0
2026-04-08 14:15:00+05:30,23950.6,24006.15,23946.75,23999.0,0
2026-04-08 14:45:00+05:30,24001.85,24017.6,23955.75,23994.25,0
2026-04-08 15:15:00+05:30,23998.1,24018.25,23985.3,24012.35,0
2026-04-09 09:15:00+05:30,23909.05,23990.75,23815.15,23861.15,0
2026-04-09 09:45:00+05:30,23863.9,23883.05,23759.45,23839.0,0
2026-04-09 10:15:00+05:30,23839.05,23872.2,23803.65,23807.9,0
2026-04-09 10:45:00+05:30,23807.95,23869.5,23807.95,23855.75,0
2026-04-09 11:15:00+05:30,23855.6,23875.5,23814.2,23864.8,0
2026-04-09 11:45:00+05:30,23864.8,23907.3,23849.4,23881.25,0
2026-04-09 12:15:00+05:30,23881.05,23886.9,23845.1,23852.3,0
2026-04-09 12:45:00+05:30,23853.3,23855.25,23801.6,23815.4,0
2026-04-09 13:15:00+05:30,23815.85,23817.3,23755.6,23760.15,0
2026-04-09 13:45:00+05:30,23759.85,23800.0,23740.15,23753.2,0
2026-04-09 14:15:00+05:30,23753.45,23760.95,23682.8,23729.75,0
2026-04-09 14:45:00+05:30,23728.8,23806.8,23720.5,23793.35,0
2026-04-09 15:15:00+05:30,23792.95,23794.35,23758.95,23766.05,0
2026-04-10 09:15:00+05:30,23880.55,23978.7,23856.35,23948.6,0
2026-04-10 09:45:00+05:30,23949.3,24002.85,23916.3,23994.95,0
2026-04-10 10:15:00+05:30,23996.9,24036.2,23996.9,24003.75,0
2026-04-10 10:45:00+05:30,24003.65,24021.35,23972.3,24012.05,0
2026-04-10 11:15:00+05:30,24011.35,24015.35,23970.05,23980.95,0
2026-04-10 11:45:00+05:30,23979.7,24019.55,23953.8,24009.1,0
2026-04-10 12:15:00+05:30,24007.9,24032.6,23991.15,24004.3,0
2026-04-10 12:45:00+05:30,24003.65,24021.75,23986.15,24003.15,0
2026-04-10 13:15:00+05:30,24003.4,24025.7,23996.0,24020.7,0
2026-04-10 13:45:00+05:30,24020.15,24048.2,23998.45,24020.4,0
2026-04-10 14:15:00+05:30,24020.45,24021.8,23938.6,23982.9,0
2026-04-10 14:45:00+05:30,23981.85,24074.05,23956.75,24058.1,0
2026-04-10 15:15:00+05:30,24057.2,24063.45,24045.9,24050.5,0
2026-04-13 09:15:00+05:30,23589.6,23699.7,23555.6,23633.5,0
2026-04-13 09:45:00+05:30,23634.3,23682.65,23612.45,23660.05,0
2026-04-13 10:15:00+05:30,23655.5,23738.55,23634.05,23723.55,0
2026-04-13 10:45:00+05:30,23723.2,23757.95,23721.85,23743.7,0
2026-04-13 11:15:00+05:30,23743.75,23772.3,23729.4,23756.15,0
2026-04-13 11:45:00+05:30,23756.75,23816.2,23754.6,23814.6,0
2026-04-13 12:15:00+05:30,23814.7,23847.75,23796.0,23841.35,0
2026-04-13 12:45:00+05:30,23842.15,23845.7,23771.75,23820.65,0
2026-04-13 13:15:00+05:30,23821.25,23856.8,23805.25,23835.45,0
2026-04-13 13:45:00+05:30,23835.85,23907.4,23831.9,23854.5,0
2026-04-13 14:15:00+05:30,23854.75,23897.45,23834.6,23866.35,0
2026-04-13 14:45:00+05:30,23866.05,23897.4,23822.25,23845.4,0
2026-04-13 15:15:00+05:30,23843.65,23847.0,23814.65,23818.9,0
2026-04-15 09:15:00+05:30,24163.8,24280.9,24145.8,24207.35,0
2026-04-15 09:45:00+05:30,24207.05,24253.35,24186.7,24241.65,0
2026-04-15 10:15:00+05:30,24241.55,24273.15,24235.45,24243.1,0
2026-04-15 10:45:00+05:30,24242.5,24255.75,24177.6,24184.25,0
2026-04-15 11:15:00+05:30,24184.5,24211.05,24174.5,24210.35,0
2026-04-15 11:45:00+05:30,24210.6,24234.95,24202.15,24226.85,0
2026-04-15 12:15:00+05:30,24227.0,24236.65,24200.4,24228.05,0
2026-04-15 12:45:00+05:30,24228.75,24234.85,24200.2,24220.55,0
2026-04-15 13:15:00+05:30,24220.65,24238.55,24187.75,24215.75,0
2026-04-15 13:45:00+05:30,24215.9,24238.1,24194.35,24226.6,0
2026-04-15 14:15:00+05:30,24227.05,24242.25,24214.4,24233.15,0
2026-04-15 14:45:00+05:30,24233.0,24265.75,24223.95,24227.85,0
2026-04-15 15:15:00+05:30,24228.7,24230.35,24206.5,24211.9,0
2026-04-16 09:15:00+05:30,24385.2,24400.95,24299.05,24301.95,0
2026-04-16 09:45:00+05:30,24302.75,24337.05,24264.4,24307.6,0
2026-04-16 10:15:00+05:30,24306.15,24328.8,24292.45,24307.65,0
2026-04-16 10:45:00+05:30,24307.45,24333.2,24302.15,24313.9,0
2026-04-16 11:15:00+05:30,24313.2,24328.95,24252.9,24254.7,0
2026-04-16 11:45:00+05:30,24254.3,24254.3,24153.05,24184.8,0
2026-04-16 12:15:00+05:30,24182.95,24189.7,24131.8,24139.05,0
2026-04-16 12:45:00+05:30,24140.8,24160.2,24107.45,24122.3,0
2026-04-16 13:15:00+05:30,24122.6,24142.45,24102.8,24137.75,0
2026-04-16 13:45:00+05:30,24137.85,24190.5,24132.45,24166.7,0
2026-04-16 14:15:00+05:30,24166.7,24234.55,24153.75,24219.65,0
2026-04-16 14:45:00+05:30,24219.5,24245.0,24163.45,24183.9,0
2026-04-16 15:15:00+05:30,24184.25,24203.25,24177.8,24188.4,0
2026-04-17 09:15:00+05:30,24165.9,24235.6,24096.05,24191.35,0
2026-04-17 09:45:00+05:30,24192.75,24279.85,24190.0,24272.95,0
2026-04-17 10:15:00+05:30,24273.45,24304.55,24244.05,24260.4,0
2026-04-17 10:45:00+05:30,24260.45,24275.15,24237.75,24265.1,0
2026-04-17 11:15:00+05:30,24264.65,24302.6,24264.65,24294.9,0
2026-04-17 11:45:00+05:30,24295.6,24323.1,24253.15,24285.6,0
2026-04-17 12:15:00+05:30,24286.2,24293.7,24260.25,24267.0,0
2026-04-17 12:45:00+05:30,24267.15,24292.95,24259.9,24285.05,0
2026-04-17 13:15:00+05:30,24284.3,24312.8,24265.4,24301.9,0
2026-04-17 13:45:00+05:30,24301.6,24317.75,24294.05,24306.85,0
2026-04-17 14:15:00+05:30,24307.5,24343.4,24304.75,24340.45,0
2026-04-17 14:45:00+05:30,24339.85,24358.25,24320.1,24354.55,0
2026-04-17 15:15:00+05:30,24353.65,24371.9,24348.1,24366.9,0
2026-04-20 09:15:00+05:30,24391.5,24420.2,24241.25,24302.75,0
2026-04-20 09:45:00+05:30,24301.85,24388.3,24281.2,24379.6,0
2026-04-20 10:15:00+05:30,24379.95,24448.5,24370.5,24439.05,0
2026-04-20 10:45:00+05:30,24439.35,24440.1,24395.9,24407.65,0
2026-04-20 11:15:00+05:30,24408.45,24471.15,24407.2,24462.75,0
2026-04-20 11:45:00+05:30,24462.4,24473.25,24421.75,24433.2,0
2026-04-20 12:15:00+05:30,24433.2,24470.5,24426.0,24462.35,0
2026-04-20 12:45:00+05:30,24462.1,24480.65,24394.35,24414.3,0
2026-04-20 13:15:00+05:30,24414.05,24424.6,24359.2,24396.35,0
2026-04-20 13:45:00+05:30,24395.6,24397.8,24369.9,24393.75,0
2026-04-20 14:15:00+05:30,24393.95,24438.0,24388.1,24401.25,0
2026-04-20 14:45:00+05:30,24402.35,24424.6,24371.95,24381.8,0
2026-04-20 15:15:00+05:30,24382.25,24383.2,24318.0,24330.9,0
2026-04-21 09:15:00+05:30,24374.55,24486.0,24354.9,24466.6,0
2026-04-21 09:45:00+05:30,24465.95,24524.85,24465.95,24513.45,0
2026-04-21 10:15:00+05:30,24513.4,24535.15,24487.5,24528.05,0
2026-04-21 10:45:00+05:30,24527.85,24565.1,24517.65,24556.45,0
2026-04-21 11:15:00+05:30,24555.1,24557.1,24513.65,24528.0,0
2026-04-21 11:45:00+05:30,24527.85,24569.15,24521.8,24559.0,0
2026-04-21 12:15:00+05:30,24558.2,24571.25,24545.6,24552.55,0
2026-04-21 12:45:00+05:30,24552.4,24553.9,24525.35,24540.7,0
2026-04-21 13:15:00+05:30,24540.7,24569.8,24523.5,24533.5,0
2026-04-21 13:45:00+05:30,24532.85,24563.8,24522.6,24537.2,0
2026-04-21 14:15:00+05:30,24537.85,24584.65,24526.05,24535.45,0
2026-04-21 14:45:00+05:30,24538.05,24600.45,24534.9,24573.9,0
2026-04-21 15:15:00+05:30,24573.7,24601.7,24567.4,24580.6,0
2026-04-22 09:15:00+05:30,24470.85,24515.95,24420.5,24424.4,0
2026-04-22 09:45:00+05:30,24424.8,24433.55,24352.9,24373.15,0
2026-04-22 10:15:00+05:30,24372.9,24418.2,24353.7,24416.35,0
2026-04-22 10:45:00+05:30,24416.25,24447.8,24409.05,24428.15,0
2026-04-22 11:15:00+05:30,24427.95,24449.7,24417.05,24417.2,0
2026-04-22 11:45:00+05:30,24416.8,24436.35,24390.55,24419.15,0
2026-04-22 12:15:00+05:30,24418.65,24422.75,24395.5,24418.45,0
2026-04-22 12:45:00+05:30,24419.2,24437.7,24403.55,24431.25,0
2026-04-22 13:15:00+05:30,24429.75,24433.55,24385.45,24431.9,0
2026-04-22 13:45:00+05:30,24431.5,24458.25,24405.9,24415.0,0
2026-04-22 14:15:00+05:30,24416.45,24430.0,24390.7,24413.15,0
2026-04-22 14:45:00+05:30,24412.75,24430.25,24374.15,24382.4,0
2026-04-22 15:15:00+05:30,24382.05,24392.65,24356.7,24367.65,0
2026-04-23 09:15:00+05:30,24202.35,24256.9,24134.8,24242.65,0
2026-04-23 09:45:00+05:30,24244.7,24310.2,24233.6,24275.35,0
2026-04-23 10:15:00+05:30,24276.8,24291.65,24217.65,24220.0,0
2026-04-23 10:45:00+05:30,24221.3,24225.65,24185.2,24191.85,0
2026-04-23 11:15:00+05:30,24193.2,24210.35,24177.65,24178.15,0
2026-04-23 11:45:00+05:30,24179.0,24225.9,24172.85,24222.5,0
2026-04-23 12:15:00+05:30,24222.95,24231.5,24167.1,24201.65,0
2026-04-23 12:45:00+05:30,24202.6,24218.5,24186.5,24216.2,0
2026-04-23 13:15:00+05:30,24217.25,24281.1,24204.3,24213.7,0
2026-04-23 13:45:00+05:30,24214.95,24252.75,24207.65,24209.2,0
2026-04-23 14:15:00+05:30,24209.1,24221.4,24160.65,24162.6,0
2026-04-23 14:45:00+05:30,24163.75,24216.7,24157.95,24160.0,0
2026-04-23 15:15:00+05:30,24161.3,24175.1,24149.8,24156.05,0
2026-04-24 09:15:00+05:30,24100.55,24206.0,23983.75,23984.25,0
2026-04-24 09:45:00+05:30,23985.4,24003.35,23944.1,23992.85,0
2026-04-24 10:15:00+05:30,23992.25,23992.25,23932.25,23933.65,0
2026-04-24 10:45:00+05:30,23933.4,23944.85,23909.55,23916.2,0
2026-04-24 11:15:00+05:30,23915.1,23949.3,23903.25,23927.05,0
2026-04-24 11:45:00+05:30,23926.3,23933.05,23893.4,23930.65,0
2026-04-24 12:15:00+05:30,23930.8,23936.5,23878.8,23882.1,0
2026-04-24 12:45:00+05:30,23881.1,23919.05,23851.15,23865.5,0
2026-04-24 13:15:00+05:30,23865.6,23880.05,23826.2,23830.4,0
2026-04-24 13:45:00+05:30,23829.6,23858.55,23813.65,23841.65,0
2026-04-24 14:15:00+05:30,23841.45,23926.9,23840.15,23926.0,0
2026-04-24 14:45:00+05:30,23925.45,23930.5,23863.3,23895.45,0
2026-04-24 15:15:00+05:30,23895.25,23924.2,23894.5,23903.95,0
2026-04-27 09:15:00+05:30,23945.45,24067.5,23936.2,24045.4,0
2026-04-27 09:45:00+05:30,24043.9,24107.6,24043.45,24063.3,0
2026-04-27 10:15:00+05:30,24063.9,24103.15,24013.0,24043.45,0
2026-04-27 10:45:00+05:30,24041.6,24088.95,24025.75,24056.9,0
2026-04-27 11:15:00+05:30,24055.45,24077.5,23974.4,23998.65,0
2026-04-27 11:45:00+05:30,23998.45,24045.15,23984.3,24040.5,0
2026-04-27 12:15:00+05:30,24039.85,24092.85,24031.2,24075.7,0
2026-04-27 12:45:00+05:30,24074.75,24100.0,24065.45,24099.75,0
2026-04-27 13:15:00+05:30,24100.2,24127.2,24093.3,24116.25,0
2026-04-27 13:45:00+05:30,24114.75,24129.55,24102.45,24122.2,0
2026-04-27 14:15:00+05:30,24122.1,24124.0,24078.9,24110.65,0
2026-04-27 14:45:00+05:30,24110.05,24130.7,24088.95,24094.3,0
2026-04-27 15:15:00+05:30,24095.15,24112.75,24077.85,24110.2,0
